pedido_id,data_pedido,produto,categoria,uf,canal,quantidade,preco_unitario,desconto_pct,valor_total,cliente_recorrente,avaliacao
PED-100000,27/08/2025,Webcam HD,Áudio,MG,Loja Física,2,"R$ 269,46","4,8%","R$ 595,34",sim,3.0
PED-100001,04/02/2025,Notebook Pro,Computadores,RS,E-commerce,2,"R$ 7.173,77","4,6%","R$ 18.356,44",nao,4.0
PED-100002,13/03/2025,"Monitor 27""",Periféricos,PE,Marketplace,1,"R$ 1.420,68","8,2%","R$ 1.900,03",nao,2.0
PED-100003,28/07/2025,Notebook Pro,Computadores,SP,Loja Física,4,"R$ 7.546,30","14,9%","R$ 33.100,57",sim,3.0
PED-100004,05/01/2025,"Monitor 27""",Periféricos,SP,Televendas,1,"R$ 1.471,70","8,8%","R$ 1.600,68",sim,3.0
PED-100005,11/05/2025,"Monitor 27""",Periféricos,BA,Loja Física,3,"R$ 1.374,55","6,2%","R$ 5.785,55",sim,1.0
PED-100006,17/06/2025,Cadeira Ergo,Mobiliário,MG,E-commerce,1,"R$ 1.798,63","11,9%","R$ 2.236,34",nao,3.0
PED-100007,24/05/2024,"Monitor 27""",Periféricos,SP,Loja Física,1,"R$ 1.506,70","0,0%","R$ 1.908,57",nao,2.0
PED-100008,05/02/2024,Notebook Pro,Computadores,RS,Televendas,2,"R$ 6.344,35","14,6%","R$ 12.227,53",sim,1.0
PED-100009,11/07/2024,Mouse Sem Fio,Periféricos,SP,E-commerce,2,"R$ 198,50","9,5%","R$ 393,85",nao,2.0
PED-100010,01/07/2024,Teclado Mecânico,Periféricos,RS,Marketplace,2,"R$ 430,66","0,4%","R$ 940,65",sim,2.0
PED-100011,13/07/2025,Teclado Mecânico,Periféricos,SP,E-commerce,1,"R$ 428,83","4,7%","R$ 526,22",nao,1.0
PED-100012,07/08/2025,Headset,Áudio,RJ,Loja Física,1,"R$ 343,17","5,6%","R$ 375,90",sim,5.0
PED-100013,04/01/2024,Mouse Sem Fio,Periféricos,SP,Marketplace,1,"R$ 168,77","4,2%","R$ 161,69",sim,2.0
PED-100014,15/11/2024,"Monitor 27""",Periféricos,SP,E-commerce,6,"R$ 1.576,72","7,9%","R$ 8.181,19",nao,4.0
PED-100015,09/06/2025,Mouse Sem Fio,Periféricos,SP,Televendas,1,"R$ 165,11","6,3%","R$ 218,48",nao,3.0
PED-100016,25/03/2024,Cadeira Ergo,Mobiliário,RJ,Marketplace,2,"R$ 1.859,05","4,3%","R$ 4.371,39",sim,1.0
PED-100017,25/05/2025,Mesa Ajustável,Mobiliário,PR,Marketplace,3,"R$ 2.254,43","1,1%","R$ 10.004,08",sim,3.0
PED-100018,17/03/2024,Mouse Sem Fio,Periféricos,RJ,Loja Física,4,"R$ 191,26","16,6%","R$ 783,46",nao,5.0
PED-100019,26/10/2024,Mouse Sem Fio,Periféricos,SC,E-commerce,1,"R$ 201,60","5,1%","R$ 170,63",nao,4.0
PED-100020,06/06/2025,Headset,Áudio,MG,Televendas,3,"R$ 325,10","0,0%","R$ 1.377,05",sim,2.0
PED-100021,12/07/2024,Mesa Ajustável,Mobiliário,RJ,Marketplace,1,"R$ 2.398,18","11,0%","R$ 2.340,14",nao,4.0
PED-100022,06/08/2024,"Monitor 27""",Periféricos,PR,E-commerce,2,"R$ 1.424,23","8,4%","R$ 1.497,91",nao,4.0
PED-100023,27/06/2024,Cadeira Ergo,Mobiliário,GO,Loja Física,4,"R$ 2.008,80","7,5%","R$ 8.906,82",sim,2.0
PED-100024,05/04/2025,Teclado Mecânico,Periféricos,SP,Televendas,5,"R$ 399,79","5,2%","R$ 2.866,37",sim,1.0
PED-100025,12/06/2024,Notebook Pro,Computadores,GO,E-commerce,2,"R$ 7.273,91","11,5%","R$ 15.441,72",nao,2.0
PED-100026,25/09/2025,Webcam HD,Áudio,BA,Marketplace,3,"R$ 280,98","8,4%","R$ 825,27",nao,3.0
PED-100027,11/10/2024,Webcam HD,Áudio,SP,Televendas,2,"R$ 317,35","3,3%","R$ 547,42",nao,
PED-100028,02/11/2024,Mesa Ajustável,Mobiliário,PE,E-commerce,5,"R$ 2.565,16","1,5%","R$ 11.857,73",sim,1.0
PED-100029,18/11/2024,Headset,Áudio,SP,Televendas,2,"R$ 349,95","12,3%","R$ 576,47",nao,1.0
PED-100030,07/01/2025,"Monitor 27""",Periféricos,SP,E-commerce,1,"R$ 1.561,54","6,7%","R$ 1.736,74",nao,5.0
PED-100031,20/12/2024,Headset,Áudio,GO,Televendas,1,"R$ 325,98","10,5%","R$ 305,46",sim,3.0
PED-100032,22/11/2024,Cadeira Ergo,Mobiliário,MG,Marketplace,2,"R$ 1.819,13","4,1%","R$ 3.277,45",sim,1.0
PED-100033,29/09/2025,Mesa Ajustável,Mobiliário,MG,Marketplace,2,"R$ 2.361,72","3,5%","R$ 4.868,66",sim,5.0
PED-100034,31/05/2025,"Monitor 27""",Periféricos,SP,Televendas,2,"R$ 1.308,64","0,9%","R$ 3.877,35",sim,
PED-100035,22/05/2025,Mouse Sem Fio,Periféricos,SP,Marketplace,1,"R$ 180,68","4,9%","R$ 256,95",sim,2.0
PED-100036,24/03/2025,Mouse Sem Fio,Periféricos,PR,Televendas,4,"R$ 168,92","2,3%","R$ 961,62",sim,3.0
PED-100037,02/02/2025,Mesa Ajustável,Mobiliário,PE,E-commerce,4,"R$ 2.241,31","6,6%","R$ 11.225,91",sim,3.0
PED-100038,06/08/2024,Mesa Ajustável,Mobiliário,SP,Televendas,2,"R$ 2.454,87","9,7%","R$ 2.546,08",nao,2.0
PED-100039,24/09/2025,Headset,Áudio,SC,Loja Física,1,"R$ 343,12","10,1%","R$ 329,64",sim,4.0
PED-100040,25/10/2024,Headset,Áudio,RS,Televendas,1,"R$ 370,16","19,4%","R$ 266,25",sim,5.0
PED-100041,17/05/2024,Cadeira Ergo,Mobiliário,SP,Loja Física,1,"R$ 1.807,43","5,1%","R$ 2.173,56",sim,4.0
PED-100042,24/06/2025,"Monitor 27""",Periféricos,SP,Loja Física,1,"R$ 1.438,68","0,0%","R$ 2.031,30",sim,2.0
PED-100043,12/04/2024,Mouse Sem Fio,Periféricos,BA,Loja Física,1,"R$ 200,37","2,0%","R$ 251,19",sim,1.0
PED-100044,02/07/2025,Mesa Ajustável,Mobiliário,BA,Loja Física,1,"R$ 2.572,63","18,5%","R$ 2.700,29",sim,3.0
PED-100045,27/01/2025,Headset,Áudio,CE,E-commerce,3,"R$ 368,90","8,4%","R$ 1.209,01",sim,3.0
PED-100046,14/03/2024,Cadeira Ergo,Mobiliário,RJ,Marketplace,2,"R$ 2.034,66","6,1%","R$ 4.693,48",nao,3.0
PED-100047,29/01/2024,Webcam HD,Áudio,PR,Loja Física,1,"R$ 272,82","0,0%","R$ 272,78",nao,4.0
PED-100048,11/10/2024,Notebook Pro,Computadores,CE,Televendas,1,"R$ 7.065,25","13,9%","R$ 5.426,27",nao,3.0
PED-100049,23/01/2024,Cadeira Ergo,Mobiliário,SP,Televendas,3,"R$ 1.863,49","2,7%","R$ 5.440,51",sim,3.0
PED-100050,31/03/2024,Cadeira Ergo,Mobiliário,RJ,E-commerce,1,"R$ 2.016,43","8,0%","R$ 2.279,88",sim,2.0
PED-100051,25/11/2024,Cadeira Ergo,Mobiliário,PE,E-commerce,2,"R$ 1.985,43","11,2%","R$ 3.309,79",sim,1.0
PED-100052,12/09/2025,"Monitor 27""",Periféricos,SP,Loja Física,3,"R$ 1.410,66","5,4%","R$ 4.276,18",sim,4.0
PED-100053,25/10/2024,Teclado Mecânico,Periféricos,PE,E-commerce,5,"R$ 448,37","6,9%","R$ 1.862,19",sim,1.0
PED-100054,01/06/2025,Notebook Pro,Computadores,SP,E-commerce,1,"R$ 6.878,39","8,9%","R$ 8.849,77",sim,5.0
PED-100055,09/08/2025,Teclado Mecânico,Periféricos,SP,E-commerce,1,"R$ 425,84","8,5%","R$ 452,38",sim,1.0
PED-100056,11/06/2025,Notebook Pro,Computadores,GO,E-commerce,3,"R$ 6.726,61","7,3%","R$ 26.402,48",sim,3.0
PED-100057,06/02/2025,Cadeira Ergo,Mobiliário,PR,Loja Física,1,"R$ 2.035,45","7,9%","R$ 2.513,07",nao,
PED-100058,09/10/2024,Headset,Áudio,SC,Marketplace,1,"R$ 336,52","10,3%","R$ 269,32",nao,4.0
PED-100059,25/11/2024,Webcam HD,Áudio,GO,Televendas,2,"R$ 285,13","6,5%","R$ 500,42",sim,
PED-100060,19/06/2024,"Monitor 27""",Periféricos,RJ,Televendas,4,"R$ 1.497,59","7,1%","R$ 6.668,17",sim,2.0
PED-100061,13/11/2024,Mesa Ajustável,Mobiliário,SC,Televendas,1,"R$ 2.365,44","2,1%","R$ 2.173,56",sim,3.0
PED-100062,30/08/2024,"Monitor 27""",Periféricos,RJ,Loja Física,1,"R$ 1.528,21","13,8%","R$ 756,48",sim,4.0
PED-100063,07/06/2024,Webcam HD,Áudio,SC,Marketplace,5,"R$ 306,84","11,1%","R$ 1.635,82",sim,2.0
PED-100064,27/09/2025,Teclado Mecânico,Periféricos,RJ,E-commerce,2,"R$ 393,17","5,7%","R$ 792,19",sim,4.0
PED-100065,08/01/2024,Webcam HD,Áudio,SP,Loja Física,2,"R$ 269,15","8,9%","R$ 490,57",nao,5.0
PED-100066,03/03/2024,Notebook Pro,Computadores,RJ,Marketplace,2,"R$ 6.638,91","12,3%","R$ 14.311,29",nao,1.0
PED-100067,03/05/2024,"Monitor 27""",Periféricos,PE,Marketplace,1,"R$ 1.520,81","6,6%","R$ 1.798,47",nao,4.0
PED-100068,12/09/2025,Webcam HD,Áudio,RS,Loja Física,1,"R$ 305,77","2,7%","R$ 317,86",sim,1.0
PED-100069,18/03/2025,Mouse Sem Fio,Periféricos,RS,Marketplace,4,"R$ 187,99","6,8%","R$ 1.021,24",nao,1.0
PED-100070,18/07/2025,Mouse Sem Fio,Periféricos,PR,Loja Física,5,"R$ 175,06","2,6%","R$ 1.098,47",sim,
PED-100071,08/05/2024,Cadeira Ergo,Mobiliário,RJ,Loja Física,2,"R$ 1.812,30","10,7%","R$ 4.099,48",sim,5.0
PED-100072,06/04/2025,Mesa Ajustável,Mobiliário,MG,Marketplace,1,"R$ 2.454,34","0,0%","R$ 3.712,93",nao,3.0
PED-100073,24/08/2024,Notebook Pro,Computadores,SC,E-commerce,4,"R$ 6.805,06","5,2%","R$ 14.812,26",sim,1.0
PED-100074,08/11/2024,Mesa Ajustável,Mobiliário,SP,Marketplace,5,"R$ 2.570,46","13,1%","R$ 10.487,80",sim,3.0
PED-100075,03/01/2024,Webcam HD,Áudio,RS,Televendas,1,"R$ 293,12","9,5%","R$ 265,24",nao,3.0
PED-100076,30/01/2025,Webcam HD,Áudio,CE,Marketplace,4,"R$ 290,08","0,0%","R$ 1.383,10",sim,3.0
PED-100077,15/06/2025,Mouse Sem Fio,Periféricos,RS,E-commerce,1,"R$ 198,01","17,4%","R$ 231,05",sim,1.0
PED-100078,28/02/2025,Mesa Ajustável,Mobiliário,SP,Loja Física,3,"R$ 2.296,44","5,0%","R$ 8.772,34",sim,3.0
PED-100079,08/04/2024,Mouse Sem Fio,Periféricos,SP,Televendas,3,"R$ 179,23","9,9%","R$ 619,32",nao,4.0
PED-100080,07/12/2024,Notebook Pro,Computadores,RS,Televendas,4,"R$ 6.776,22","8,1%","R$ 26.075,41",nao,1.0
PED-100081,20/06/2024,Webcam HD,Áudio,SP,E-commerce,3,"R$ 298,01","8,8%","R$ 977,75",nao,3.0
PED-100082,09/09/2025,"Monitor 27""",Periféricos,MG,Televendas,2,"R$ 1.482,70","12,4%","R$ 2.776,17",nao,1.0
PED-100083,17/07/2025,Mouse Sem Fio,Periféricos,RS,Televendas,5,"R$ 170,45","18,5%","R$ 894,64",sim,3.0
PED-100084,29/04/2024,Cadeira Ergo,Mobiliário,SC,Marketplace,2,"R$ 1.854,54","17,6%","R$ 3.908,41",sim,1.0
PED-100085,22/11/2024,Cadeira Ergo,Mobiliário,PR,Televendas,2,"R$ 1.655,90","10,1%","R$ 2.794,60",sim,4.0
PED-100086,24/08/2025,"Monitor 27""",Periféricos,MG,Loja Física,2,"R$ 1.654,36","10,2%","R$ 3.449,07",sim,3.0
PED-100087,26/06/2025,Teclado Mecânico,Periféricos,MG,E-commerce,6,"R$ 404,65","9,7%","R$ 3.095,73",sim,3.0
PED-100088,29/03/2025,Mesa Ajustável,Mobiliário,RJ,Loja Física,1,"R$ 2.328,05","5,4%","R$ 3.209,20",nao,1.0
PED-100089,13/02/2025,Mesa Ajustável,Mobiliário,RS,Marketplace,1,"R$ 2.486,62","2,6%","R$ 3.248,25",sim,3.0
PED-100090,27/01/2024,Teclado Mecânico,Periféricos,CE,E-commerce,3,"R$ 386,24","8,6%","R$ 1.059,30",sim,2.0
PED-100091,19/04/2025,"Monitor 27""",Periféricos,RJ,Loja Física,4,"R$ 1.551,10","6,5%","R$ 8.775,15",sim,1.0
PED-100092,30/10/2024,Mouse Sem Fio,Periféricos,SP,Loja Física,2,"R$ 178,27","15,7%","R$ 268,35",sim,5.0
PED-100093,28/02/2024,Headset,Áudio,RS,Loja Física,2,"R$ 358,02","9,5%","R$ 731,14",sim,3.0
PED-100094,05/06/2024,Mouse Sem Fio,Periféricos,RJ,Marketplace,4,"R$ 147,69","13,0%","R$ 616,10",sim,5.0
PED-100095,12/12/2024,Cadeira Ergo,Mobiliário,RJ,Loja Física,1,"R$ 1.894,76","12,7%","R$ 1.731,51",sim,5.0
PED-100096,10/04/2025,Webcam HD,Áudio,SP,Televendas,2,"R$ 266,80","9,8%","R$ 728,06",nao,3.0
PED-100097,20/11/2024,Cadeira Ergo,Mobiliário,PR,Loja Física,1,"R$ 1.853,89","0,1%","R$ 1.738,21",nao,5.0
PED-100098,27/01/2025,Teclado Mecânico,Periféricos,SP,E-commerce,2,"R$ 435,37","11,2%","R$ 921,72",sim,5.0
PED-100099,11/07/2025,Teclado Mecânico,Periféricos,MG,E-commerce,2,"R$ 390,68","13,0%","R$ 875,43",sim,1.0
PED-100100,15/03/2025,Teclado Mecânico,Periféricos,CE,Loja Física,1,"R$ 430,25","8,5%","R$ 573,38",sim,3.0
PED-100101,19/08/2024,"Monitor 27""",Periféricos,MG,E-commerce,3,"R$ 1.453,04","5,9%","R$ 2.353,36",sim,3.0
PED-100102,15/02/2025,Mesa Ajustável,Mobiliário,SP,E-commerce,5,"R$ 2.182,87","9,2%","R$ 13.289,08",nao,3.0
PED-100103,17/01/2025,Notebook Pro,Computadores,SP,Loja Física,1,"R$ 7.128,86","3,8%","R$ 8.177,08",sim,1.0
PED-100104,10/03/2024,Headset,Áudio,PR,E-commerce,1,"R$ 354,58","10,8%","R$ 388,52",sim,3.0
PED-100105,07/02/2024,Mesa Ajustável,Mobiliário,SP,E-commerce,2,"R$ 2.605,42","15,4%","R$ 4.973,10",sim,4.0
PED-100106,26/02/2025,Mesa Ajustável,Mobiliário,RJ,Marketplace,2,"R$ 2.621,56","11,3%","R$ 6.236,36",nao,4.0
PED-100107,05/09/2024,Mouse Sem Fio,Periféricos,PR,Marketplace,6,"R$ 178,61","12,5%","R$ 856,59",sim,2.0
PED-100108,17/01/2025,Mesa Ajustável,Mobiliário,SP,Loja Física,1,"R$ 2.472,25","2,1%","R$ 2.885,58",nao,4.0
PED-100109,25/07/2024,Headset,Áudio,RJ,Loja Física,4,"R$ 354,75","3,5%","R$ 1.500,44",sim,4.0
PED-100110,24/05/2024,Teclado Mecânico,Periféricos,SP,Televendas,1,"R$ 392,49","4,7%","R$ 473,80",sim,2.0
PED-100111,06/04/2024,Cadeira Ergo,Mobiliário,CE,Televendas,1,"R$ 1.951,75","8,3%","R$ 2.288,34",sim,5.0
PED-100112,01/09/2024,"Monitor 27""",Periféricos,SP,Loja Física,1,"R$ 1.420,36","11,4%","R$ 1.149,71",sim,3.0
PED-100113,06/06/2025,"Monitor 27""",Periféricos,SP,Loja Física,1,"R$ 1.348,80","9,9%","R$ 1.715,86",nao,2.0
PED-100114,13/09/2024,Headset,Áudio,RJ,E-commerce,2,"R$ 329,98","12,8%","R$ 525,75",sim,5.0
PED-100115,30/08/2024,Webcam HD,Áudio,PR,Loja Física,4,"R$ 279,83","17,9%","R$ 527,17",sim,5.0
PED-100116,03/01/2025,Teclado Mecânico,Periféricos,SC,Televendas,1,"R$ 386,20","8,8%","R$ 419,85",sim,2.0
PED-100117,18/09/2025,"Monitor 27""",Periféricos,SP,Televendas,1,"R$ 1.461,42","9,9%","R$ 1.406,96",sim,5.0
PED-100118,08/09/2024,Teclado Mecânico,Periféricos,RS,Loja Física,2,"R$ 409,28","2,9%","R$ 725,89",sim,2.0
PED-100119,12/01/2025,Cadeira Ergo,Mobiliário,RJ,Televendas,1,"R$ 1.861,12","2,3%","R$ 2.166,49",sim,5.0
PED-100120,08/10/2024,Cadeira Ergo,Mobiliário,CE,Loja Física,5,"R$ 1.830,71","0,2%","R$ 8.148,47",sim,2.0
PED-100121,22/01/2025,Webcam HD,Áudio,SP,E-commerce,2,"R$ 293,88","9,1%","R$ 636,84",nao,1.0
PED-100122,12/10/2024,Webcam HD,Áudio,PR,E-commerce,1,"R$ 280,94","3,2%","R$ 242,59",sim,3.0
PED-100123,12/02/2025,Mesa Ajustável,Mobiliário,RJ,Televendas,3,"R$ 2.305,54","10,5%","R$ 8.301,33",nao,4.0
PED-100124,16/12/2024,Notebook Pro,Computadores,SP,Televendas,2,"R$ 6.524,63","13,8%","R$ 11.768,90",sim,2.0
PED-100125,08/03/2025,Headset,Áudio,RJ,E-commerce,3,"R$ 335,30","11,0%","R$ 1.304,45",sim,4.0
PED-100126,04/09/2025,Mouse Sem Fio,Periféricos,CE,E-commerce,4,"R$ 187,60","13,5%","R$ 693,80",sim,2.0
PED-100127,06/04/2024,Headset,Áudio,SP,Marketplace,1,"R$ 314,53","9,1%","R$ 365,59",sim,5.0
PED-100128,25/12/2024,Teclado Mecânico,Periféricos,SP,Marketplace,1,"R$ 448,40","5,7%","R$ 442,77",sim,5.0
PED-100129,08/10/2024,Cadeira Ergo,Mobiliário,MG,Marketplace,2,"R$ 1.893,39","13,2%","R$ 2.934,56",sim,3.0
PED-100130,17/08/2024,Teclado Mecânico,Periféricos,SP,Televendas,1,"R$ 440,87","15,8%","R$ 213,05",nao,4.0
PED-100131,02/06/2024,Webcam HD,Áudio,SP,E-commerce,2,"R$ 300,72","7,3%","R$ 668,60",sim,2.0
PED-100132,03/02/2024,Notebook Pro,Computadores,RJ,Loja Física,1,"R$ 6.780,86","4,8%","R$ 7.280,71",sim,1.0
PED-100133,14/09/2024,"Monitor 27""",Periféricos,SP,Marketplace,2,"R$ 1.306,90","4,3%","R$ 2.282,86",sim,1.0
PED-100134,12/06/2025,"Monitor 27""",Periféricos,PE,Marketplace,3,"R$ 1.347,63","7,7%","R$ 5.270,53",sim,3.0
PED-100135,02/03/2024,Mouse Sem Fio,Periféricos,GO,E-commerce,1,"R$ 182,78","8,0%","R$ 206,65",sim,5.0
PED-100136,16/09/2024,"Monitor 27""",Periféricos,BA,Televendas,2,"R$ 1.467,96","11,8%","R$ 2.364,09",sim,1.0
PED-100137,11/09/2025,Webcam HD,Áudio,SP,Televendas,3,"R$ 284,29","10,8%","R$ 813,02",sim,4.0
PED-100138,31/08/2025,Teclado Mecânico,Periféricos,BA,E-commerce,2,"R$ 420,26","15,4%","R$ 825,39",nao,4.0
PED-100139,17/05/2024,Mouse Sem Fio,Periféricos,SP,E-commerce,4,"R$ 159,50","11,4%","R$ 715,97",sim,5.0
PED-100140,05/01/2024,Headset,Áudio,CE,E-commerce,3,"R$ 376,14","9,8%","R$ 1.017,92",sim,3.0
PED-100141,05/03/2025,Mouse Sem Fio,Periféricos,SP,Marketplace,3,"R$ 179,33","9,0%","R$ 713,75",nao,
PED-100142,10/01/2024,Headset,Áudio,SP,Loja Física,2,"R$ 305,39","4,9%","R$ 580,80",sim,2.0
PED-100143,11/07/2024,Mesa Ajustável,Mobiliário,SP,Loja Física,4,"R$ 2.606,86","15,8%","R$ 9.624,31",sim,4.0
PED-100144,14/11/2024,Webcam HD,Áudio,MG,E-commerce,3,"R$ 274,39","12,0%","R$ 679,83",sim,1.0
PED-100145,13/07/2025,Notebook Pro,Computadores,SP,E-commerce,1,"R$ 6.345,36","6,2%","R$ 7.667,86",sim,5.0
PED-100146,29/02/2024,Mouse Sem Fio,Periféricos,SC,Televendas,1,"R$ 183,68","0,4%","R$ 206,27",sim,5.0
PED-100147,27/02/2025,Mesa Ajustável,Mobiliário,SP,E-commerce,3,"R$ 2.298,53","12,9%","R$ 8.052,61",nao,1.0
PED-100148,07/12/2024,Cadeira Ergo,Mobiliário,PR,Televendas,2,"R$ 1.768,62","10,9%","R$ 3.299,05",nao,2.0
PED-100149,25/03/2024,Cadeira Ergo,Mobiliário,RJ,Marketplace,2,"R$ 1.944,31","7,9%","R$ 4.402,07",nao,4.0
PED-100150,25/06/2025,Mouse Sem Fio,Periféricos,PE,Loja Física,4,"R$ 177,50","13,9%","R$ 862,79",sim,5.0
PED-100151,24/06/2025,Mouse Sem Fio,Periféricos,RJ,Loja Física,4,"R$ 171,97","11,6%","R$ 858,21",sim,3.0
PED-100152,04/11/2024,Webcam HD,Áudio,SP,E-commerce,4,"R$ 296,38","7,9%","R$ 1.025,11",sim,2.0
PED-100153,27/08/2025,Notebook Pro,Computadores,RJ,E-commerce,2,"R$ 7.194,09","13,5%","R$ 14.442,87",nao,5.0
PED-100154,23/01/2025,Headset,Áudio,RJ,Televendas,2,"R$ 349,51","1,8%","R$ 818,41",sim,5.0
PED-100155,01/08/2025,Notebook Pro,Computadores,RJ,E-commerce,1,"R$ 6.942,04","6,2%","R$ 7.557,99",nao,3.0
PED-100156,06/09/2025,Cadeira Ergo,Mobiliário,MG,Marketplace,2,"R$ 1.894,52","6,8%","R$ 3.775,16",nao,1.0
PED-100157,30/12/2024,Mouse Sem Fio,Periféricos,CE,Marketplace,5,"R$ 177,12","0,7%","R$ 920,19",sim,4.0
PED-100158,28/06/2024,Mesa Ajustável,Mobiliário,RJ,Loja Física,3,"R$ 2.485,91","10,3%","R$ 8.017,68",sim,5.0
PED-100159,03/04/2024,Headset,Áudio,SP,Televendas,3,"R$ 354,57","11,1%","R$ 1.208,79",sim,1.0
PED-100160,26/12/2024,Headset,Áudio,SP,Marketplace,2,"R$ 311,36","0,1%","R$ 650,92",sim,4.0
PED-100161,03/05/2024,Webcam HD,Áudio,PR,Loja Física,3,"R$ 314,23","0,0%","R$ 1.194,13",sim,3.0
PED-100162,25/04/2025,Headset,Áudio,RS,Loja Física,3,"R$ 377,31","2,1%","R$ 1.677,11",sim,1.0
PED-100163,16/08/2025,Teclado Mecânico,Periféricos,SP,E-commerce,1,"R$ 436,62","5,9%","R$ 476,87",sim,5.0
PED-100164,06/06/2024,Cadeira Ergo,Mobiliário,RJ,E-commerce,1,"R$ 1.824,27","7,3%","R$ 2.027,46",sim,1.0
PED-100165,19/12/2024,Headset,Áudio,SP,Loja Física,3,"R$ 324,74","10,5%","R$ 912,16",sim,4.0
PED-100166,01/02/2024,Notebook Pro,Computadores,SP,E-commerce,2,"R$ 6.816,71","18,2%","R$ 12.582,24",sim,2.0
PED-100167,25/04/2024,"Monitor 27""",Periféricos,SP,Loja Física,1,"R$ 1.330,78","18,8%","R$ 1.381,70",sim,4.0
PED-100168,29/08/2024,Notebook Pro,Computadores,MG,Televendas,4,"R$ 7.281,30","10,2%","R$ 15.016,52",sim,2.0
PED-100169,19/07/2025,Headset,Áudio,SP,Marketplace,3,"R$ 346,75","4,9%","R$ 1.274,38",nao,1.0
PED-100170,12/09/2025,Mouse Sem Fio,Periféricos,SP,E-commerce,1,"R$ 177,17","10,1%","R$ 170,16",nao,2.0
PED-100171,14/02/2025,Teclado Mecânico,Periféricos,SP,Televendas,4,"R$ 407,42","0,0%","R$ 2.185,23",sim,5.0
PED-100172,08/01/2025,Mesa Ajustável,Mobiliário,RJ,Loja Física,2,"R$ 2.676,83","1,1%","R$ 6.311,29",sim,5.0
PED-100173,30/12/2024,Teclado Mecânico,Periféricos,RJ,E-commerce,1,"R$ 423,50","6,3%","R$ 415,41",nao,5.0
PED-100174,08/02/2024,Cadeira Ergo,Mobiliário,BA,Loja Física,5,"R$ 2.025,51","7,9%","R$ 10.520,19",nao,4.0
PED-100175,28/08/2024,Notebook Pro,Computadores,MG,Loja Física,1,"R$ 6.841,63","5,8%","R$ 3.698,36",sim,2.0
PED-100176,21/09/2025,Notebook Pro,Computadores,SP,E-commerce,1,"R$ 6.514,80","18,8%","R$ 5.650,91",sim,4.0
PED-100177,20/09/2024,Webcam HD,Áudio,BA,E-commerce,2,"R$ 277,37","11,6%","R$ 447,78",sim,1.0
PED-100178,16/05/2024,Mesa Ajustável,Mobiliário,BA,E-commerce,2,"R$ 2.240,47","14,5%","R$ 4.852,58",nao,4.0
PED-100179,02/06/2024,Notebook Pro,Computadores,PE,Loja Física,3,"R$ 6.233,82","3,3%","R$ 21.689,42",sim,3.0
PED-100180,01/04/2025,Headset,Áudio,CE,E-commerce,6,"R$ 334,84","10,8%","R$ 2.712,41",sim,2.0
PED-100181,25/01/2024,"Monitor 27""",Periféricos,RJ,E-commerce,2,"R$ 1.362,92","11,8%","R$ 2.403,40",nao,5.0
PED-100182,12/09/2025,"Monitor 27""",Periféricos,SP,Televendas,3,"R$ 1.536,52","5,0%","R$ 4.681,17",sim,5.0
PED-100183,14/07/2025,"Monitor 27""",Periféricos,CE,Marketplace,1,"R$ 1.539,09","5,6%","R$ 1.871,42",sim,1.0
PED-100184,29/12/2024,Mouse Sem Fio,Periféricos,SP,Loja Física,4,"R$ 180,22","16,3%","R$ 631,45",nao,1.0
PED-100185,26/10/2024,Mesa Ajustável,Mobiliário,SC,,3,"R$ 2.537,07","7,8%","R$ 6.258,63",sim,1.0
PED-100186,02/05/2025,"Monitor 27""",Periféricos,RJ,Televendas,1,"R$ 1.470,07","9,0%","R$ 1.999,40",nao,4.0
PED-100187,16/12/2024,Headset,Áudio,PE,E-commerce,1,"R$ 393,47","7,6%","R$ 380,72",nao,
PED-100188,01/11/2024,Mouse Sem Fio,Periféricos,RJ,E-commerce,3,"R$ 183,24","17,2%","R$ 427,26",nao,4.0
PED-100189,25/07/2024,Teclado Mecânico,Periféricos,SP,Marketplace,3,"R$ 419,46","16,0%","R$ 1.159,11",sim,5.0
PED-100190,12/10/2024,Headset,Áudio,RJ,Loja Física,2,"R$ 349,44","9,6%","R$ 563,46",sim,4.0
PED-100191,25/04/2025,Mesa Ajustável,Mobiliário,BA,E-commerce,2,"R$ 2.249,25","8,6%","R$ 6.223,31",sim,2.0
PED-100192,05/02/2024,Headset,Áudio,BA,E-commerce,2,"R$ 353,30","8,8%","R$ 726,38",nao,4.0
PED-100193,17/01/2024,Mouse Sem Fio,Periféricos,CE,Televendas,3,"R$ 182,91","12,9%","R$ 477,80",sim,3.0
PED-100194,06/04/2025,Headset,Áudio,RJ,Televendas,3,"R$ 336,40","0,0%","R$ 1.526,71",sim,1.0
PED-100195,26/08/2024,Mesa Ajustável,Mobiliário,SP,E-commerce,2,"R$ 2.190,67","4,8%","R$ 2.393,74",nao,1.0
PED-100196,29/05/2025,Mouse Sem Fio,Periféricos,SP,Marketplace,2,"R$ 176,50","15,6%","R$ 445,69",sim,4.0
PED-100197,20/01/2024,Mesa Ajustável,Mobiliário,PR,E-commerce,1,"R$ 2.288,53","3,3%","R$ 2.212,47",sim,5.0
PED-100198,03/08/2025,Mesa Ajustável,Mobiliário,MG,E-commerce,1,"R$ 2.388,90","6,0%","R$ 2.607,48",nao,1.0
PED-100199,19/03/2024,Mesa Ajustável,Mobiliário,SP,Marketplace,1,"R$ 2.604,66","9,7%","R$ 2.889,92",sim,4.0
PED-100200,23/09/2024,Mouse Sem Fio,Periféricos,CE,Loja Física,1,"R$ 180,19","15,8%","R$ 138,58",sim,2.0
PED-100201,10/09/2025,"Monitor 27""",Periféricos,BA,Loja Física,4,"R$ 1.327,37","2,4%","R$ 5.534,34",nao,4.0
PED-100202,10/03/2024,Headset,Áudio,PE,Marketplace,2,"R$ 345,57","2,8%","R$ 825,13",sim,1.0
PED-100203,24/02/2025,Headset,Áudio,PE,E-commerce,2,"R$ 331,85","0,0%","R$ 889,93",nao,5.0
PED-100204,10/04/2025,Webcam HD,Áudio,RJ,Loja Física,4,"R$ 317,26","3,2%","R$ 1.858,29",sim,3.0
PED-100205,01/10/2024,Mesa Ajustável,Mobiliário,SP,Televendas,6,"R$ 2.387,91","7,1%","R$ 11.881,53",sim,5.0
PED-100206,20/02/2024,Teclado Mecânico,Periféricos,SP,E-commerce,4,"R$ 415,69","13,0%","R$ 1.631,51",sim,4.0
PED-100207,01/12/2024,Mesa Ajustável,Mobiliário,MG,Televendas,2,"R$ 2.248,80","9,0%","R$ 4.285,43",sim,3.0
PED-100208,04/10/2024,Teclado Mecânico,Periféricos,CE,Televendas,1,"R$ 433,23","0,0%","R$ 386,58",sim,3.0
PED-100209,12/07/2025,Cadeira Ergo,Mobiliário,SP,Marketplace,3,"R$ 2.150,18","2,6%","R$ 8.089,96",sim,
PED-100210,12/03/2025,Webcam HD,Áudio,MG,E-commerce,1,"R$ 271,39","7,5%","R$ 365,85",sim,2.0
PED-100211,08/08/2024,Webcam HD,Áudio,CE,Televendas,1,"R$ 301,46","8,4%","R$ 158,50",sim,4.0
PED-100212,07/02/2024,Mouse Sem Fio,Periféricos,MG,E-commerce,2,"R$ 183,00","10,2%","R$ 370,55",nao,5.0
PED-100213,12/01/2025,Headset,Áudio,SC,Marketplace,5,"R$ 341,99","3,9%","R$ 1.959,32",sim,4.0
PED-100214,27/06/2024,"Monitor 27""",Periféricos,SP,Televendas,2,"R$ 1.429,63","14,3%","R$ 2.937,03",sim,5.0
PED-100215,13/03/2025,"Monitor 27""",Periféricos,RJ,Marketplace,1,"R$ 1.460,97","3,0%","R$ 2.065,11",sim,4.0
PED-100216,06/07/2025,Headset,Áudio,SP,E-commerce,2,"R$ 362,34","7,9%","R$ 859,50",sim,5.0
PED-100217,15/08/2024,"Monitor 27""",Periféricos,MG,E-commerce,3,"R$ 1.531,46","0,0%","R$ 2.637,24",nao,2.0
PED-100218,01/08/2025,Headset,Áudio,SP,Loja Física,3,"R$ 305,85","16,2%","R$ 892,41",sim,5.0
PED-100219,28/11/2024,Headset,Áudio,BA,Televendas,3,"R$ 336,24","12,7%","R$ 826,84",nao,1.0
PED-100220,05/12/2024,Webcam HD,Áudio,MG,Loja Física,1,"R$ 295,98","17,5%","R$ 255,59",sim,5.0
PED-100221,04/05/2025,Cadeira Ergo,Mobiliário,RJ,E-commerce,2,"R$ 1.773,20","3,4%","R$ 5.120,83",nao,2.0
PED-100222,20/05/2025,Cadeira Ergo,Mobiliário,RJ,Loja Física,1,"R$ 2.123,01","0,0%","R$ 3.174,53",nao,2.0
PED-100223,04/08/2025,"Monitor 27""",Periféricos,RS,E-commerce,5,"R$ 1.534,60","15,6%","R$ 7.514,16",nao,5.0
PED-100224,01/10/2025,Cadeira Ergo,Mobiliário,SP,Televendas,1,"R$ 1.877,37","13,6%","R$ 1.689,92",nao,2.0
PED-100225,06/04/2024,Teclado Mecânico,Periféricos,SP,Marketplace,1,"R$ 456,15","0,0%","R$ 583,21",sim,5.0
PED-100226,21/09/2024,Notebook Pro,Computadores,RJ,Loja Física,4,"R$ 6.760,28","5,6%","R$ 23.307,68",sim,3.0
PED-100227,20/08/2025,Mesa Ajustável,Mobiliário,SP,Televendas,2,"R$ 2.379,25","14,5%","R$ 4.720,18",sim,1.0
PED-100228,15/07/2024,Headset,Áudio,MG,Marketplace,1,"R$ 337,76","10,7%","R$ 330,65",sim,5.0
PED-100229,04/01/2024,Headset,Áudio,SP,Televendas,2,"R$ 376,60","14,7%","R$ 642,30",nao,2.0
PED-100230,03/01/2025,Mouse Sem Fio,Periféricos,SP,Marketplace,1,"R$ 189,53","10,6%","R$ 202,01",sim,3.0
PED-100231,26/04/2025,Cadeira Ergo,Mobiliário,BA,E-commerce,2,"R$ 1.991,59","1,6%","R$ 5.931,51",sim,5.0
PED-100232,20/04/2025,Teclado Mecânico,Periféricos,SP,E-commerce,2,"R$ 399,78","5,0%","R$ 1.148,56",sim,2.0
PED-100233,02/06/2025,Mesa Ajustável,Mobiliário,PR,Loja Física,6,"R$ 2.343,78","11,0%","R$ 17.662,28",sim,1.0
PED-100234,16/02/2025,Webcam HD,Áudio,CE,Televendas,1,"R$ 290,96","6,5%","R$ 364,94",sim,1.0
PED-100235,28/03/2024,Teclado Mecânico,Periféricos,SP,Loja Física,1,"R$ 363,35","7,4%","R$ 413,58",sim,5.0
PED-100236,26/06/2025,"Monitor 27""",Periféricos,SP,Loja Física,1,"R$ 1.475,10","11,0%","R$ 1.854,56",sim,2.0
PED-100237,25/09/2024,"Monitor 27""",Periféricos,RJ,Marketplace,2,"R$ 1.422,75","17,8%","R$ 2.136,87",sim,2.0
PED-100238,26/06/2025,Webcam HD,Áudio,CE,Marketplace,4,"R$ 272,21","9,7%","R$ 1.388,09",nao,2.0
PED-100239,05/06/2025,Mouse Sem Fio,Periféricos,BA,E-commerce,3,"R$ 186,59","11,5%","R$ 699,34",nao,4.0
PED-100240,13/09/2025,Cadeira Ergo,Mobiliário,SP,Televendas,2,"R$ 1.802,62","8,7%","R$ 3.516,65",sim,1.0
PED-100241,10/01/2024,Mouse Sem Fio,Periféricos,BA,Televendas,4,"R$ 175,37","4,5%","R$ 669,63",sim,1.0
PED-100242,08/07/2025,Webcam HD,Áudio,CE,E-commerce,3,"R$ 292,85","3,0%","R$ 1.097,93",sim,1.0
PED-100243,06/02/2025,Headset,Áudio,SP,Marketplace,1,"R$ 369,78","7,3%","R$ 459,42",sim,1.0
PED-100244,06/11/2024,Mouse Sem Fio,Periféricos,RJ,E-commerce,2,"R$ 183,54","11,7%","R$ 304,47",sim,4.0
PED-100245,22/05/2025,Mouse Sem Fio,Periféricos,SP,Televendas,1,"R$ 181,29","11,4%","R$ 240,29",sim,1.0
PED-100246,01/09/2025,Mesa Ajustável,Mobiliário,RJ,Televendas,3,"R$ 2.264,43","13,0%","R$ 6.313,36",sim,2.0
PED-100247,24/11/2024,Notebook Pro,Computadores,SP,Loja Física,2,"R$ 6.792,67","14,4%","R$ 10.913,59",sim,3.0
PED-100248,25/02/2024,Cadeira Ergo,Mobiliário,RJ,Televendas,2,"R$ 2.259,13","8,4%","R$ 4.669,75",nao,3.0
PED-100249,09/04/2025,Mesa Ajustável,Mobiliário,RJ,E-commerce,4,"R$ 2.476,60","6,5%","R$ 14.018,98",sim,4.0
PED-100250,27/05/2024,Cadeira Ergo,Mobiliário,SP,Televendas,4,"R$ 1.905,77","8,6%","R$ 8.823,79",sim,2.0
PED-100251,24/05/2024,Mouse Sem Fio,Periféricos,SP,E-commerce,2,"R$ 176,29","0,0%","R$ 446,63",sim,3.0
PED-100252,03/05/2024,Teclado Mecânico,Periféricos,CE,Loja Física,3,"R$ 468,87","12,6%","R$ 1.557,90",nao,4.0
PED-100253,07/05/2024,"Monitor 27""",Periféricos,SP,Televendas,4,"R$ 1.340,80","11,9%","R$ 5.987,64",sim,2.0
PED-100254,05/08/2025,Notebook Pro,Computadores,SP,E-commerce,1,"R$ 7.009,40","4,5%","R$ 7.770,75",sim,2.0
PED-100255,20/08/2024,Mouse Sem Fio,Periféricos,PE,E-commerce,2,"R$ 150,78","12,2%","R$ 152,02",nao,2.0
PED-100256,08/03/2024,Headset,Áudio,PE,Loja Física,1,"R$ 334,21","1,0%","R$ 406,33",nao,3.0
PED-100257,24/04/2024,Headset,Áudio,RJ,Televendas,2,"R$ 369,62","3,6%","R$ 911,25",nao,3.0
PED-100258,09/09/2024,"Monitor 27""",Periféricos,RJ,E-commerce,1,"R$ 1.535,64","16,5%","R$ 1.171,28",sim,4.0
PED-100259,09/08/2024,Headset,Áudio,SP,Loja Física,2,"R$ 307,83","10,5%","R$ 316,25",sim,4.0
PED-100260,17/07/2024,Headset,Áudio,RS,Loja Física,5,"R$ 323,05","6,6%","R$ 1.652,99",nao,2.0
PED-100261,29/08/2025,Notebook Pro,Computadores,CE,E-commerce,2,"R$ 6.604,07","10,8%","R$ 13.669,70",nao,2.0
PED-100262,08/07/2025,Headset,Áudio,SP,Televendas,1,"R$ 369,30","11,0%","R$ 423,49",sim,5.0
PED-100263,01/01/2025,Webcam HD,Áudio,SP,Loja Física,6,"R$ 275,58","2,4%","R$ 1.923,77",sim,3.0
PED-100264,23/09/2025,Mouse Sem Fio,Periféricos,MG,Loja Física,5,"R$ 188,38","3,4%","R$ 972,10",sim,3.0
PED-100265,05/08/2024,Cadeira Ergo,Mobiliário,RJ,Marketplace,1,"R$ 2.058,70","19,6%","R$ 950,30",sim,3.0
PED-100266,29/03/2024,Notebook Pro,Computadores,RJ,Loja Física,5,"R$ 6.362,62","10,6%","R$ 34.958,29",sim,4.0
PED-100267,22/06/2024,Cadeira Ergo,Mobiliário,SP,E-commerce,1,"R$ 1.718,82","5,8%","R$ 1.940,99",sim,2.0
PED-100268,27/02/2024,Mouse Sem Fio,Periféricos,SP,Televendas,1,"R$ 174,83","0,0%","R$ 197,17",sim,4.0
PED-100269,01/09/2025,Mouse Sem Fio,Periféricos,MG,Televendas,3,"R$ 180,07","4,6%","R$ 550,72",sim,1.0
PED-100270,20/05/2024,Webcam HD,Áudio,BA,Televendas,2,"R$ 255,56","0,0%","R$ 647,45",sim,4.0
PED-100271,11/10/2024,Cadeira Ergo,Mobiliário,PR,Loja Física,3,"R$ 1.588,84","9,0%","R$ 3.869,50",sim,5.0
PED-100272,09/05/2024,Headset,Áudio,RJ,E-commerce,1,"R$ 311,76","16,6%","R$ 329,28",sim,2.0
PED-100273,19/09/2025,Mesa Ajustável,Mobiliário,SP,Loja Física,2,"R$ 2.340,27","2,4%","R$ 4.882,19",sim,3.0
PED-100274,11/04/2024,Mouse Sem Fio,Periféricos,RS,Loja Física,1,"R$ 174,54","14,5%","R$ 190,90",sim,
PED-100275,25/11/2024,Mouse Sem Fio,Periféricos,SP,,2,"R$ 176,75","6,7%","R$ 309,53",sim,2.0
PED-100276,31/08/2025,"Monitor 27""",Periféricos,MG,Televendas,1,"R$ 1.397,50","4,3%","R$ 1.552,32",nao,3.0
PED-100277,29/11/2024,Teclado Mecânico,Periféricos,RS,Loja Física,3,"R$ 429,00","9,9%","R$ 1.089,21",sim,3.0
PED-100278,29/07/2025,Cadeira Ergo,Mobiliário,SC,E-commerce,1,"R$ 1.834,45","7,2%","R$ 2.193,40",nao,1.0
PED-100279,27/07/2025,Teclado Mecânico,Periféricos,SP,Televendas,3,"R$ 458,60","8,5%","R$ 1.622,01",sim,1.0
PED-100280,06/05/2025,Mouse Sem Fio,Periféricos,SP,E-commerce,1,"R$ 186,96","10,7%","R$ 249,75",nao,4.0
PED-100281,20/04/2025,Teclado Mecânico,Periféricos,SP,Televendas,4,"R$ 373,22","8,8%","R$ 2.059,50",sim,1.0
PED-100282,04/01/2025,Notebook Pro,Computadores,CE,Loja Física,5,"R$ 7.218,36","4,3%","R$ 41.154,80",sim,1.0
PED-100283,06/01/2025,Mesa Ajustável,Mobiliário,SP,Marketplace,1,"R$ 2.378,61","18,6%","R$ 2.307,39",nao,1.0
PED-100284,16/06/2025,"Monitor 27""",Periféricos,MG,E-commerce,2,"R$ 1.300,85","7,9%","R$ 3.384,13",sim,4.0
PED-100285,30/09/2024,Webcam HD,Áudio,RJ,Loja Física,2,"R$ 279,56","7,2%","R$ 473,78",sim,2.0
PED-100286,28/08/2025,Mesa Ajustável,Mobiliário,SP,E-commerce,1,"R$ 2.258,29","0,0%","R$ 2.620,88",sim,1.0
PED-100287,16/07/2025,Cadeira Ergo,Mobiliário,SP,Marketplace,1,"R$ 1.877,18","9,1%","R$ 2.197,96",sim,5.0
PED-100288,27/08/2024,Mesa Ajustável,Mobiliário,PE,Loja Física,1,"R$ 2.327,34","14,6%","R$ 1.140,31",sim,3.0
PED-100289,20/09/2024,Notebook Pro,Computadores,CE,E-commerce,1,"R$ 6.479,27","7,5%","R$ 5.474,84",sim,3.0
PED-100290,02/04/2025,"Monitor 27""",Periféricos,SP,Marketplace,1,"R$ 1.438,92","12,8%","R$ 1.897,15",sim,5.0
PED-100291,13/08/2025,"Monitor 27""",Periféricos,RS,Loja Física,4,"R$ 1.405,88","16,3%","R$ 5.465,19",sim,3.0
PED-100292,02/03/2024,Webcam HD,Áudio,BA,Marketplace,1,"R$ 321,94","8,4%","R$ 362,30",sim,1.0
PED-100293,13/02/2024,"Monitor 27""",Periféricos,RJ,E-commerce,2,"R$ 1.609,76","2,2%","R$ 3.550,15",nao,1.0
PED-100294,07/06/2024,Mesa Ajustável,Mobiliário,SP,Loja Física,3,"R$ 2.440,61","0,0%","R$ 8.777,42",sim,3.0
PED-100295,02/10/2024,Mesa Ajustável,Mobiliário,RS,Loja Física,3,"R$ 2.331,04","1,5%","R$ 6.143,71",sim,2.0
PED-100296,14/04/2024,Webcam HD,Áudio,RJ,Televendas,1,"R$ 278,09","5,5%","R$ 336,02",sim,3.0
PED-100297,28/11/2024,Cadeira Ergo,Mobiliário,RJ,Loja Física,2,"R$ 1.849,90","12,6%","R$ 3.037,81",nao,5.0
PED-100298,12/12/2024,Cadeira Ergo,Mobiliário,SP,E-commerce,2,"R$ 2.051,06","5,6%","R$ 4.051,17",sim,5.0
PED-100299,31/08/2025,Notebook Pro,Computadores,RJ,Televendas,2,"R$ 7.174,32","1,4%","R$ 16.422,60",sim,4.0
PED-100300,22/04/2025,Notebook Pro,Computadores,SP,Marketplace,1,"R$ 7.658,82","8,3%","R$ 10.625,35",sim,5.0
PED-100301,09/06/2024,"Monitor 27""",Periféricos,SP,Marketplace,5,"R$ 1.508,48","3,9%","R$ 8.685,36",sim,3.0
PED-100302,18/05/2025,Headset,Áudio,SP,Marketplace,1,"R$ 347,57","6,3%","R$ 487,22",nao,1.0
PED-100303,30/05/2025,Notebook Pro,Computadores,MG,Marketplace,2,"R$ 5.801,70","11,6%","R$ 15.341,61",nao,5.0
PED-100304,11/03/2025,Webcam HD,Áudio,SP,Marketplace,3,"R$ 271,47","5,7%","R$ 1.119,10",sim,4.0
PED-100305,08/03/2025,Notebook Pro,Computadores,MG,E-commerce,1,"R$ 6.759,04","5,3%","R$ 9.331,64",sim,5.0
PED-100306,17/07/2024,Mouse Sem Fio,Periféricos,SP,E-commerce,2,"R$ 178,97","1,0%","R$ 388,32",sim,1.0
PED-100307,03/04/2025,Mesa Ajustável,Mobiliário,CE,Televendas,3,"R$ 2.494,10","10,5%","R$ 10.131,49",sim,3.0
PED-100308,27/03/2024,Cadeira Ergo,Mobiliário,BA,Televendas,3,"R$ 2.021,49","7,2%","R$ 6.914,20",sim,2.0
PED-100309,06/02/2025,Mesa Ajustável,Mobiliário,SC,Loja Física,1,"R$ 2.546,86","15,0%","R$ 2.902,80",sim,3.0
PED-100310,12/08/2025,Headset,Áudio,RS,Loja Física,1,"R$ 343,43","4,6%","R$ 380,18",nao,4.0
PED-100311,13/09/2025,Mouse Sem Fio,Periféricos,SP,Marketplace,1,"R$ 191,55","3,1%","R$ 198,43",sim,2.0
PED-100312,09/07/2024,Mesa Ajustável,Mobiliário,SC,Marketplace,1,"R$ 2.375,43","0,7%","R$ 2.585,58",nao,5.0
PED-100313,31/07/2024,"Monitor 27""",Periféricos,SP,Loja Física,3,"R$ 1.324,66","8,2%","R$ 3.997,76",sim,1.0
PED-100314,31/01/2025,Teclado Mecânico,Periféricos,RJ,Loja Física,1,"R$ 424,81","0,0%","R$ 506,38",sim,1.0
PED-100315,11/09/2024,"Monitor 27""",Periféricos,SP,E-commerce,1,"R$ 1.527,67","14,5%","R$ 1.192,56",sim,3.0
PED-100316,12/04/2025,Webcam HD,Áudio,MG,Loja Física,3,"R$ 294,65","9,1%","R$ 1.215,52",sim,1.0
PED-100317,09/05/2024,"Monitor 27""",Periféricos,SP,E-commerce,1,"R$ 1.468,12","9,5%","R$ 1.683,23",sim,4.0
PED-100318,18/04/2024,"Monitor 27""",Periféricos,RS,Loja Física,2,"R$ 1.486,26","6,9%","R$ 3.538,30",sim,5.0
PED-100319,02/02/2024,Cadeira Ergo,Mobiliário,SP,Televendas,2,"R$ 1.768,42","8,6%","R$ 3.646,22",nao,5.0
PED-100320,27/10/2024,Mesa Ajustável,Mobiliário,PE,Loja Física,3,"R$ 2.538,01","7,2%","R$ 6.303,56",sim,3.0
PED-100321,16/05/2024,Teclado Mecânico,Periféricos,RJ,Televendas,2,"R$ 368,99","14,0%","R$ 804,27",sim,1.0
PED-100322,10/07/2024,Mouse Sem Fio,Periféricos,SP,E-commerce,1,"R$ 176,57","3,8%","R$ 186,25",sim,3.0
PED-100323,08/08/2025,Headset,Áudio,BA,Marketplace,3,"R$ 298,54","9,5%","R$ 941,06",nao,1.0
PED-100324,05/06/2025,Headset,Áudio,SP,Marketplace,2,"R$ 361,09","0,4%","R$ 1.015,65",sim,
PED-100325,21/06/2025,Headset,Áudio,SP,Loja Física,2,"R$ 316,03","10,7%","R$ 797,16",sim,2.0
PED-100326,14/01/2025,Mouse Sem Fio,Periféricos,SC,Loja Física,2,"R$ 184,60","15,8%","R$ 370,51",sim,4.0
PED-100327,12/03/2024,Mouse Sem Fio,Periféricos,RJ,Loja Física,2,"R$ 176,57","16,7%","R$ 361,42",sim,2.0
PED-100328,22/04/2025,Mouse Sem Fio,Periféricos,BA,Marketplace,3,"R$ 168,48","9,7%","R$ 690,13",sim,2.0
PED-100329,21/01/2025,Cadeira Ergo,Mobiliário,PR,Marketplace,2,"R$ 1.914,19","3,8%","R$ 4.389,00",sim,1.0
PED-100330,04/08/2025,Mouse Sem Fio,Periféricos,RJ,E-commerce,2,"R$ 190,49","7,3%","R$ 409,97",nao,1.0
PED-100331,02/11/2024,Mesa Ajustável,Mobiliário,SP,E-commerce,1,"R$ 2.598,24","10,2%","R$ 2.192,07",sim,5.0
PED-100332,20/04/2024,Notebook Pro,Computadores,CE,Televendas,1,"R$ 7.371,29","0,6%","R$ 9.370,13",sim,3.0
PED-100333,15/01/2025,Mesa Ajustável,Mobiliário,SP,Marketplace,1,"R$ 2.401,26","9,7%","R$ 2.583,72",sim,2.0
PED-100334,18/10/2024,Headset,Áudio,PE,Loja Física,1,"R$ 325,38","13,8%","R$ 250,19",sim,3.0
PED-100335,25/02/2025,Notebook Pro,Computadores,SP,Loja Física,1,"R$ 6.986,36","6,0%","R$ 8.804,63",nao,5.0
PED-100336,28/08/2024,Mouse Sem Fio,Periféricos,SP,E-commerce,2,"R$ 164,66","9,5%","R$ 171,03",sim,1.0
PED-100337,15/07/2024,Teclado Mecânico,Periféricos,RJ,Televendas,1,"R$ 373,35","1,1%","R$ 404,86",nao,5.0
PED-100338,21/03/2024,Headset,Áudio,SP,E-commerce,2,"R$ 354,76","5,6%","R$ 822,57",sim,4.0
PED-100339,07/09/2025,Webcam HD,Áudio,SP,Loja Física,4,"R$ 275,57","8,0%","R$ 1.083,42",sim,5.0
PED-100340,28/04/2025,Webcam HD,Áudio,GO,Marketplace,1,"R$ 303,23","9,3%","R$ 416,24",sim,5.0
PED-100341,25/10/2024,Notebook Pro,Computadores,RS,Loja Física,1,"R$ 6.961,50","16,9%","R$ 5.163,13",sim,2.0
PED-100342,30/05/2024,Notebook Pro,Computadores,PE,Loja Física,3,"R$ 6.567,26","8,2%","R$ 22.898,16",sim,1.0
PED-100343,05/02/2025,Webcam HD,Áudio,RJ,Televendas,1,"R$ 262,28","10,4%","R$ 314,99",nao,2.0
PED-100344,20/09/2024,Webcam HD,Áudio,RJ,Loja Física,2,"R$ 308,08","7,1%","R$ 522,50",nao,1.0
PED-100345,10/02/2025,Headset,Áudio,SC,E-commerce,1,"R$ 360,10","8,9%","R$ 440,10",sim,1.0
PED-100346,27/02/2024,Notebook Pro,Computadores,MG,Televendas,3,"R$ 7.225,12","10,8%","R$ 21.797,25",nao,2.0
PED-100347,27/04/2024,Mesa Ajustável,Mobiliário,PE,E-commerce,2,"R$ 2.420,15","0,0%","R$ 6.188,62",sim,1.0
PED-100348,15/04/2025,"Monitor 27""",Periféricos,RJ,Televendas,1,"R$ 1.437,55","5,0%","R$ 2.066,74",nao,1.0
PED-100349,09/02/2024,Teclado Mecânico,Periféricos,PR,E-commerce,2,"R$ 405,57","0,0%","R$ 914,77",nao,5.0
PED-100350,09/03/2025,Teclado Mecânico,Periféricos,SP,Televendas,2,"R$ 441,46","10,3%","R$ 1.154,11",nao,3.0
PED-100351,20/09/2024,Headset,Áudio,MG,Televendas,4,"R$ 312,79","2,2%","R$ 1.116,80",sim,2.0
PED-100352,03/01/2024,Headset,Áudio,SP,Televendas,1,"R$ 357,59","4,4%","R$ 341,70",sim,1.0
PED-100353,03/05/2025,Headset,Áudio,GO,Marketplace,1,"R$ 320,94","9,4%","R$ 434,94",sim,4.0
PED-100354,23/03/2025,Cadeira Ergo,Mobiliário,SP,E-commerce,1,"R$ 2.053,14","4,7%","R$ 2.850,89",sim,3.0
PED-100355,05/06/2025,Mouse Sem Fio,Periféricos,RJ,Televendas,6,"R$ 179,68","8,4%","R$ 1.393,99",nao,1.0
PED-100356,27/07/2025,Cadeira Ergo,Mobiliário,PE,Loja Física,1,"R$ 1.844,94","0,0%","R$ 2.376,28",sim,5.0
PED-100357,12/04/2025,Cadeira Ergo,Mobiliário,SP,Loja Física,4,"R$ 1.976,07","5,5%","R$ 11.298,88",sim,1.0
PED-100358,22/06/2025,"Monitor 27""",Periféricos,SP,E-commerce,1,"R$ 1.299,90","5,4%","R$ 1.735,81",sim,4.0
PED-100359,13/03/2024,Webcam HD,Áudio,BA,Televendas,4,"R$ 302,60","7,5%","R$ 1.376,24",sim,1.0
PED-100360,10/08/2025,Teclado Mecânico,Periféricos,RS,E-commerce,1,"R$ 408,40","9,7%","R$ 427,92",sim,2.0
PED-100361,07/08/2025,Teclado Mecânico,Periféricos,RJ,Televendas,2,"R$ 415,69","13,3%","R$ 836,61",sim,3.0
PED-100362,20/03/2025,Webcam HD,Áudio,RJ,Loja Física,3,"R$ 318,96","15,2%","R$ 1.182,40",sim,3.0
PED-100363,28/05/2025,Webcam HD,Áudio,RS,Marketplace,1,"R$ 298,88","8,1%","R$ 410,92",sim,1.0
PED-100364,19/04/2025,Teclado Mecânico,Periféricos,SP,E-commerce,1,"R$ 418,51","6,8%","R$ 589,79",sim,1.0
PED-100365,15/07/2025,Cadeira Ergo,Mobiliário,SP,Televendas,1,"R$ 1.784,21","0,0%","R$ 2.298,06",sim,4.0
PED-100366,23/07/2025,Headset,Áudio,RJ,Loja Física,1,"R$ 326,83","9,1%","R$ 382,69",sim,2.0
PED-100367,30/11/2024,Mesa Ajustável,Mobiliário,MG,Marketplace,1,"R$ 2.597,22","1,1%","R$ 2.412,71",sim,5.0
PED-100368,06/06/2025,Cadeira Ergo,Mobiliário,SP,E-commerce,2,"R$ 1.824,64","7,6%","R$ 4.759,39",nao,4.0
PED-100369,09/08/2025,Teclado Mecânico,Periféricos,RJ,Loja Física,3,"R$ 417,17","9,5%","R$ 1.314,87",nao,5.0
PED-100370,09/07/2024,Cadeira Ergo,Mobiliário,RJ,Loja Física,1,"R$ 1.796,02","18,5%","R$ 1.604,68",sim,4.0
PED-100371,30/01/2024,Teclado Mecânico,Periféricos,SP,Loja Física,1,"R$ 369,97","3,8%","R$ 355,95",sim,5.0
PED-100372,18/04/2024,Cadeira Ergo,Mobiliário,SP,Loja Física,1,"R$ 1.878,90","9,3%","R$ 2.178,16",sim,5.0
PED-100373,20/01/2024,Webcam HD,Áudio,SP,E-commerce,2,"R$ 308,44","5,3%","R$ 584,21",sim,4.0
PED-100374,05/10/2024,Mouse Sem Fio,Periféricos,RJ,Loja Física,2,"R$ 187,52","12,1%","R$ 294,12",sim,4.0
PED-100375,13/01/2024,Notebook Pro,Computadores,RJ,Marketplace,2,"R$ 6.827,40","4,4%","R$ 13.057,44",sim,4.0
PED-100376,14/06/2024,Cadeira Ergo,Mobiliário,MG,Televendas,1,"R$ 1.801,28","7,6%","R$ 1.994,58",nao,5.0
PED-100377,10/06/2024,Headset,Áudio,RJ,Televendas,4,"R$ 345,09","13,5%","R$ 1.431,22",sim,4.0
PED-100378,28/03/2025,Mouse Sem Fio,Periféricos,MG,Televendas,1,"R$ 172,37","8,7%","R$ 229,34",sim,3.0
PED-100379,08/06/2024,Webcam HD,Áudio,SP,Televendas,2,"R$ 264,47","10,5%","R$ 567,59",nao,1.0
PED-100380,30/08/2025,Mesa Ajustável,Mobiliário,SC,Loja Física,3,"R$ 2.542,08","11,7%","R$ 7.815,17",sim,1.0
PED-100381,30/04/2024,Notebook Pro,Computadores,SC,Televendas,2,"R$ 6.681,15","16,5%","R$ 14.266,47",sim,5.0
PED-100382,13/09/2025,Mouse Sem Fio,Periféricos,RJ,Televendas,2,"R$ 201,54","4,9%","R$ 409,39",nao,5.0
PED-100383,28/12/2024,Mesa Ajustável,Mobiliário,PR,Loja Física,3,"R$ 2.437,70","17,4%","R$ 6.319,86",sim,4.0
PED-100384,05/06/2024,Cadeira Ergo,Mobiliário,RJ,E-commerce,4,"R$ 1.799,75","5,3%","R$ 8.175,96",sim,3.0
PED-100385,25/01/2024,Teclado Mecânico,Periféricos,CE,Marketplace,3,"R$ 409,14","2,8%","R$ 1.193,06",sim,3.0
PED-100386,14/07/2024,Webcam HD,Áudio,CE,E-commerce,4,"R$ 288,56","1,8%","R$ 1.242,39",sim,5.0
PED-100387,12/01/2025,Notebook Pro,Computadores,PR,E-commerce,2,"R$ 6.155,25","10,6%","R$ 13.118,15",nao,2.0
PED-100388,10/03/2024,Teclado Mecânico,Periféricos,RJ,,5,"R$ 423,48","7,8%","R$ 2.398,01",nao,
PED-100389,16/04/2024,Webcam HD,Áudio,SC,E-commerce,2,"R$ 289,06","5,8%","R$ 696,52",sim,5.0
PED-100390,14/03/2024,Cadeira Ergo,Mobiliário,CE,Loja Física,2,"R$ 2.116,53","12,0%","R$ 4.574,49",sim,1.0
PED-100391,09/03/2025,"Monitor 27""",Periféricos,SC,E-commerce,3,"R$ 1.381,23","6,4%","R$ 5.653,93",sim,5.0
PED-100392,26/02/2024,Teclado Mecânico,Periféricos,SP,Televendas,1,"R$ 409,69","15,8%","R$ 389,05",sim,3.0
PED-100393,14/01/2024,Teclado Mecânico,Periféricos,PR,Loja Física,1,"R$ 405,29","3,7%","R$ 390,48",sim,4.0
PED-100394,18/10/2024,Webcam HD,Áudio,SP,Marketplace,2,"R$ 294,75","8,6%","R$ 480,52",sim,4.0
PED-100395,17/07/2024,Webcam HD,Áudio,MG,Marketplace,7,"R$ 305,76","8,2%","R$ 2.152,56",sim,2.0
PED-100396,30/12/2024,Teclado Mecânico,Periféricos,SP,Marketplace,3,"R$ 398,25","12,8%","R$ 1.090,98",nao,4.0
PED-100397,23/08/2025,Mesa Ajustável,Mobiliário,SP,Loja Física,1,"R$ 2.101,35","6,3%","R$ 2.285,10",nao,1.0
PED-100398,02/07/2025,Headset,Áudio,SP,Loja Física,1,"R$ 323,08","12,3%","R$ 364,98",sim,3.0
PED-100399,10/12/2024,Webcam HD,Áudio,RJ,E-commerce,4,"R$ 292,55","4,8%","R$ 1.165,75",sim,2.0
PED-100400,15/02/2025,Teclado Mecânico,Periféricos,MG,Televendas,4,"R$ 433,88","11,2%","R$ 2.067,62",sim,1.0
PED-100401,03/06/2025,Headset,Áudio,SP,Marketplace,1,"R$ 301,13","4,8%","R$ 404,57",sim,4.0
PED-100402,06/10/2024,Teclado Mecânico,Periféricos,SP,Marketplace,3,"R$ 391,85","5,5%","R$ 991,37",sim,2.0
PED-100403,25/02/2025,Notebook Pro,Computadores,SP,Marketplace,2,"R$ 7.558,42","8,2%","R$ 18.617,28",sim,1.0
PED-100404,18/05/2024,"Monitor 27""",Periféricos,BA,Marketplace,2,"R$ 1.417,56","5,5%","R$ 3.395,01",nao,1.0
PED-100405,25/01/2025,Cadeira Ergo,Mobiliário,BA,Marketplace,2,"R$ 1.829,71","5,2%","R$ 4.136,58",sim,1.0
PED-100406,31/05/2024,Cadeira Ergo,Mobiliário,RS,Marketplace,1,"R$ 1.847,22","8,9%","R$ 2.132,68",nao,5.0
PED-100407,02/05/2024,Teclado Mecânico,Periféricos,MG,Marketplace,3,"R$ 414,52","11,3%","R$ 1.396,56",sim,2.0
PED-100408,02/05/2025,"Monitor 27""",Periféricos,SP,Televendas,2,"R$ 1.507,97","12,4%","R$ 3.949,26",sim,1.0
PED-100409,02/01/2025,Teclado Mecânico,Periféricos,SP,E-commerce,3,"R$ 378,38","14,7%","R$ 1.153,54",sim,2.0
PED-100410,29/08/2024,Headset,Áudio,GO,Marketplace,1,"R$ 354,86","2,6%","R$ 198,33",nao,4.0
PED-100411,26/01/2024,Webcam HD,Áudio,SP,E-commerce,2,"R$ 271,65","8,1%","R$ 499,50",nao,
PED-100412,31/05/2024,Notebook Pro,Computadores,SC,Loja Física,2,"R$ 6.241,01","6,5%","R$ 14.778,67",sim,3.0
PED-100413,28/05/2025,Headset,Áudio,SP,Televendas,2,"R$ 359,76","5,8%","R$ 1.013,02",sim,2.0
PED-100414,26/10/2024,Webcam HD,Áudio,RS,E-commerce,1,"R$ 294,90","2,4%","R$ 256,79",sim,1.0
PED-100415,06/09/2025,Mesa Ajustável,Mobiliário,CE,Loja Física,3,"R$ 2.405,97","2,7%","R$ 7.504,96",nao,4.0
PED-100416,30/07/2025,Notebook Pro,Computadores,SP,E-commerce,5,"R$ 6.548,59","5,0%","R$ 40.071,03",sim,4.0
PED-100417,30/06/2025,Notebook Pro,Computadores,RS,Marketplace,3,"R$ 6.551,86","9,6%","R$ 25.094,46",sim,5.0
PED-100418,11/01/2024,"Monitor 27""",Periféricos,RS,Marketplace,1,"R$ 1.561,46","5,4%","R$ 1.476,44",nao,3.0
PED-100419,02/02/2024,Mouse Sem Fio,Periféricos,SP,Televendas,2,"R$ 182,04","13,9%","R$ 353,59",nao,4.0
PED-100420,05/01/2025,Headset,Áudio,RJ,Loja Física,3,"R$ 336,31","6,1%","R$ 1.129,40",sim,2.0
PED-100421,04/08/2024,Webcam HD,Áudio,BA,Televendas,2,"R$ 276,01","1,3%","R$ 312,82",sim,4.0
PED-100422,22/06/2025,Teclado Mecânico,Periféricos,SC,E-commerce,3,"R$ 412,82","2,2%","R$ 1.710,90",sim,2.0
PED-100423,22/07/2024,Teclado Mecânico,Periféricos,SP,Televendas,6,"R$ 433,22","3,9%","R$ 2.736,96",sim,4.0
PED-100424,08/04/2024,"Monitor 27""",Periféricos,PE,Loja Física,1,"R$ 1.344,43","12,0%","R$ 1.512,50",nao,3.0
PED-100425,13/03/2024,Headset,Áudio,SP,Televendas,2,"R$ 315,15","6,9%","R$ 720,73",sim,1.0
PED-100426,11/07/2024,Notebook Pro,Computadores,PE,E-commerce,3,"R$ 6.464,84","11,8%","R$ 18.751,68",nao,2.0
PED-100427,05/02/2025,Webcam HD,Áudio,SP,Televendas,3,"R$ 279,17","7,2%","R$ 1.042,33",nao,2.0
PED-100428,21/03/2024,Mesa Ajustável,Mobiliário,PR,Loja Física,5,"R$ 2.373,69","10,5%","R$ 13.052,75",sim,
PED-100429,25/05/2025,Notebook Pro,Computadores,PR,E-commerce,2,"R$ 7.553,53","12,5%","R$ 19.758,25",sim,5.0
PED-100430,12/07/2024,Notebook Pro,Computadores,RJ,Televendas,2,"R$ 6.870,70","19,3%","R$ 12.154,01",sim,4.0
PED-100431,19/07/2024,Mouse Sem Fio,Periféricos,RS,Loja Física,1,"R$ 171,95","7,0%","R$ 175,18",sim,2.0
PED-100432,28/02/2025,"Monitor 27""",Periféricos,PE,E-commerce,3,"R$ 1.414,01","15,3%","R$ 4.815,33",nao,4.0
PED-100433,06/07/2025,Mouse Sem Fio,Periféricos,PR,Loja Física,1,"R$ 180,21","3,6%","R$ 223,65",sim,3.0
PED-100434,05/10/2024,Mouse Sem Fio,Periféricos,RS,Televendas,3,"R$ 191,12","1,5%","R$ 503,72",nao,4.0
PED-100435,25/05/2025,Teclado Mecânico,Periféricos,SP,Marketplace,3,"R$ 438,81","9,7%","R$ 1.776,57",sim,2.0
PED-100436,14/07/2024,Headset,Áudio,SP,E-commerce,1,"R$ 354,34","8,5%","R$ 355,15",nao,5.0
PED-100437,23/03/2024,Mesa Ajustável,Mobiliário,PE,E-commerce,2,"R$ 2.347,45","9,2%","R$ 5.235,24",sim,4.0
PED-100438,14/06/2025,Cadeira Ergo,Mobiliário,MG,Televendas,1,"R$ 2.067,39","4,5%","R$ 2.786,74",sim,5.0
PED-100439,05/05/2025,Mesa Ajustável,Mobiliário,BA,Loja Física,5,"R$ 2.504,46","7,4%","R$ 17.344,05",sim,4.0
PED-100440,25/04/2025,"Monitor 27""",Periféricos,CE,Marketplace,3,"R$ 1.382,86","11,1%","R$ 5.577,19",sim,2.0
PED-100441,18/07/2025,Notebook Pro,Computadores,PR,E-commerce,1,"R$ 6.095,99","6,2%","R$ 7.365,78",sim,4.0
PED-100442,14/11/2024,Headset,Áudio,RJ,E-commerce,2,"R$ 323,24","16,9%","R$ 504,28",sim,4.0
PED-100443,06/05/2024,Cadeira Ergo,Mobiliário,RS,Marketplace,1,"R$ 2.008,30","11,8%","R$ 2.242,88",sim,1.0
PED-100444,09/01/2025,Mouse Sem Fio,Periféricos,SP,E-commerce,2,"R$ 179,32","0,0%","R$ 427,51",nao,2.0
PED-100445,02/01/2025,Notebook Pro,Computadores,SP,Loja Física,1,"R$ 7.260,09","14,4%","R$ 7.409,31",sim,4.0
PED-100446,04/09/2024,Mouse Sem Fio,Periféricos,RS,Loja Física,4,"R$ 178,19","6,1%","R$ 611,14",sim,2.0
PED-100447,12/02/2025,Webcam HD,Áudio,SP,Loja Física,4,"R$ 287,22","12,4%","R$ 1.349,85",sim,2.0
PED-100448,17/06/2024,Webcam HD,Áudio,MG,Loja Física,4,"R$ 289,51","6,8%","R$ 1.293,20",sim,1.0
PED-100449,24/01/2025,Mesa Ajustável,Mobiliário,MG,Televendas,3,"R$ 2.510,16","0,0%","R$ 8.976,32",nao,5.0
PED-100450,23/05/2025,Notebook Pro,Computadores,PR,E-commerce,3,"R$ 7.052,02","7,4%","R$ 29.304,67",sim,3.0
PED-100451,02/03/2024,Mouse Sem Fio,Periféricos,GO,Marketplace,2,"R$ 183,74","0,0%","R$ 451,48",sim,4.0
PED-100452,17/10/2024,Cadeira Ergo,Mobiliário,MG,E-commerce,6,"R$ 1.911,99","9,5%","R$ 9.263,63",nao,1.0
PED-100453,27/02/2025,Teclado Mecânico,Periféricos,PR,Loja Física,3,"R$ 452,78","6,8%","R$ 1.697,50",sim,4.0
PED-100454,02/02/2024,Notebook Pro,Computadores,MG,E-commerce,1,"R$ 6.809,55","8,1%","R$ 7.056,45",sim,5.0
PED-100455,08/02/2025,Teclado Mecânico,Periféricos,GO,Marketplace,1,"R$ 402,56","13,2%","R$ 468,67",sim,5.0
PED-100456,07/08/2025,Notebook Pro,Computadores,SP,E-commerce,1,"R$ 6.739,55","4,6%","R$ 7.458,35",sim,2.0
PED-100457,11/06/2025,Teclado Mecânico,Periféricos,CE,E-commerce,1,"R$ 408,60","4,8%","R$ 549,50",nao,4.0
PED-100458,14/03/2025,"Monitor 27""",Periféricos,CE,E-commerce,1,"R$ 1.589,98","5,0%","R$ 2.200,15",sim,5.0
PED-100459,29/05/2025,Webcam HD,Áudio,MG,Loja Física,2,"R$ 276,99","2,5%","R$ 807,32",nao,4.0
PED-100460,19/08/2024,"Monitor 27""",Periféricos,PE,Televendas,2,"R$ 1.245,52","12,2%","R$ 1.255,13",sim,3.0
PED-100461,28/07/2024,Mouse Sem Fio,Periféricos,MG,Loja Física,1,"R$ 192,55","8,0%","R$ 194,20",sim,3.0
PED-100462,23/02/2024,"Monitor 27""",Periféricos,SP,E-commerce,3,"R$ 1.556,86","12,8%","R$ 4.593,11",sim,2.0
PED-100463,07/04/2025,"Monitor 27""",Periféricos,RS,Marketplace,3,"R$ 1.503,61","3,2%","R$ 6.602,32",sim,2.0
PED-100464,20/07/2024,"Monitor 27""",Periféricos,SP,Loja Física,4,"R$ 1.513,57","4,4%","R$ 6.342,46",sim,4.0
PED-100465,09/07/2025,Mouse Sem Fio,Periféricos,SP,Marketplace,1,"R$ 181,41","13,2%","R$ 202,74",sim,2.0
PED-100466,25/10/2024,Webcam HD,Áudio,SP,Televendas,2,"R$ 285,58","5,5%","R$ 481,75",sim,5.0
PED-100467,25/07/2025,Notebook Pro,Computadores,SP,Marketplace,1,"R$ 6.681,14","8,4%","R$ 7.884,45",sim,5.0
PED-100468,29/03/2024,Headset,Áudio,SP,E-commerce,1,"R$ 323,94","7,0%","R$ 369,98",nao,4.0
PED-100469,13/04/2024,Webcam HD,Áudio,SC,Marketplace,1,"R$ 295,07","0,0%","R$ 377,27",nao,1.0
PED-100470,10/08/2024,Mesa Ajustável,Mobiliário,PR,Marketplace,6,"R$ 2.625,13","9,2%","R$ 8.208,35",nao,2.0
PED-100471,18/01/2024,Notebook Pro,Computadores,RJ,Televendas,1,"R$ 7.496,11","11,5%","R$ 6.632,06",sim,4.0
PED-100472,10/11/2024,Cadeira Ergo,Mobiliário,SP,E-commerce,2,"R$ 1.840,80","19,5%","R$ 2.782,73",sim,5.0
PED-100473,20/02/2025,Mesa Ajustável,Mobiliário,SP,E-commerce,1,"R$ 2.565,44","11,0%","R$ 3.061,48",nao,2.0
PED-100474,27/02/2025,Mouse Sem Fio,Periféricos,PE,E-commerce,1,"R$ 174,96","3,4%","R$ 226,63",nao,4.0
PED-100475,17/05/2024,Headset,Áudio,SP,Loja Física,2,"R$ 361,39","5,4%","R$ 865,73",sim,
PED-100476,15/04/2024,Notebook Pro,Computadores,SP,Loja Física,4,"R$ 6.408,87","4,3%","R$ 31.380,19",sim,
PED-100477,26/12/2024,Notebook Pro,Computadores,BA,E-commerce,1,"R$ 7.539,18","14,6%","R$ 6.736,59",sim,1.0
PED-100478,09/02/2025,Mesa Ajustável,Mobiliário,SP,E-commerce,3,"R$ 2.357,24","15,0%","R$ 8.060,52",sim,4.0
PED-100479,27/08/2025,Teclado Mecânico,Periféricos,SP,Televendas,3,"R$ 410,39","12,4%","R$ 1.252,20",nao,3.0
PED-100480,27/07/2025,Webcam HD,Áudio,SC,Marketplace,2,"R$ 316,18","0,0%","R$ 814,47",nao,5.0
PED-100481,30/08/2024,Teclado Mecânico,Periféricos,BA,Marketplace,3,"R$ 425,76","2,5%","R$ 714,50",sim,5.0
PED-100482,13/04/2024,Mouse Sem Fio,Periféricos,MG,Televendas,1,"R$ 194,97","10,5%","R$ 223,22",sim,3.0
PED-100483,10/06/2024,"Monitor 27""",Periféricos,SP,E-commerce,1,"R$ 1.494,27","0,9%","R$ 1.775,77",sim,1.0
PED-100484,18/07/2025,"Monitor 27""",Periféricos,PR,Marketplace,1,"R$ 1.483,71","3,6%","R$ 1.841,95",sim,1.0
PED-100485,19/10/2024,"Monitor 27""",Periféricos,CE,Televendas,3,"R$ 1.354,73","0,0%","R$ 3.626,56",sim,3.0
PED-100486,27/09/2025,"Monitor 27""",Periféricos,CE,Televendas,3,"R$ 1.368,14","19,1%","R$ 3.546,73",nao,5.0
PED-100487,24/02/2025,Notebook Pro,Computadores,GO,Marketplace,1,"R$ 6.417,21","11,0%","R$ 7.659,78",sim,5.0
PED-100488,15/01/2025,Headset,Áudio,SC,Marketplace,2,"R$ 309,67","4,4%","R$ 705,56",sim,5.0
PED-100489,05/03/2024,Teclado Mecânico,Periféricos,SC,Televendas,1,"R$ 387,25","5,3%","R$ 450,62",nao,3.0
PED-100490,13/01/2025,Mouse Sem Fio,Periféricos,RS,Televendas,3,"R$ 187,48","7,0%","R$ 623,35",sim,2.0
PED-100491,31/08/2024,Notebook Pro,Computadores,PR,Marketplace,2,"R$ 6.755,76","14,0%","R$ 6.670,02",nao,5.0
PED-100492,23/06/2025,Webcam HD,Áudio,SP,Loja Física,2,"R$ 286,16","0,2%","R$ 806,49",sim,2.0
PED-100493,26/03/2024,Webcam HD,Áudio,BA,Loja Física,3,"R$ 307,53","14,4%","R$ 970,24",sim,5.0
PED-100494,02/05/2024,Mesa Ajustável,Mobiliário,RJ,Marketplace,1,"R$ 2.462,77","5,4%","R$ 2.952,36",nao,3.0
PED-100495,27/02/2025,Mouse Sem Fio,Periféricos,SP,Loja Física,3,"R$ 195,92","6,1%","R$ 739,88",sim,
PED-100496,11/03/2025,Mesa Ajustável,Mobiliário,SP,Loja Física,1,"R$ 2.345,34","2,5%","R$ 3.332,74",nao,2.0
PED-100497,15/06/2025,Mouse Sem Fio,Periféricos,SC,Marketplace,7,"R$ 177,58","7,6%","R$ 1.621,10",sim,5.0
PED-100498,01/12/2024,Teclado Mecânico,Periféricos,RJ,Loja Física,2,"R$ 401,61","7,1%","R$ 781,31",sim,2.0
PED-100499,29/08/2024,Webcam HD,Áudio,MG,Marketplace,2,"R$ 295,04","7,7%","R$ 312,47",sim,
PED-100500,14/07/2024,Mouse Sem Fio,Periféricos,BA,Marketplace,4,"R$ 189,55","7,4%","R$ 769,63",sim,5.0
PED-100501,25/08/2024,Headset,Áudio,RJ,E-commerce,1,"R$ 340,30","10,8%","R$ 174,16",sim,3.0
PED-100502,28/02/2025,"Monitor 27""",Periféricos,SC,Loja Física,3,"R$ 1.373,67","8,5%","R$ 5.054,91",sim,3.0
PED-100503,11/12/2024,Teclado Mecânico,Periféricos,SP,Loja Física,1,"R$ 372,32","11,2%","R$ 345,88",sim,2.0
PED-100504,08/07/2024,Headset,Áudio,BA,Televendas,2,"R$ 331,97","0,0%","R$ 727,67",sim,5.0
PED-100505,17/05/2024,Mouse Sem Fio,Periféricos,RJ,E-commerce,2,"R$ 185,85","5,6%","R$ 444,56",nao,5.0
PED-100506,30/03/2025,"Monitor 27""",Periféricos,SP,Marketplace,2,"R$ 1.492,15","6,3%","R$ 4.074,34",sim,5.0
PED-100507,07/06/2024,Cadeira Ergo,Mobiliário,SP,Televendas,2,"R$ 1.982,81","3,2%","R$ 4.600,20",sim,2.0
PED-100508,13/05/2024,Notebook Pro,Computadores,SP,Televendas,1,"R$ 7.031,57","13,1%","R$ 7.736,43",sim,2.0
PED-100509,30/07/2024,Mouse Sem Fio,Periféricos,BA,Marketplace,1,"R$ 168,08","9,1%","R$ 167,44",sim,1.0
PED-100510,30/06/2025,Notebook Pro,Computadores,MG,Loja Física,2,"R$ 7.107,49","14,4%","R$ 17.177,71",sim,1.0
PED-100511,19/10/2024,Cadeira Ergo,Mobiliário,RJ,E-commerce,3,"R$ 1.984,88","16,5%","R$ 4.436,06",nao,1.0
PED-100512,15/01/2025,Mouse Sem Fio,Periféricos,SP,Televendas,5,"R$ 168,42","12,2%","R$ 881,27",nao,4.0
PED-100513,22/02/2024,Cadeira Ergo,Mobiliário,PR,Loja Física,2,"R$ 2.019,16","14,1%","R$ 3.911,13",nao,4.0
PED-100514,08/08/2024,Mouse Sem Fio,Periféricos,PR,Loja Física,1,"R$ 167,24","2,4%","R$ 93,68",nao,4.0
PED-100515,26/04/2025,"Monitor 27""",Periféricos,BA,Televendas,1,"R$ 1.495,14","2,0%","R$ 2.217,32",sim,
PED-100516,09/05/2025,Webcam HD,Áudio,MG,Marketplace,2,"R$ 266,49","9,9%","R$ 718,18",nao,4.0
PED-100517,05/01/2025,"Monitor 27""",Periféricos,PE,Televendas,6,"R$ 1.301,38","10,5%","R$ 8.333,48",sim,2.0
PED-100518,14/07/2025,Cadeira Ergo,Mobiliário,RS,Loja Física,4,"R$ 1.960,77","7,8%","R$ 9.318,11",sim,3.0
PED-100519,10/07/2024,Cadeira Ergo,Mobiliário,SP,Televendas,1,"R$ 1.872,23","12,6%","R$ 1.792,42",sim,1.0
PED-100520,15/04/2024,Notebook Pro,Computadores,MG,Televendas,2,"R$ 6.559,33","4,0%","R$ 16.109,00",nao,2.0
PED-100521,19/02/2024,Teclado Mecânico,Periféricos,SP,Marketplace,3,"R$ 408,42","16,3%","R$ 1.156,59",sim,5.0
PED-100522,07/05/2024,Cadeira Ergo,Mobiliário,MG,Televendas,1,"R$ 1.901,22","8,7%","R$ 2.199,68",sim,4.0
PED-100523,03/05/2025,Notebook Pro,Computadores,SC,Marketplace,4,"R$ 6.693,74","13,9%","R$ 34.470,29",nao,2.0
PED-100524,01/08/2025,Mouse Sem Fio,Periféricos,RS,Loja Física,3,"R$ 163,44","0,0%","R$ 569,03",nao,2.0
PED-100525,24/03/2024,Mouse Sem Fio,Periféricos,PR,Marketplace,1,"R$ 179,40","6,8%","R$ 205,40",sim,5.0
PED-100526,17/11/2024,Mesa Ajustável,Mobiliário,RJ,Loja Física,1,"R$ 2.456,04","5,0%","R$ 2.190,33",nao,2.0
PED-100527,26/03/2024,Mesa Ajustável,Mobiliário,SP,E-commerce,1,"R$ 2.506,95","8,7%","R$ 2.812,72",nao,1.0
PED-100528,24/06/2025,Webcam HD,Áudio,RJ,Marketplace,1,"R$ 320,42","15,7%","R$ 381,47",sim,4.0
PED-100529,24/03/2024,Mesa Ajustável,Mobiliário,BA,Loja Física,1,"R$ 2.530,39","2,0%","R$ 3.048,03",nao,1.0
PED-100530,13/02/2025,Teclado Mecânico,Periféricos,SP,Televendas,4,"R$ 431,55","9,1%","R$ 2.104,11",nao,3.0
PED-100531,22/02/2024,"Monitor 27""",Periféricos,SP,Marketplace,1,"R$ 1.556,78","5,5%","R$ 1.658,46",nao,2.0
PED-100532,17/04/2025,Notebook Pro,Computadores,PR,Marketplace,1,"R$ 7.026,39","5,9%","R$ 9.999,69",sim,3.0
PED-100533,03/08/2025,Cadeira Ergo,Mobiliário,SP,Televendas,3,"R$ 1.935,07","10,1%","R$ 6.055,05",sim,2.0
PED-100534,13/04/2025,Notebook Pro,Computadores,SP,E-commerce,2,"R$ 6.610,58","4,1%","R$ 19.189,06",sim,2.0
PED-100535,21/06/2024,Cadeira Ergo,Mobiliário,SP,Marketplace,1,"R$ 1.979,13","0,0%","R$ 2.372,58",nao,5.0
PED-100536,22/06/2025,Headset,Áudio,SP,E-commerce,3,"R$ 354,70","11,7%","R$ 1.326,30",sim,3.0
PED-100537,15/07/2024,Headset,Áudio,SP,Televendas,3,"R$ 354,86","5,8%","R$ 1.098,70",nao,2.0
PED-100538,27/04/2025,Mouse Sem Fio,Periféricos,RJ,Televendas,5,"R$ 181,01","3,4%","R$ 1.322,22",sim,1.0
PED-100539,16/06/2025,Mouse Sem Fio,Periféricos,MG,Loja Física,1,"R$ 203,25","8,0%","R$ 263,90",sim,5.0
PED-100540,06/11/2024,"Monitor 27""",Periféricos,RJ,Loja Física,1,"R$ 1.556,39","16,9%","R$ 1.213,93",sim,1.0
PED-100541,31/01/2025,Mouse Sem Fio,Periféricos,PE,Loja Física,1,"R$ 182,65","0,0%","R$ 217,72",sim,4.0
PED-100542,01/07/2025,Cadeira Ergo,Mobiliário,BA,Televendas,1,"R$ 1.838,93","9,4%","R$ 2.144,96",sim,1.0
PED-100543,29/04/2024,Teclado Mecânico,Periféricos,PR,Televendas,2,"R$ 386,90","7,8%","R$ 912,16",sim,2.0
PED-100544,13/01/2024,Mouse Sem Fio,Periféricos,MG,Marketplace,1,"R$ 151,77","7,3%","R$ 140,62",nao,5.0
PED-100545,05/10/2024,Cadeira Ergo,Mobiliário,PE,Marketplace,2,"R$ 1.789,46","9,2%","R$ 2.899,28",sim,5.0
PED-100546,26/04/2024,Teclado Mecânico,Periféricos,RJ,Televendas,3,"R$ 389,72","7,3%","R$ 1.385,19",sim,3.0
PED-100547,19/07/2025,Headset,Áudio,SP,Marketplace,3,"R$ 380,47","15,8%","R$ 1.237,84",sim,3.0
PED-100548,08/07/2025,Headset,Áudio,RJ,Marketplace,1,"R$ 326,25","0,8%","R$ 417,02",sim,2.0
PED-100549,28/08/2024,Mesa Ajustável,Mobiliário,MG,Televendas,4,"R$ 2.468,15","12,2%","R$ 4.977,60",nao,1.0
PED-100550,16/07/2024,"Monitor 27""",Periféricos,SP,Marketplace,4,"R$ 1.471,80","7,5%","R$ 5.969,53",sim,4.0
PED-100551,30/03/2025,Headset,Áudio,RJ,Televendas,5,"R$ 351,05","0,5%","R$ 2.544,73",sim,
PED-100552,17/10/2024,"Monitor 27""",Periféricos,SC,Marketplace,1,"R$ 1.567,03","13,8%","R$ 1.205,75",sim,
PED-100553,02/03/2024,Webcam HD,Áudio,SC,E-commerce,2,"R$ 250,49","13,0%","R$ 535,45",nao,3.0
PED-100554,28/02/2025,Notebook Pro,Computadores,CE,Loja Física,3,"R$ 6.404,87","5,8%","R$ 24.280,11",sim,2.0
PED-100555,10/04/2025,Headset,Áudio,SP,Marketplace,2,"R$ 340,07","12,0%","R$ 905,85",nao,4.0
PED-100556,14/02/2024,"Monitor 27""",Periféricos,RS,Loja Física,1,"R$ 1.453,05","12,1%","R$ 1.440,24",sim,3.0
PED-100557,11/05/2025,Teclado Mecânico,Periféricos,SC,Televendas,3,"R$ 428,58","5,4%","R$ 1.818,90",sim,1.0
PED-100558,07/12/2024,Teclado Mecânico,Periféricos,SP,Loja Física,5,"R$ 407,53","8,1%","R$ 1.959,72",sim,2.0
PED-100559,12/06/2025,Teclado Mecânico,Periféricos,PE,E-commerce,3,"R$ 399,60","10,4%","R$ 1.515,86",nao,1.0
PED-100560,28/06/2025,Headset,Áudio,MG,Loja Física,1,"R$ 309,26","7,6%","R$ 403,61",sim,5.0
PED-100561,07/03/2025,Mouse Sem Fio,Periféricos,SP,E-commerce,2,"R$ 192,60","11,8%","R$ 495,09",nao,1.0
PED-100562,01/08/2024,Mesa Ajustável,Mobiliário,SC,E-commerce,2,"R$ 2.458,14","8,3%","R$ 2.587,38",nao,3.0
PED-100563,25/08/2024,"Monitor 27""",Periféricos,SC,Marketplace,3,"R$ 1.471,25","2,3%","R$ 2.474,15",sim,2.0
PED-100564,08/04/2025,Mouse Sem Fio,Periféricos,SC,Loja Física,2,"R$ 181,52","13,8%","R$ 473,61",sim,1.0
PED-100565,11/02/2024,Mesa Ajustável,Mobiliário,RS,E-commerce,1,"R$ 2.285,99","8,2%","R$ 2.366,65",sim,3.0
PED-100566,27/05/2024,Mesa Ajustável,Mobiliário,SP,Loja Física,2,"R$ 2.351,82","8,5%","R$ 5.451,12",nao,1.0
PED-100567,28/11/2024,Mesa Ajustável,Mobiliário,RJ,Loja Física,1,"R$ 2.417,80","15,7%","R$ 1.912,87",sim,4.0
PED-100568,26/08/2025,Teclado Mecânico,Periféricos,SP,E-commerce,2,"R$ 400,67","12,0%","R$ 818,32",sim,3.0
PED-100569,29/04/2025,Webcam HD,Áudio,RS,Televendas,3,"R$ 289,63","6,1%","R$ 1.234,17",nao,1.0
PED-100570,05/06/2025,Mesa Ajustável,Mobiliário,RS,Marketplace,3,"R$ 2.303,06","5,5%","R$ 9.216,32",sim,2.0
PED-100571,02/05/2024,Webcam HD,Áudio,RJ,Televendas,4,"R$ 250,80","0,0%","R$ 1.270,76",sim,3.0
PED-100572,28/06/2024,"Monitor 27""",Periféricos,PR,Loja Física,1,"R$ 1.380,08","18,8%","R$ 1.343,87",nao,3.0
PED-100573,19/06/2024,Webcam HD,Áudio,CE,E-commerce,2,"R$ 310,75","8,8%","R$ 679,62",sim,5.0
PED-100574,24/04/2025,Notebook Pro,Computadores,SP,Marketplace,3,"R$ 6.388,17","4,2%","R$ 27.778,63",sim,3.0
PED-100575,09/12/2024,Mesa Ajustável,Mobiliário,RJ,Televendas,2,"R$ 2.180,17","11,2%","R$ 4.053,16",sim,
PED-100576,15/05/2024,Notebook Pro,Computadores,SP,Loja Física,4,"R$ 6.681,38","16,7%","R$ 28.206,31",nao,1.0
PED-100577,23/04/2025,Cadeira Ergo,Mobiliário,PR,Loja Física,1,"R$ 2.109,72","12,3%","R$ 2.800,31",sim,3.0
PED-100578,12/02/2025,"Monitor 27""",Periféricos,RJ,Marketplace,1,"R$ 1.485,97","8,8%","R$ 1.817,71",sim,4.0
PED-100579,27/07/2025,Mesa Ajustável,Mobiliário,RS,Loja Física,3,"R$ 2.337,47","6,1%","R$ 8.482,40",sim,5.0
PED-100580,23/12/2024,Cadeira Ergo,Mobiliário,SP,Marketplace,3,"R$ 2.016,52","13,7%","R$ 5.463,25",sim,4.0
PED-100581,21/03/2024,Headset,Áudio,RJ,E-commerce,3,"R$ 329,69","6,7%","R$ 1.134,27",sim,1.0
PED-100582,22/07/2025,Headset,Áudio,SP,Marketplace,2,"R$ 346,91","11,6%","R$ 789,76",sim,3.0
PED-100583,27/04/2024,Cadeira Ergo,Mobiliário,PR,Marketplace,1,"R$ 1.646,94","0,0%","R$ 2.105,71",nao,4.0
PED-100584,05/02/2024,Headset,Áudio,PR,Marketplace,1,"R$ 370,14","5,7%","R$ 393,58",sim,3.0
PED-100585,26/05/2025,Mesa Ajustável,Mobiliário,SP,E-commerce,2,"R$ 2.295,10","10,6%","R$ 6.134,76",sim,4.0
PED-100586,15/10/2024,Mouse Sem Fio,Periféricos,PR,Marketplace,2,"R$ 174,21","7,9%","R$ 286,31",nao,2.0
PED-100587,16/02/2025,Headset,Áudio,RJ,Loja Física,2,"R$ 311,39","4,3%","R$ 798,87",nao,1.0
PED-100588,23/03/2024,"Monitor 27""",Periféricos,MG,E-commerce,3,"R$ 1.443,71","1,5%","R$ 5.244,07",sim,4.0
PED-100589,06/04/2025,Cadeira Ergo,Mobiliário,RJ,E-commerce,1,"R$ 1.939,53","13,7%","R$ 2.531,15",sim,5.0
PED-100590,16/09/2024,Headset,Áudio,PR,E-commerce,1,"R$ 332,32","14,1%","R$ 260,56",sim,3.0
PED-100591,29/09/2025,Notebook Pro,Computadores,SP,Loja Física,1,"R$ 6.667,04","1,9%","R$ 6.988,62",sim,4.0
PED-100592,11/02/2025,Notebook Pro,Computadores,CE,Televendas,2,"R$ 6.763,82","0,0%","R$ 18.138,94",nao,3.0
PED-100593,24/08/2025,Teclado Mecânico,Periféricos,GO,E-commerce,3,"R$ 376,16","16,8%","R$ 1.089,57",sim,4.0
PED-100594,22/05/2025,Notebook Pro,Computadores,SP,Televendas,1,"R$ 6.770,99","10,9%","R$ 9.019,89",nao,3.0
PED-100595,23/06/2025,Teclado Mecânico,Periféricos,BA,E-commerce,1,"R$ 428,70","6,9%","R$ 563,65",nao,1.0
PED-100596,26/02/2024,Teclado Mecânico,Periféricos,RJ,E-commerce,3,"R$ 410,27","6,7%","R$ 1.295,64",sim,4.0
PED-100597,12/05/2025,"Monitor 27""",Periféricos,RJ,E-commerce,4,"R$ 1.292,60","3,5%","R$ 7.464,52",sim,3.0
PED-100598,21/01/2025,Teclado Mecânico,Periféricos,MG,Marketplace,4,"R$ 390,05","5,1%","R$ 1.764,81",nao,2.0
PED-100599,09/09/2024,Headset,Áudio,RJ,Marketplace,2,"R$ 341,58","6,5%","R$ 583,35",sim,4.0
PED-100600,18/07/2024,Cadeira Ergo,Mobiliário,GO,E-commerce,1,"R$ 1.958,36","13,8%","R$ 1.850,50",sim,1.0
PED-100601,14/02/2025,Notebook Pro,Computadores,PE,Televendas,3,"R$ 6.113,66","11,1%","R$ 21.858,64",nao,2.0
PED-100602,06/05/2024,Notebook Pro,Computadores,SP,Televendas,3,"R$ 7.108,88","2,9%","R$ 26.221,15",nao,5.0
PED-100603,28/04/2024,Notebook Pro,Computadores,SP,E-commerce,1,"R$ 7.352,43","10,4%","R$ 8.421,45",sim,3.0
PED-100604,13/07/2025,Cadeira Ergo,Mobiliário,CE,Televendas,2,"R$ 1.689,12","13,2%","R$ 3.778,37",sim,4.0
PED-100605,01/05/2025,Notebook Pro,Computadores,BA,Televendas,2,"R$ 6.992,78","8,4%","R$ 19.152,36",nao,5.0
PED-100606,13/01/2025,Teclado Mecânico,Periféricos,RJ,Televendas,6,"R$ 428,05","11,5%","R$ 2.709,23",sim,3.0
PED-100607,29/04/2025,"Monitor 27""",Periféricos,RS,E-commerce,5,"R$ 1.550,51","8,4%","R$ 10.741,23",nao,4.0
PED-100608,25/07/2024,Mesa Ajustável,Mobiliário,PR,Loja Física,1,"R$ 2.424,12","8,7%","R$ 2.426,96",sim,2.0
PED-100609,06/04/2025,Notebook Pro,Computadores,MG,Televendas,4,"R$ 6.978,06","7,8%","R$ 38.931,54",sim,3.0
PED-100610,11/05/2024,Notebook Pro,Computadores,BA,E-commerce,1,"R$ 6.885,85","0,8%","R$ 8.654,55",sim,1.0
PED-100611,11/10/2024,Mouse Sem Fio,Periféricos,BA,E-commerce,3,"R$ 173,67","3,0%","R$ 451,11",sim,1.0
PED-100612,04/04/2024,Mesa Ajustável,Mobiliário,MG,E-commerce,2,"R$ 2.308,68","6,9%","R$ 5.496,47",sim,1.0
PED-100613,30/08/2024,Mouse Sem Fio,Periféricos,RJ,Televendas,2,"R$ 196,12","6,0%","R$ 211,65",nao,2.0
PED-100614,05/08/2024,Teclado Mecânico,Periféricos,SP,E-commerce,1,"R$ 439,02","0,0%","R$ 252,01",sim,1.0
PED-100615,25/09/2024,Teclado Mecânico,Periféricos,RS,E-commerce,1,"R$ 380,72","15,4%","R$ 294,08",sim,5.0
PED-100616,31/10/2024,Mesa Ajustável,Mobiliário,PR,Televendas,4,"R$ 2.343,29","1,2%","R$ 8.259,98",nao,1.0
PED-100617,22/01/2024,Headset,Áudio,SP,E-commerce,4,"R$ 322,05","9,0%","R$ 1.172,77",nao,1.0
PED-100618,07/08/2024,Notebook Pro,Computadores,PR,E-commerce,1,"R$ 6.338,96","8,9%","R$ 3.315,70",sim,5.0
PED-100619,24/06/2025,Notebook Pro,Computadores,BA,E-commerce,3,"R$ 6.696,59","13,5%","R$ 24.530,03",sim,2.0
PED-100620,04/10/2024,Headset,Áudio,RS,Marketplace,1,"R$ 314,92","11,7%","R$ 248,26",nao,4.0
PED-100621,13/12/2024,Teclado Mecânico,Periféricos,SP,Televendas,2,"R$ 446,28","10,1%","R$ 840,08",nao,1.0
PED-100622,06/03/2024,Notebook Pro,Computadores,RS,Marketplace,2,"R$ 6.901,25","5,5%","R$ 16.020,73",sim,4.0
PED-100623,05/09/2024,Mesa Ajustável,Mobiliário,BA,Televendas,4,"R$ 2.446,56","8,7%","R$ 8.154,19",nao,2.0
PED-100624,12/09/2025,Teclado Mecânico,Periféricos,SP,Loja Física,1,"R$ 418,71","13,6%","R$ 386,45",sim,3.0
PED-100625,16/12/2024,Webcam HD,Áudio,PR,Loja Física,1,"R$ 287,82","0,0%","R$ 301,25",nao,4.0
PED-100626,13/01/2024,Cadeira Ergo,Mobiliário,GO,Televendas,1,"R$ 1.862,69","12,4%","R$ 1.631,43",sim,3.0
PED-100627,06/04/2025,Mesa Ajustável,Mobiliário,RS,Marketplace,4,"R$ 2.487,26","4,1%","R$ 14.438,91",nao,4.0
PED-100628,07/05/2025,Webcam HD,Áudio,GO,Marketplace,1,"R$ 292,55","13,3%","R$ 379,46",sim,3.0
PED-100629,01/09/2024,Notebook Pro,Computadores,SP,Marketplace,2,"R$ 7.462,44","0,0%","R$ 13.627,72",nao,2.0
PED-100630,21/01/2024,Notebook Pro,Computadores,CE,Loja Física,3,"R$ 7.183,11","6,2%","R$ 20.222,22",nao,1.0
PED-100631,15/06/2025,Headset,Áudio,BA,Televendas,3,"R$ 344,46","4,4%","R$ 1.395,45",sim,4.0
PED-100632,10/06/2024,Cadeira Ergo,Mobiliário,SP,Televendas,2,"R$ 1.884,23","13,0%","R$ 3.929,88",nao,5.0
PED-100633,11/08/2025,Cadeira Ergo,Mobiliário,MG,Loja Física,4,"R$ 1.745,27","3,5%","R$ 7.818,01",sim,5.0
PED-100634,20/08/2024,Headset,Áudio,MG,E-commerce,1,"R$ 338,15","11,9%","R$ 170,97",sim,4.0
PED-100635,04/09/2024,Headset,Áudio,CE,Marketplace,4,"R$ 325,28","11,6%","R$ 1.050,06",sim,1.0
PED-100636,22/05/2025,Teclado Mecânico,Periféricos,PE,E-commerce,3,"R$ 441,71","4,1%","R$ 1.901,01",sim,1.0
PED-100637,29/03/2024,Teclado Mecânico,Periféricos,SP,Loja Física,2,"R$ 393,98","3,8%","R$ 931,03",sim,1.0
PED-100638,19/01/2024,Mesa Ajustável,Mobiliário,SP,Marketplace,1,"R$ 2.434,10","9,0%","R$ 2.215,31",nao,2.0
PED-100639,01/05/2025,"Monitor 27""",Periféricos,RS,Televendas,1,"R$ 1.523,97","5,6%","R$ 2.151,02",sim,2.0
PED-100640,15/08/2025,Mouse Sem Fio,Periféricos,SP,Loja Física,1,"R$ 153,82","5,9%","R$ 167,91",sim,3.0
PED-100641,27/09/2025,Notebook Pro,Computadores,SC,Televendas,1,"R$ 7.390,37","7,0%","R$ 7.342,55",sim,2.0
PED-100642,23/03/2024,Mouse Sem Fio,Periféricos,BA,Marketplace,1,"R$ 209,60","3,6%","R$ 248,21",nao,5.0
PED-100643,04/04/2024,Notebook Pro,Computadores,RS,Televendas,2,"R$ 7.264,76","9,3%","R$ 16.840,22",sim,3.0
PED-100644,04/08/2024,"Monitor 27""",Periféricos,RS,Marketplace,3,"R$ 1.473,42","8,4%","R$ 2.323,61",sim,3.0
PED-100645,01/04/2025,Mouse Sem Fio,Periféricos,SC,Televendas,3,"R$ 167,97","4,7%","R$ 726,37",nao,4.0
PED-100646,06/08/2025,Headset,Áudio,SP,Marketplace,1,"R$ 344,57","8,7%","R$ 365,19",sim,1.0
PED-100647,12/06/2025,Mouse Sem Fio,Periféricos,RJ,Loja Física,1,"R$ 179,85","0,0%","R$ 253,94",sim,4.0
PED-100648,27/08/2024,Mouse Sem Fio,Periféricos,BA,E-commerce,2,"R$ 183,36","5,7%","R$ 198,45",sim,5.0
PED-100649,12/08/2025,Headset,Áudio,SP,Marketplace,4,"R$ 346,25","7,5%","R$ 1.486,77",nao,2.0
PED-100650,13/06/2024,Webcam HD,Áudio,MG,Televendas,3,"R$ 294,73","10,3%","R$ 950,80",nao,1.0
PED-100651,19/03/2024,Teclado Mecânico,Periféricos,MG,Loja Física,2,"R$ 419,11","6,0%","R$ 967,94",sim,2.0
PED-100652,05/10/2024,Mesa Ajustável,Mobiliário,PE,Marketplace,3,"R$ 2.461,97","8,4%","R$ 6.039,68",sim,1.0
PED-100653,28/02/2024,Webcam HD,Áudio,RS,Televendas,3,"R$ 308,70","5,5%","R$ 987,19",sim,2.0
PED-100654,10/03/2025,Teclado Mecânico,Periféricos,RS,Marketplace,2,"R$ 403,07","0,2%","R$ 1.172,25",nao,5.0
PED-100655,24/09/2025,Notebook Pro,Computadores,PR,Marketplace,2,"R$ 6.864,85","6,3%","R$ 13.739,35",sim,5.0
PED-100656,09/03/2024,Notebook Pro,Computadores,RS,E-commerce,4,"R$ 6.480,40","14,9%","R$ 27.094,05",sim,5.0
PED-100657,15/03/2024,Mouse Sem Fio,Periféricos,RS,Televendas,1,"R$ 185,79","12,9%","R$ 198,89",nao,3.0
PED-100658,24/04/2024,Mouse Sem Fio,Periféricos,SP,Marketplace,4,"R$ 176,50","5,5%","R$ 852,81",sim,2.0
PED-100659,23/04/2024,Cadeira Ergo,Mobiliário,SP,E-commerce,2,"R$ 1.714,81","18,1%","R$ 3.591,47",sim,2.0
PED-100660,08/12/2024,Teclado Mecânico,Periféricos,RS,Marketplace,5,"R$ 400,82","13,1%","R$ 1.823,00",sim,1.0
PED-100661,02/01/2025,Webcam HD,Áudio,SP,Loja Física,2,"R$ 281,37","5,5%","R$ 633,65",sim,1.0
PED-100662,31/08/2025,Cadeira Ergo,Mobiliário,BA,E-commerce,4,"R$ 1.718,93","1,3%","R$ 7.877,40",sim,2.0
PED-100663,12/10/2024,Notebook Pro,Computadores,SP,E-commerce,3,"R$ 6.972,63","3,4%","R$ 18.027,62",nao,3.0
PED-100664,16/08/2025,Webcam HD,Áudio,CE,Televendas,1,"R$ 294,72","0,0%","R$ 342,04",sim,4.0
PED-100665,25/04/2025,"Monitor 27""",Periféricos,SP,Televendas,5,"R$ 1.441,49","1,1%","R$ 10.782,60",sim,2.0
PED-100666,01/07/2025,"Monitor 27""",Periféricos,MG,Marketplace,3,"R$ 1.487,95","11,4%","R$ 5.094,13",sim,5.0
PED-100667,01/05/2024,Mouse Sem Fio,Periféricos,SP,E-commerce,4,"R$ 192,73","0,0%","R$ 976,55",nao,4.0
PED-100668,17/10/2024,Cadeira Ergo,Mobiliário,RS,Loja Física,3,"R$ 2.057,03","19,0%","R$ 4.458,68",sim,5.0
PED-100669,08/08/2025,Teclado Mecânico,Periféricos,SP,Marketplace,1,"R$ 405,47","3,4%","R$ 454,54",sim,2.0
PED-100670,25/04/2025,Mouse Sem Fio,Periféricos,BA,Loja Física,3,"R$ 172,90","11,4%","R$ 694,89",sim,1.0
PED-100671,19/05/2024,Headset,Áudio,GO,Marketplace,2,"R$ 325,87","13,8%","R$ 711,29",sim,2.0
PED-100672,25/06/2025,Notebook Pro,Computadores,RJ,E-commerce,2,"R$ 5.865,00","4,3%","R$ 15.855,77",sim,3.0
PED-100673,07/05/2025,Mesa Ajustável,Mobiliário,SP,E-commerce,1,"R$ 2.514,47","7,5%","R$ 3.478,54",sim,3.0
PED-100674,03/04/2024,Teclado Mecânico,Periféricos,MG,Marketplace,5,"R$ 385,15","9,0%","R$ 2.241,48",sim,5.0
PED-100675,13/02/2024,Mouse Sem Fio,Periféricos,PR,Marketplace,2,"R$ 172,37","0,0%","R$ 388,78",nao,2.0
PED-100676,14/06/2024,Mesa Ajustável,Mobiliário,PR,E-commerce,2,"R$ 2.243,30","9,4%","R$ 4.872,82",sim,5.0
PED-100677,29/10/2024,Webcam HD,Áudio,PE,Marketplace,2,"R$ 304,63","15,9%","R$ 457,47",sim,4.0
PED-100678,08/04/2024,Cadeira Ergo,Mobiliário,RS,E-commerce,4,"R$ 1.934,19","12,5%","R$ 8.651,41",sim,1.0
PED-100679,21/01/2024,Mesa Ajustável,Mobiliário,MG,Televendas,1,"R$ 2.444,64","12,5%","R$ 2.138,15",sim,5.0
PED-100680,11/03/2024,Mesa Ajustável,Mobiliário,PE,Loja Física,2,"R$ 2.256,70","4,9%","R$ 5.271,16",sim,4.0
PED-100681,19/07/2024,Notebook Pro,Computadores,SP,Televendas,1,"R$ 6.759,37","4,8%","R$ 7.051,85",nao,5.0
PED-100682,06/09/2024,Mouse Sem Fio,Periféricos,SC,E-commerce,2,"R$ 180,17","5,4%","R$ 311,32",sim,2.0
PED-100683,18/07/2024,Mouse Sem Fio,Periféricos,GO,E-commerce,1,"R$ 187,80","8,4%","R$ 188,51",nao,1.0
PED-100684,13/10/2024,Webcam HD,Áudio,SP,Loja Física,4,"R$ 271,80","11,3%","R$ 860,99",sim,5.0
PED-100685,05/04/2025,"Monitor 27""",Periféricos,SP,Televendas,3,"R$ 1.349,42","13,6%","R$ 5.288,73",sim,2.0
PED-100686,07/06/2024,"Monitor 27""",Periféricos,MG,Televendas,3,"R$ 1.420,82","5,7%","R$ 4.819,33",sim,5.0
PED-100687,18/10/2024,Webcam HD,Áudio,PE,Loja Física,3,"R$ 293,59","7,3%","R$ 728,49",sim,4.0
PED-100688,11/04/2025,"Monitor 27""",Periféricos,SC,Marketplace,3,"R$ 1.485,44","13,4%","R$ 5.839,73",sim,4.0
PED-100689,06/02/2024,Webcam HD,Áudio,RS,Loja Física,1,"R$ 288,84","10,2%","R$ 292,38",nao,3.0
PED-100690,24/08/2025,Notebook Pro,Computadores,GO,Loja Física,7,"R$ 6.671,77","9,0%","R$ 49.343,47",nao,2.0
PED-100691,29/09/2025,Mesa Ajustável,Mobiliário,SP,Loja Física,2,"R$ 2.653,21","8,0%","R$ 5.215,12",sim,1.0
PED-100692,04/07/2024,Teclado Mecânico,Periféricos,BA,Marketplace,2,"R$ 384,60","13,2%","R$ 731,79",sim,5.0
PED-100693,22/07/2025,Cadeira Ergo,Mobiliário,RJ,Loja Física,2,"R$ 1.808,50","10,0%","R$ 4.193,35",sim,5.0
PED-100694,10/06/2024,Notebook Pro,Computadores,RJ,Marketplace,1,"R$ 6.591,48","2,8%","R$ 7.680,12",nao,2.0
PED-100695,09/08/2025,Headset,Áudio,RJ,Marketplace,2,"R$ 354,06","0,0%","R$ 821,81",sim,3.0
PED-100696,26/02/2025,Headset,Áudio,RS,Televendas,3,"R$ 323,93","12,5%","R$ 1.139,71",sim,3.0
PED-100697,06/06/2024,Webcam HD,Áudio,SC,Televendas,3,"R$ 277,32","9,9%","R$ 898,11",sim,2.0
PED-100698,09/02/2024,"Monitor 27""",Periféricos,SP,Loja Física,2,"R$ 1.294,42","5,3%","R$ 2.763,90",nao,1.0
PED-100699,09/09/2024,Notebook Pro,Computadores,SP,Loja Física,2,"R$ 6.961,73","9,5%","R$ 11.511,04",nao,3.0
PED-100700,21/04/2025,Mesa Ajustável,Mobiliário,SP,,5,"R$ 2.376,00","4,9%","R$ 17.086,15",sim,2.0
PED-100701,25/05/2024,Headset,Áudio,BA,Loja Física,4,"R$ 324,78","12,4%","R$ 1.441,61",sim,4.0
PED-100702,25/11/2024,Cadeira Ergo,Mobiliário,RS,Marketplace,4,"R$ 1.970,27","3,8%","R$ 7.117,91",sim,2.0
PED-100703,20/03/2024,Mouse Sem Fio,Periféricos,SP,E-commerce,1,"R$ 177,25","1,3%","R$ 215,02",sim,1.0
PED-100704,28/09/2024,Headset,Áudio,SP,Televendas,5,"R$ 351,94","3,4%","R$ 1.551,41",sim,1.0
PED-100705,22/01/2024,Notebook Pro,Computadores,RJ,Marketplace,2,"R$ 7.904,12","1,6%","R$ 15.559,43",sim,5.0
PED-100706,23/09/2025,Notebook Pro,Computadores,RJ,Televendas,1,"R$ 6.577,52","7,6%","R$ 6.495,15",nao,3.0
PED-100707,18/11/2024,Webcam HD,Áudio,SP,Loja Física,5,"R$ 298,38","1,4%","R$ 1.380,56",sim,3.0
PED-100708,22/06/2025,Notebook Pro,Computadores,SC,Marketplace,2,"R$ 7.338,92","6,3%","R$ 19.418,63",sim,5.0
PED-100709,19/03/2024,Webcam HD,Áudio,BA,Televendas,3,"R$ 291,91","0,0%","R$ 1.075,93",sim,2.0
PED-100710,17/04/2024,Cadeira Ergo,Mobiliário,SP,Loja Física,2,"R$ 1.829,49","10,3%","R$ 4.198,28",sim,5.0
PED-100711,22/04/2024,Teclado Mecânico,Periféricos,BA,Loja Física,2,"R$ 362,48","8,1%","R$ 852,29",sim,3.0
PED-100712,30/12/2024,Mouse Sem Fio,Periféricos,SP,Loja Física,4,"R$ 188,71","14,1%","R$ 678,71",sim,5.0
PED-100713,04/07/2025,"Monitor 27""",Periféricos,SP,E-commerce,2,"R$ 1.363,99","7,6%","R$ 3.248,27",nao,
PED-100714,23/01/2025,Mesa Ajustável,Mobiliário,SP,Marketplace,4,"R$ 2.189,06","8,5%","R$ 9.553,30",sim,3.0
PED-100715,05/11/2024,Mouse Sem Fio,Periféricos,PR,Loja Física,5,"R$ 189,96","3,4%","R$ 861,49",nao,3.0
PED-100716,25/08/2025,Mouse Sem Fio,Periféricos,RJ,Marketplace,4,"R$ 180,31","7,2%","R$ 777,04",sim,2.0
PED-100717,27/04/2024,Notebook Pro,Computadores,GO,E-commerce,2,"R$ 6.829,51","7,8%","R$ 16.102,79",nao,1.0
PED-100718,15/04/2024,Cadeira Ergo,Mobiliário,RS,E-commerce,6,"R$ 1.783,62","9,7%","R$ 12.361,33",nao,5.0
PED-100719,04/03/2025,Webcam HD,Áudio,MG,Marketplace,2,"R$ 292,78","9,0%","R$ 776,70",sim,5.0
PED-100720,30/06/2025,Mesa Ajustável,Mobiliário,SP,E-commerce,1,"R$ 2.446,33","10,6%","R$ 3.086,39",sim,3.0
PED-100721,19/06/2024,Cadeira Ergo,Mobiliário,CE,Televendas,2,"R$ 1.910,59","8,8%","R$ 4.179,61",sim,1.0
PED-100722,15/06/2024,Headset,Áudio,MG,Loja Física,1,"R$ 307,49","9,3%","R$ 334,46",sim,5.0
PED-100723,03/12/2024,Webcam HD,Áudio,RJ,E-commerce,1,"R$ 278,07","3,7%","R$ 280,36",sim,2.0
PED-100724,13/05/2025,Webcam HD,Áudio,SC,E-commerce,4,"R$ 306,13","6,1%","R$ 1.719,83",sim,2.0
PED-100725,30/06/2024,Mesa Ajustável,Mobiliário,SP,E-commerce,3,"R$ 2.240,47","5,4%","R$ 7.620,07",sim,2.0
PED-100726,11/06/2025,Webcam HD,Áudio,SP,Loja Física,2,"R$ 283,17","8,4%","R$ 732,12",sim,3.0
PED-100727,26/11/2024,Cadeira Ergo,Mobiliário,RS,E-commerce,2,"R$ 1.907,33","3,9%","R$ 3.441,82",sim,1.0
PED-100728,27/03/2025,"Monitor 27""",Periféricos,CE,Televendas,1,"R$ 1.513,15","8,9%","R$ 2.009,20",sim,3.0
PED-100729,06/02/2025,Notebook Pro,Computadores,SP,Loja Física,2,"R$ 6.840,86","19,1%","R$ 14.846,70",sim,5.0
PED-100730,03/11/2024,Mouse Sem Fio,Periféricos,SP,E-commerce,3,"R$ 177,75","6,4%","R$ 468,72",sim,3.0
PED-100731,09/12/2024,Teclado Mecânico,Periféricos,SP,Loja Física,3,"R$ 434,83","0,0%","R$ 1.365,33",sim,2.0
PED-100732,28/09/2025,Headset,Áudio,SC,Marketplace,2,"R$ 344,83","5,4%","R$ 696,88",nao,3.0
PED-100733,10/09/2024,Notebook Pro,Computadores,RS,E-commerce,2,"R$ 6.541,15","0,4%","R$ 11.895,46",sim,1.0
PED-100734,27/08/2025,Mouse Sem Fio,Periféricos,RJ,Marketplace,1,"R$ 188,79","17,5%","R$ 180,87",sim,5.0
PED-100735,21/05/2025,Mesa Ajustável,Mobiliário,PE,Loja Física,3,"R$ 2.394,23","14,7%","R$ 9.158,67",nao,4.0
PED-100736,26/04/2024,Mesa Ajustável,Mobiliário,MG,E-commerce,1,"R$ 2.335,98","4,5%","R$ 2.852,07",sim,5.0
PED-100737,12/07/2025,"Monitor 27""",Periféricos,PE,Loja Física,2,"R$ 1.355,73","7,8%","R$ 3.219,24",sim,5.0
PED-100738,02/09/2024,Headset,Áudio,MG,E-commerce,4,"R$ 310,62","2,7%","R$ 1.103,94",sim,4.0
PED-100739,24/04/2024,Mesa Ajustável,Mobiliário,SP,Marketplace,2,"R$ 2.460,57","5,4%","R$ 5.954,44",sim,5.0
PED-100740,10/06/2024,"Monitor 27""",Periféricos,SP,E-commerce,2,"R$ 1.538,16","11,3%","R$ 3.270,94",sim,5.0
PED-100741,28/03/2024,Teclado Mecânico,Periféricos,SC,Loja Física,1,"R$ 435,78","1,4%","R$ 528,03",sim,
PED-100742,05/08/2024,Teclado Mecânico,Periféricos,RJ,Televendas,1,"R$ 429,55","9,5%","R$ 223,19",nao,5.0
PED-100743,13/03/2024,Cadeira Ergo,Mobiliário,SC,Loja Física,1,"R$ 1.803,72","11,4%","R$ 1.962,75",sim,3.0
PED-100744,14/12/2024,Cadeira Ergo,Mobiliário,RS,Televendas,1,"R$ 1.864,83","6,4%","R$ 1.827,04",nao,5.0
PED-100745,18/09/2025,Notebook Pro,Computadores,SP,Televendas,5,"R$ 6.198,79","19,3%","R$ 26.731,42",sim,4.0
PED-100746,09/09/2025,Webcam HD,Áudio,RJ,Marketplace,1,"R$ 308,81","5,0%","R$ 313,63",sim,4.0
PED-100747,25/08/2025,Mouse Sem Fio,Periféricos,CE,Marketplace,1,"R$ 183,82","2,7%","R$ 207,48",nao,3.0
PED-100748,04/06/2024,Cadeira Ergo,Mobiliário,RJ,Marketplace,3,"R$ 1.931,58","8,9%","R$ 6.325,63",sim,5.0
PED-100749,27/05/2024,Notebook Pro,Computadores,RS,Marketplace,3,"R$ 7.374,77","5,1%","R$ 26.595,58",nao,3.0
PED-100750,10/03/2025,Teclado Mecânico,Periféricos,SP,Marketplace,2,"R$ 399,02","6,7%","R$ 1.084,91",sim,
PED-100751,12/09/2025,Cadeira Ergo,Mobiliário,BA,E-commerce,1,"R$ 1.858,82","6,0%","R$ 1.866,15",sim,4.0
PED-100752,12/06/2025,"Monitor 27""",Periféricos,SP,Loja Física,1,"R$ 1.564,73","0,0%","R$ 2.209,27",sim,4.0
PED-100753,13/05/2024,Webcam HD,Áudio,RJ,Televendas,3,"R$ 285,02","4,2%","R$ 1.037,44",sim,2.0
PED-100754,16/04/2025,Notebook Pro,Computadores,SP,Loja Física,4,"R$ 6.262,98","5,5%","R$ 35.809,84",sim,3.0
PED-100755,20/11/2024,Cadeira Ergo,Mobiliário,RJ,Televendas,5,"R$ 2.180,29","15,8%","R$ 8.622,92",sim,1.0
PED-100756,10/10/2024,Notebook Pro,Computadores,RS,E-commerce,3,"R$ 6.834,89","3,6%","R$ 17.631,20",sim,1.0
PED-100757,14/11/2024,Headset,Áudio,RS,Marketplace,2,"R$ 364,81","4,7%","R$ 653,06",nao,5.0
PED-100758,15/12/2024,Notebook Pro,Computadores,PR,E-commerce,1,"R$ 7.120,56","2,4%","R$ 7.275,54",sim,1.0
PED-100759,08/08/2025,"Monitor 27""",Periféricos,RJ,E-commerce,5,"R$ 1.339,11","0,0%","R$ 7.768,14",sim,1.0
PED-100760,22/05/2025,Mouse Sem Fio,Periféricos,SP,E-commerce,1,"R$ 191,16","0,5%","R$ 284,34",sim,5.0
PED-100761,26/01/2024,"Monitor 27""",Periféricos,BA,Marketplace,1,"R$ 1.411,41","2,8%","R$ 1.371,27",sim,3.0
PED-100762,03/05/2025,Teclado Mecânico,Periféricos,RJ,E-commerce,1,"R$ 414,85","15,8%","R$ 522,25",sim,
PED-100763,20/07/2024,Headset,Áudio,MG,E-commerce,4,"R$ 338,30","5,6%","R$ 1.399,38",sim,3.0
PED-100764,04/08/2024,Teclado Mecânico,Periféricos,MG,Televendas,2,"R$ 427,03","8,6%","R$ 448,04",sim,4.0
PED-100765,18/01/2025,Teclado Mecânico,Periféricos,SC,Marketplace,5,"R$ 379,93","5,7%","R$ 2.135,04",sim,4.0
PED-100766,21/09/2025,Headset,Áudio,MG,Marketplace,3,"R$ 326,02","13,1%","R$ 908,42",sim,4.0
PED-100767,12/02/2024,"Monitor 27""",Periféricos,SP,Marketplace,3,"R$ 1.313,92","9,9%","R$ 4.005,96",sim,3.0
PED-100768,24/11/2024,Mouse Sem Fio,Periféricos,SP,Televendas,2,"R$ 176,81","0,3%","R$ 331,09",sim,5.0
PED-100769,31/05/2024,Webcam HD,Áudio,SC,Televendas,4,"R$ 274,36","10,9%","R$ 1.238,97",nao,2.0
PED-100770,07/08/2025,Headset,Áudio,PR,Televendas,1,"R$ 368,73","0,0%","R$ 427,93",sim,5.0
PED-100771,24/10/2024,Headset,Áudio,SP,E-commerce,1,"R$ 360,38","13,8%","R$ 277,28",sim,4.0
PED-100772,01/07/2025,Webcam HD,Áudio,SP,Loja Física,1,"R$ 281,63","7,7%","R$ 334,87",sim,5.0
PED-100773,17/07/2025,Cadeira Ergo,Mobiliário,SP,Televendas,2,"R$ 2.153,08","18,4%","R$ 4.524,09",sim,4.0
PED-100774,05/03/2024,Webcam HD,Áudio,SP,Loja Física,1,"R$ 269,62","10,5%","R$ 296,37",sim,5.0
PED-100775,02/05/2025,Webcam HD,Áudio,MG,Marketplace,1,"R$ 283,43","6,1%","R$ 397,95",sim,5.0
PED-100776,20/05/2025,Headset,Áudio,RS,Marketplace,1,"R$ 358,39","2,9%","R$ 520,44",sim,2.0
PED-100777,14/06/2025,Headset,Áudio,RJ,E-commerce,1,"R$ 318,48","14,4%","R$ 384,80",sim,5.0
PED-100778,24/09/2025,Teclado Mecânico,Periféricos,RS,E-commerce,6,"R$ 418,67","4,4%","R$ 2.567,02",nao,3.0
PED-100779,02/05/2025,Webcam HD,Áudio,SP,Televendas,3,"R$ 294,78","1,6%","R$ 1.300,69",nao,5.0
PED-100780,17/06/2025,Notebook Pro,Computadores,RS,Televendas,1,"R$ 6.696,08","12,3%","R$ 8.291,36",sim,3.0
PED-100781,28/03/2025,Webcam HD,Áudio,SP,E-commerce,3,"R$ 279,94","11,0%","R$ 1.088,64",nao,5.0
PED-100782,08/07/2024,Mouse Sem Fio,Periféricos,MG,Loja Física,1,"R$ 162,99","11,2%","R$ 980.000,00",sim,4.0
PED-100783,27/06/2025,Webcam HD,Áudio,SP,Marketplace,1,"R$ 287,60","11,7%","R$ 358,51",sim,5.0
PED-100784,24/03/2025,Mouse Sem Fio,Periféricos,RJ,Marketplace,2,"R$ 189,44","14,8%","R$ 470,37",nao,2.0
PED-100785,12/03/2025,"Monitor 27""",Periféricos,GO,Televendas,4,"R$ 1.356,88","11,9%","R$ 6.968,95",sim,3.0
PED-100786,14/09/2025,Teclado Mecânico,Periféricos,BA,Televendas,5,"R$ 383,97","6,7%","R$ 1.914,67",sim,3.0
PED-100787,15/04/2025,Notebook Pro,Computadores,SP,Televendas,2,"R$ 6.789,64","7,2%","R$ 19.067,12",nao,2.0
PED-100788,04/08/2024,"Monitor 27""",Periféricos,PE,Televendas,4,"R$ 1.544,26","8,3%","R$ 3.252,94",sim,2.0
PED-100789,12/07/2024,Teclado Mecânico,Periféricos,PR,Televendas,3,"R$ 378,88","7,0%","R$ 1.158,61",sim,4.0
PED-100790,28/07/2024,"Monitor 27""",Periféricos,SP,Televendas,1,"R$ 1.430,49","0,2%","R$ 1.564,38",sim,5.0
PED-100791,17/04/2024,Mesa Ajustável,Mobiliário,SP,Marketplace,1,"R$ 2.270,99","2,1%","R$ 2.843,42",nao,2.0
PED-100792,21/02/2024,Webcam HD,Áudio,PE,Marketplace,1,"R$ 277,34","6,2%","R$ 293,44",sim,1.0
PED-100793,29/04/2025,Cadeira Ergo,Mobiliário,PR,Televendas,1,"R$ 1.750,63","12,7%","R$ 2.312,77",nao,4.0
PED-100794,16/05/2025,Webcam HD,Áudio,BA,E-commerce,3,"R$ 279,81","4,6%","R$ 1.196,96",nao,4.0
PED-100795,16/04/2024,Mesa Ajustável,Mobiliário,PR,Televendas,1,"R$ 2.218,81","10,7%","R$ 2.533,93",sim,4.0
PED-100796,09/09/2024,Headset,Áudio,RJ,Loja Física,4,"R$ 320,72","4,9%","R$ 1.114,20",nao,1.0
PED-100797,11/08/2025,Headset,Áudio,SP,Loja Física,4,"R$ 330,25","6,2%","R$ 1.438,51",sim,5.0
PED-100798,19/06/2025,Cadeira Ergo,Mobiliário,RJ,Loja Física,1,"R$ 1.933,79","0,0%","R$ 2.730,36",sim,4.0
PED-100799,16/01/2025,Webcam HD,Áudio,SP,Marketplace,1,"R$ 307,75","6,2%","R$ 344,06",nao,3.0
PED-100800,13/09/2025,Mouse Sem Fio,Periféricos,MG,Marketplace,2,"R$ 191,61","8,7%","R$ 373,82",sim,4.0
PED-100801,29/07/2024,Cadeira Ergo,Mobiliário,SP,E-commerce,1,"R$ 1.963,76","7,8%","R$ 1.984,49",sim,3.0
PED-100802,24/06/2025,Notebook Pro,Computadores,SP,Marketplace,3,"R$ 6.937,09","14,5%","R$ 25.132,89",nao,1.0
PED-100803,22/08/2025,Mesa Ajustável,Mobiliário,RJ,Marketplace,1,"R$ 2.337,61","1,9%","R$ 2.662,40",nao,5.0
PED-100804,14/01/2025,Headset,Áudio,BA,Televendas,1,"R$ 349,28","0,0%","R$ 416,35",nao,2.0
PED-100805,09/04/2024,Cadeira Ergo,Mobiliário,SP,Televendas,4,"R$ 2.070,28","0,0%","R$ 10.587,92",sim,1.0
PED-100806,07/07/2024,Webcam HD,Áudio,PR,E-commerce,2,"R$ 283,17","0,7%","R$ 616,36",nao,5.0
PED-100807,25/11/2024,Webcam HD,Áudio,SP,Televendas,2,"R$ 288,29","7,8%","R$ 498,92",sim,4.0
PED-100808,27/06/2024,"Monitor 27""",Periféricos,RJ,Loja Física,1,"R$ 1.208,75","10,6%","R$ 1.295,95",sim,1.0
PED-100809,28/02/2024,Cadeira Ergo,Mobiliário,MG,Marketplace,3,"R$ 2.032,13","7,3%","R$ 6.376,25",nao,1.0
PED-100810,19/04/2024,Cadeira Ergo,Mobiliário,RJ,Loja Física,4,"R$ 1.845,38","12,6%","R$ 8.251,65",sim,3.0
PED-100811,09/09/2025,Cadeira Ergo,Mobiliário,SP,Televendas,3,"R$ 1.908,16","0,0%","R$ 6.116,65",sim,5.0
PED-100812,01/09/2024,Mesa Ajustável,Mobiliário,SP,Marketplace,5,"R$ 2.178,22","6,3%","R$ 9.322,90",nao,4.0
PED-100813,03/01/2025,"Monitor 27""",Periféricos,SP,Loja Física,3,"R$ 1.306,28","3,1%","R$ 4.526,00",sim,5.0
PED-100814,07/10/2024,Webcam HD,Áudio,RJ,Marketplace,1,"R$ 321,60","6,0%","R$ 269,82",sim,2.0
PED-100815,29/05/2025,Headset,Áudio,RJ,Loja Física,3,"R$ 365,20","7,0%","R$ 1.523,63",sim,4.0
PED-100816,05/03/2024,Headset,Áudio,PR,Marketplace,2,"R$ 330,23","10,8%","R$ 723,99",nao,4.0
PED-100817,29/06/2024,Cadeira Ergo,Mobiliário,MG,Loja Física,1,"R$ 1.780,52","8,5%","R$ 1.953,13",nao,4.0
PED-100818,09/01/2025,Headset,Áudio,PR,Loja Física,5,"R$ 320,94","3,0%","R$ 1.855,03",nao,3.0
PED-100819,28/05/2025,Mouse Sem Fio,Periféricos,GO,Televendas,1,"R$ 172,44","3,2%","R$ 249,69",sim,4.0
PED-100820,22/10/2024,Notebook Pro,Computadores,SP,E-commerce,4,"R$ 7.497,26","5,4%","R$ 25.320,74",sim,2.0
PED-100821,25/03/2025,Notebook Pro,Computadores,SP,Televendas,3,"R$ 6.747,51","7,3%","R$ 27.343,96",sim,1.0
PED-100822,27/05/2025,Notebook Pro,Computadores,SC,Marketplace,3,"R$ 6.268,66","8,1%","R$ 25.832,57",nao,3.0
PED-100823,15/02/2025,Notebook Pro,Computadores,SP,Marketplace,2,"R$ 6.746,47","5,0%","R$ 17.186,55",sim,1.0
PED-100824,08/06/2025,"Monitor 27""",Periféricos,MG,E-commerce,2,"R$ 1.418,46","0,0%","R$ 4.005,51",nao,3.0
PED-100825,31/08/2025,Notebook Pro,Computadores,MG,Loja Física,4,"R$ 7.080,60","12,6%","R$ 28.719,65",sim,4.0
PED-100826,19/05/2024,Mesa Ajustável,Mobiliário,RJ,Marketplace,3,"R$ 2.387,60","9,1%","R$ 8.248,45",nao,4.0
PED-100827,04/10/2024,Teclado Mecânico,Periféricos,PE,Loja Física,4,"R$ 464,07","11,0%","R$ 1.474,38",sim,3.0
PED-100828,24/05/2024,"Monitor 27""",Periféricos,BA,Loja Física,3,"R$ 1.377,15","8,3%","R$ 4.799,62",sim,4.0
PED-100829,22/09/2024,"Monitor 27""",Periféricos,SP,E-commerce,2,"R$ 1.386,79","9,7%","R$ 2.287,28",sim,3.0
PED-100830,02/01/2024,"Monitor 27""",Periféricos,SP,Loja Física,1,"R$ 1.534,70","15,4%","R$ 1.297,80",nao,3.0
PED-100831,18/03/2025,Mesa Ajustável,Mobiliário,SP,Televendas,4,"R$ 2.301,86","11,4%","R$ 11.888,77",nao,1.0
PED-100832,30/05/2024,Cadeira Ergo,Mobiliário,SP,E-commerce,2,"R$ 2.008,39","5,7%","R$ 4.800,06",nao,1.0
PED-100833,18/06/2025,Notebook Pro,Computadores,RS,Marketplace,1,"R$ 6.550,58","9,2%","R$ 8.399,87",sim,4.0
PED-100834,05/04/2025,Mouse Sem Fio,Periféricos,GO,Marketplace,1,"R$ 168,88","10,3%","R$ 229,21",sim,4.0
PED-100835,02/08/2024,Teclado Mecânico,Periféricos,SP,E-commerce,2,"R$ 491,12","6,6%","R$ 526,76",sim,4.0
PED-100836,17/10/2024,"Monitor 27""",Periféricos,MG,E-commerce,3,"R$ 1.366,23","9,2%","R$ 3.322,26",sim,4.0
PED-100837,04/03/2025,Mouse Sem Fio,Periféricos,MG,Televendas,3,"R$ 169,56","11,4%","R$ 657,01",nao,5.0
PED-100838,23/09/2024,Cadeira Ergo,Mobiliário,SP,E-commerce,1,"R$ 1.794,88","8,9%","R$ 1.493,09",sim,1.0
PED-100839,13/05/2024,Mouse Sem Fio,Periféricos,PR,Televendas,5,"R$ 173,42","11,0%","R$ 977,60",nao,2.0
PED-100840,28/01/2024,Notebook Pro,Computadores,SP,Televendas,4,"R$ 7.521,56","0,0%","R$ 30.086,25",sim,4.0
PED-100841,19/12/2024,Mouse Sem Fio,Periféricos,SP,Loja Física,3,"R$ 170,50","10,2%","R$ 480,76",sim,2.0
PED-100842,06/12/2024,Notebook Pro,Computadores,RS,Loja Física,2,"R$ 7.032,51","15,6%","R$ 12.430,93",nao,2.0
PED-100843,07/05/2025,Teclado Mecânico,Periféricos,SP,Marketplace,5,"R$ 400,32","11,7%","R$ 2.644,05",sim,5.0
PED-100844,24/03/2024,Mesa Ajustável,Mobiliário,MG,Marketplace,2,"R$ 2.398,13","10,4%","R$ 5.278,10",sim,5.0
PED-100845,11/02/2024,Headset,Áudio,SP,Televendas,1,"R$ 350,27","8,9%","R$ 359,69",sim,2.0
PED-100846,16/04/2025,Mouse Sem Fio,Periféricos,SP,Televendas,4,"R$ 190,23","1,5%","R$ 1.133,56",nao,4.0
PED-100847,10/04/2025,Mouse Sem Fio,Periféricos,PR,Televendas,2,"R$ 174,15","6,7%","R$ 491,73",sim,4.0
PED-100848,26/05/2025,Cadeira Ergo,Mobiliário,PR,Televendas,1,"R$ 1.890,70","4,8%","R$ 2.691,87",sim,4.0
PED-100849,10/01/2024,Mouse Sem Fio,Periféricos,RJ,E-commerce,1,"R$ 171,30","11,5%","R$ 151,62",sim,1.0
PED-100850,23/02/2025,Teclado Mecânico,Periféricos,BA,Marketplace,2,"R$ 416,61","5,2%","R$ 1.059,32",sim,3.0
PED-100851,05/09/2025,Teclado Mecânico,Periféricos,SP,E-commerce,1,"R$ 378,27","10,0%","R$ 363,84",sim,5.0
PED-100852,03/05/2025,Cadeira Ergo,Mobiliário,SP,Marketplace,2,"R$ 1.914,96","9,8%","R$ 5.166,53",sim,5.0
PED-100853,26/10/2024,Webcam HD,Áudio,MG,Televendas,3,"R$ 288,02","5,7%","R$ 726,91",sim,2.0
PED-100854,31/10/2024,Cadeira Ergo,Mobiliário,SP,E-commerce,1,"R$ 1.809,09","10,5%","R$ 1.444,12",sim,4.0
PED-100855,18/09/2024,Cadeira Ergo,Mobiliário,CE,Marketplace,4,"R$ 1.887,94","11,8%","R$ 6.083,58",nao,3.0
PED-100856,05/02/2024,Mouse Sem Fio,Periféricos,RJ,Televendas,1,"R$ 181,78","5,8%","R$ 193,17",sim,1.0
PED-100857,06/04/2025,Mesa Ajustável,Mobiliário,MG,Marketplace,1,"R$ 2.322,44","9,3%","R$ 3.187,33",sim,2.0
PED-100858,10/12/2024,Mouse Sem Fio,Periféricos,RJ,Televendas,1,"R$ 154,40","5,5%","R$ 152,72",sim,2.0
PED-100859,30/11/2024,Headset,Áudio,CE,E-commerce,1,"R$ 340,09","0,0%","R$ 319,35",sim,1.0
PED-100860,19/08/2025,Teclado Mecânico,Periféricos,PR,Loja Física,3,"R$ 433,21","8,1%","R$ 1.386,12",nao,4.0
PED-100861,12/04/2025,Teclado Mecânico,Periféricos,RJ,E-commerce,3,"R$ 377,34","15,5%","R$ 1.446,27",sim,1.0
PED-100862,05/09/2025,Headset,Áudio,RJ,Loja Física,3,"R$ 338,34","6,7%","R$ 1.011,40",nao,1.0
PED-100863,24/02/2024,Mesa Ajustável,Mobiliário,CE,Televendas,1,"R$ 2.681,48","12,1%","R$ 2.657,62",sim,5.0
PED-100864,01/09/2025,Teclado Mecânico,Periféricos,PE,Marketplace,2,"R$ 429,28","9,1%","R$ 833,78",sim,4.0
PED-100865,26/12/2024,Mouse Sem Fio,Periféricos,SP,Televendas,3,"R$ 187,95","8,2%","R$ 541,60",sim,5.0
PED-100866,14/09/2024,Mouse Sem Fio,Periféricos,GO,Marketplace,1,"R$ 170,98","6,5%","R$ 145,96",sim,1.0
PED-100867,23/12/2024,Mouse Sem Fio,Periféricos,RJ,Loja Física,1,"R$ 177,19","14,3%","R$ 158,87",sim,2.0
PED-100868,24/01/2024,Teclado Mecânico,Periféricos,SP,Marketplace,5,"R$ 414,93","6,1%","R$ 1.948,53",nao,1.0
PED-100869,19/08/2025,Mesa Ajustável,Mobiliário,PR,Marketplace,1,"R$ 2.589,93","5,4%","R$ 2.844,86",nao,
PED-100870,07/02/2025,Mouse Sem Fio,Periféricos,PE,Televendas,4,"R$ 193,48","4,5%","R$ 991,27",nao,1.0
PED-100871,26/01/2024,Mouse Sem Fio,Periféricos,PR,Loja Física,4,"R$ 198,72","14,8%","R$ 677,39",sim,5.0
PED-100872,07/08/2025,"Monitor 27""",Periféricos,RJ,Marketplace,4,"R$ 1.426,22","0,2%","R$ 6.606,51",nao,1.0
PED-100873,16/10/2024,Cadeira Ergo,Mobiliário,SC,E-commerce,3,"R$ 2.000,76","6,5%","R$ 5.006,38",nao,1.0
PED-100874,17/03/2024,Teclado Mecânico,Periféricos,SP,Marketplace,1,"R$ 376,02","14,5%","R$ 394,78",sim,1.0
PED-100875,07/02/2025,Cadeira Ergo,Mobiliário,SP,E-commerce,3,"R$ 1.838,12","0,0%","R$ 7.394,08",nao,4.0
PED-100876,14/02/2024,Teclado Mecânico,Periféricos,SP,Loja Física,2,"R$ 409,62","4,6%","R$ 880,97",sim,4.0
PED-100877,18/12/2024,Mouse Sem Fio,Periféricos,SP,E-commerce,6,"R$ 185,42","16,3%","R$ 975,13",sim,5.0
PED-100878,02/05/2025,Webcam HD,Áudio,BA,Marketplace,2,"R$ 288,66","6,0%","R$ 811,32",sim,4.0
PED-100879,17/02/2024,"Monitor 27""",Periféricos,RS,Marketplace,3,"R$ 1.379,64","11,1%","R$ 4.148,82",sim,5.0
PED-100880,21/05/2025,Mouse Sem Fio,Periféricos,PE,Marketplace,2,"R$ 183,75","4,0%","R$ 527,39",sim,3.0
PED-100881,14/01/2025,Cadeira Ergo,Mobiliário,PR,Marketplace,1,"R$ 1.995,79","10,1%","R$ 2.139,73",sim,3.0
PED-100882,26/07/2024,Cadeira Ergo,Mobiliário,SP,Televendas,1,"R$ 1.756,76","17,4%","R$ 1.589,55",nao,1.0
PED-100883,22/05/2024,Teclado Mecânico,Periféricos,MG,Marketplace,3,"R$ 452,87","9,9%","R$ 1.550,03",sim,5.0
PED-100884,08/01/2024,Notebook Pro,Computadores,SP,Marketplace,2,"R$ 6.623,31","2,8%","R$ 12.869,19",nao,4.0
PED-100885,05/05/2024,Webcam HD,Áudio,RJ,Televendas,2,"R$ 286,72","0,0%","R$ 726,38",sim,4.0
PED-100886,01/07/2024,Mesa Ajustável,Mobiliário,MG,Loja Física,1,"R$ 2.441,13","3,1%","R$ 2.593,32",sim,1.0
PED-100887,16/07/2025,Webcam HD,Áudio,SP,E-commerce,1,"R$ 285,31","4,0%","R$ 352,66",sim,5.0
PED-100888,24/11/2024,Headset,Áudio,SP,E-commerce,2,"R$ 322,81","0,0%","R$ 606,23",sim,5.0
PED-100889,06/05/2024,Mouse Sem Fio,Periféricos,RJ,E-commerce,5,"R$ 167,04","0,0%","R$ 1.057,97",sim,1.0
PED-100890,20/04/2025,Notebook Pro,Computadores,BA,Loja Física,2,"R$ 6.649,87","9,0%","R$ 18.312,01",sim,2.0
PED-100891,17/10/2024,Mouse Sem Fio,Periféricos,RJ,Marketplace,5,"R$ 173,51","10,4%","R$ 693,27",sim,4.0
PED-100892,18/06/2025,Cadeira Ergo,Mobiliário,SP,E-commerce,2,"R$ 1.825,31","1,0%","R$ 5.104,37",nao,1.0
PED-100893,25/04/2025,Headset,Áudio,PR,Loja Física,1,"R$ 314,65","12,3%","R$ 417,49",nao,3.0
PED-100894,20/08/2025,Mouse Sem Fio,Periféricos,BA,Televendas,1,"R$ 190,85","12,4%","R$ 194,06",nao,3.0
PED-100895,28/03/2025,Headset,Áudio,PE,Televendas,2,"R$ 350,00","6,8%","R$ 950,92",nao,2.0
PED-100896,10/03/2024,Webcam HD,Áudio,RJ,E-commerce,2,"R$ 294,46","5,9%","R$ 680,70",sim,3.0
PED-100897,20/12/2024,Headset,Áudio,MG,E-commerce,3,"R$ 361,99","14,4%","R$ 973,22",nao,1.0
PED-100898,28/09/2024,Notebook Pro,Computadores,MG,Loja Física,2,"R$ 5.895,52","4,6%","R$ 10.267,99",nao,1.0
PED-100899,31/05/2025,"Monitor 27""",Periféricos,RJ,E-commerce,1,"R$ 1.556,64","10,8%","R$ 2.076,25",sim,1.0
PED-100900,08/04/2024,Mouse Sem Fio,Periféricos,RS,Marketplace,1,"R$ 181,04","13,0%","R$ 201,48",nao,4.0
PED-100901,25/10/2024,"Monitor 27""",Periféricos,RS,Televendas,2,"R$ 1.489,88","6,2%","R$ 2.494,20",nao,3.0
PED-100902,12/06/2025,Cadeira Ergo,Mobiliário,RJ,Loja Física,2,"R$ 1.817,23","3,8%","R$ 4.937,98",sim,3.0
PED-100903,01/02/2025,"Monitor 27""",Periféricos,PE,Marketplace,3,"R$ 1.533,17","12,2%","R$ 5.413,80",sim,
PED-100904,25/01/2024,Mesa Ajustável,Mobiliário,PE,Marketplace,2,"R$ 2.324,44","11,8%","R$ 4.100,71",nao,1.0
PED-100905,08/06/2025,Mesa Ajustável,Mobiliário,RS,E-commerce,4,"R$ 2.373,52","6,9%","R$ 12.479,60",nao,1.0
PED-100906,22/08/2024,Mouse Sem Fio,Periféricos,SP,Televendas,1,"R$ 177,36","3,9%","R$ 97,87",nao,4.0
PED-100907,09/03/2025,Teclado Mecânico,Periféricos,GO,Televendas,3,"R$ 435,61","2,0%","R$ 1.865,97",sim,3.0
PED-100908,22/02/2025,Notebook Pro,Computadores,PR,Marketplace,3,"R$ 6.591,41","13,4%","R$ 22.957,22",sim,4.0
PED-100909,14/02/2025,Teclado Mecânico,Periféricos,SP,Loja Física,1,"R$ 426,35","12,5%","R$ 500,45",nao,2.0
PED-100910,23/09/2024,Headset,Áudio,SP,Loja Física,2,"R$ 312,18","12,2%","R$ 500,76",sim,2.0
PED-100911,16/09/2024,Teclado Mecânico,Periféricos,RJ,Marketplace,1,"R$ 442,82","16,5%","R$ 337,59",sim,2.0
PED-100912,05/03/2024,Cadeira Ergo,Mobiliário,SP,E-commerce,4,"R$ 1.748,84","11,1%","R$ 7.638,77",sim,1.0
PED-100913,23/12/2024,Headset,Áudio,MG,Loja Física,2,"R$ 354,22","14,9%","R$ 630,94",sim,1.0
PED-100914,05/07/2024,Mesa Ajustável,Mobiliário,SP,Televendas,2,"R$ 2.328,66","12,0%","R$ 4.493,23",sim,2.0
PED-100915,10/09/2024,Mouse Sem Fio,Periféricos,RS,E-commerce,2,"R$ 184,09","14,7%","R$ 286,87",nao,3.0
PED-100916,17/04/2024,Mesa Ajustável,Mobiliário,SP,Loja Física,2,"R$ 2.674,18","8,0%","R$ 6.293,89",nao,2.0
PED-100917,21/04/2025,Webcam HD,Áudio,SP,Marketplace,2,"R$ 289,52","4,2%","R$ 839,34",sim,1.0
PED-100918,13/08/2025,Teclado Mecânico,Periféricos,GO,Loja Física,2,"R$ 386,68","16,3%","R$ 750,85",sim,5.0
PED-100919,31/08/2024,"Monitor 27""",Periféricos,GO,Televendas,2,"R$ 1.271,33","1,4%","R$ 1.438,48",sim,5.0
PED-100920,28/09/2024,Teclado Mecânico,Periféricos,BA,Televendas,1,"R$ 407,38","8,0%","R$ 342,15",sim,4.0
PED-100921,25/10/2024,Mouse Sem Fio,Periféricos,PR,E-commerce,4,"R$ 174,16","9,7%","R$ 561,62",nao,3.0
PED-100922,16/02/2024,Headset,Áudio,MG,E-commerce,4,"R$ 326,11","8,8%","R$ 1.341,30",sim,5.0
PED-100923,28/04/2025,Mesa Ajustável,Mobiliário,RJ,Loja Física,1,"R$ 2.509,53","7,6%","R$ 3.507,31",sim,
PED-100924,17/07/2025,Notebook Pro,Computadores,SC,Marketplace,1,"R$ 6.680,74","5,8%","R$ 8.107,69",sim,4.0
PED-100925,18/11/2024,Mouse Sem Fio,Periféricos,RS,E-commerce,2,"R$ 176,84","12,2%","R$ 291,74",nao,5.0
PED-100926,09/02/2024,Headset,Áudio,RS,Televendas,3,"R$ 338,64","6,7%","R$ 1.069,42",sim,2.0
PED-100927,04/08/2024,Teclado Mecânico,Periféricos,RS,Marketplace,2,"R$ 397,44","7,9%","R$ 420,40",sim,4.0
PED-100928,10/04/2024,Mesa Ajustável,Mobiliário,CE,Marketplace,3,"R$ 2.383,39","5,5%","R$ 8.641,75",sim,5.0
PED-100929,13/06/2025,Teclado Mecânico,Periféricos,SP,E-commerce,2,"R$ 422,96","6,2%","R$ 1.120,62",sim,4.0
PED-100930,27/05/2025,Notebook Pro,Computadores,GO,Televendas,3,"R$ 6.979,88","7,2%","R$ 29.050,52",sim,4.0
PED-100931,31/08/2024,"Monitor 27""",Periféricos,SP,Marketplace,3,"R$ 1.379,18","15,1%","R$ 2.015,74",nao,1.0
PED-100932,28/08/2024,Headset,Áudio,SP,E-commerce,3,"R$ 342,32","21,1%","R$ 465,06",nao,5.0
PED-100933,24/06/2025,Mesa Ajustável,Mobiliário,SP,Televendas,4,"R$ 2.580,16","11,3%","R$ 12.929,15",sim,4.0
PED-100934,26/02/2024,Mouse Sem Fio,Periféricos,RJ,Marketplace,3,"R$ 183,50","8,7%","R$ 566,94",sim,4.0
PED-100935,17/05/2025,Webcam HD,Áudio,CE,E-commerce,3,"R$ 299,64","7,5%","R$ 1.242,99",nao,5.0
PED-100936,07/09/2025,Headset,Áudio,SP,Marketplace,1,"R$ 330,45","12,7%","R$ 308,32",nao,4.0
PED-100937,13/10/2024,Mouse Sem Fio,Periféricos,PE,E-commerce,3,"R$ 180,79","5,3%","R$ 458,39",sim,2.0
PED-100938,27/04/2025,Notebook Pro,Computadores,BA,E-commerce,4,"R$ 6.976,31","13,2%","R$ 36.623,83",sim,2.0
PED-100939,01/04/2025,Teclado Mecânico,Periféricos,SP,Marketplace,3,"R$ 444,79","2,4%","R$ 1.970,36",sim,2.0
PED-100940,27/07/2025,Teclado Mecânico,Periféricos,GO,Loja Física,1,"R$ 424,89","5,6%","R$ 516,77",sim,2.0
PED-100941,23/01/2024,Headset,Áudio,SP,Marketplace,1,"R$ 311,64","6,2%","R$ 292,36",sim,4.0
PED-100942,27/03/2025,Teclado Mecânico,Periféricos,RS,Marketplace,4,"R$ 408,31","14,6%","R$ 2.031,65",sim,2.0
PED-100943,06/09/2024,Mouse Sem Fio,Periféricos,SP,Marketplace,1,"R$ 168,71","11,9%","R$ 135,69",sim,1.0
PED-100944,03/07/2025,Webcam HD,Áudio,BA,Marketplace,1,"R$ 301,52","0,1%","R$ 387,97",sim,4.0
PED-100945,04/07/2025,Notebook Pro,Computadores,RS,E-commerce,1,"R$ 6.774,89","5,2%","R$ 8.273,76",sim,4.0
PED-100946,02/07/2024,Cadeira Ergo,Mobiliário,SP,E-commerce,1,"R$ 1.964,16","11,2%","R$ 1.911,55",sim,3.0
PED-100947,05/01/2025,Mesa Ajustável,Mobiliário,GO,Televendas,1,"R$ 2.381,35","5,0%","R$ 2.695,59",sim,5.0
PED-100948,11/11/2024,Teclado Mecânico,Periféricos,RJ,Marketplace,3,"R$ 412,24","6,6%","R$ 1.084,41",nao,5.0
PED-100949,23/12/2024,"Monitor 27""",Periféricos,SC,Loja Física,6,"R$ 1.486,29","12,8%","R$ 8.140,63",nao,3.0
PED-100950,16/06/2025,Mouse Sem Fio,Periféricos,SC,Loja Física,1,"R$ 179,84","12,8%","R$ 221,35",sim,3.0
PED-100951,01/03/2025,Mesa Ajustável,Mobiliário,CE,Televendas,5,"R$ 2.181,43","6,9%","R$ 14.804,83",sim,2.0
PED-100952,29/04/2025,Notebook Pro,Computadores,PR,Televendas,2,"R$ 6.982,75","12,3%","R$ 18.535,82",sim,2.0
PED-100953,09/03/2025,Mouse Sem Fio,Periféricos,CE,Loja Física,1,"R$ 186,17","14,9%","R$ 230,92",nao,2.0
PED-100954,09/06/2024,Webcam HD,Áudio,SP,E-commerce,1,"R$ 260,06","11,6%","R$ 275,75",sim,
PED-100955,08/01/2025,Cadeira Ergo,Mobiliário,SP,Loja Física,3,"R$ 2.033,77","7,6%","R$ 6.721,65",sim,1.0
PED-100956,30/08/2024,"Monitor 27""",Periféricos,CE,E-commerce,2,"R$ 1.390,59","6,0%","R$ 1.500,71",nao,2.0
PED-100957,26/09/2024,Cadeira Ergo,Mobiliário,PR,Marketplace,2,"R$ 2.064,86","3,9%","R$ 3.625,38",sim,4.0
PED-100958,12/03/2024,Mesa Ajustável,Mobiliário,SP,E-commerce,2,"R$ 2.207,91","10,4%","R$ 4.862,95",nao,5.0
PED-100959,27/04/2024,Teclado Mecânico,Periféricos,RS,Loja Física,1,"R$ 401,68","0,0%","R$ 513,58",sim,3.0
PED-100960,07/08/2024,Headset,Áudio,RJ,E-commerce,1,"R$ 352,91","12,6%","R$ 177,03",sim,2.0
PED-100961,06/07/2024,Webcam HD,Áudio,RJ,Loja Física,2,"R$ 306,97","11,2%","R$ 597,35",sim,2.0
PED-100962,11/02/2025,"Monitor 27""",Periféricos,BA,Marketplace,1,"R$ 1.520,63","13,1%","R$ 1.772,64",nao,4.0
PED-100963,06/07/2024,Mesa Ajustável,Mobiliário,PR,Televendas,1,"R$ 2.249,08","6,5%","R$ 2.305,14",nao,4.0
PED-100964,07/06/2024,Teclado Mecânico,Periféricos,GO,Televendas,2,"R$ 411,54","4,9%","R$ 938,40",nao,3.0
PED-100965,02/10/2024,"Monitor 27""",Periféricos,RJ,E-commerce,2,"R$ 1.482,99","0,9%","R$ 2.623,24",nao,1.0
PED-100966,29/12/2024,Webcam HD,Áudio,SP,Marketplace,2,"R$ 279,49","7,0%","R$ 544,38",nao,1.0
PED-100967,01/10/2025,Cadeira Ergo,Mobiliário,BA,Marketplace,3,"R$ 1.916,82","9,3%","R$ 5.434,13",sim,4.0
PED-100968,22/11/2024,Teclado Mecânico,Periféricos,RJ,Marketplace,3,"R$ 401,78","6,8%","R$ 1.054,43",sim,5.0
PED-100969,13/08/2024,Notebook Pro,Computadores,RJ,Loja Física,2,"R$ 6.971,22","7,9%","R$ 7.368,67",sim,3.0
PED-100970,24/07/2024,Mesa Ajustável,Mobiliário,RJ,E-commerce,2,"R$ 2.542,34","7,6%","R$ 5.147,84",sim,3.0
PED-100971,13/10/2024,Webcam HD,Áudio,SP,Televendas,7,"R$ 278,60","4,2%","R$ 1.667,09",sim,2.0
PED-100972,16/08/2025,Mouse Sem Fio,Periféricos,RS,Televendas,2,"R$ 188,24","8,0%","R$ 402,00",sim,4.0
PED-100973,25/08/2024,Headset,Áudio,SP,E-commerce,3,"R$ 359,03","16,7%","R$ 514,71",sim,5.0
PED-100974,06/06/2024,Teclado Mecânico,Periféricos,PE,Loja Física,1,"R$ 400,40","13,0%","R$ 417,48",nao,1.0
PED-100975,07/01/2025,"Monitor 27""",Periféricos,SP,Loja Física,3,"R$ 1.466,45","21,0%","R$ 4.144,50",sim,2.0
PED-100976,10/05/2025,"Monitor 27""",Periféricos,SP,Loja Física,1,"R$ 1.427,83","3,8%","R$ 2.053,35",nao,4.0
PED-100977,29/08/2025,Headset,Áudio,RS,Televendas,1,"R$ 311,39","4,1%","R$ 346,45",sim,5.0
PED-100978,28/06/2024,Mesa Ajustável,Mobiliário,SC,Loja Física,1,"R$ 2.381,47","7,2%","R$ 2.649,33",nao,
PED-100979,23/07/2025,"Monitor 27""",Periféricos,MG,E-commerce,1,"R$ 1.462,25","0,0%","R$ 1.883,38",sim,2.0
PED-100980,01/07/2025,"Monitor 27""",Periféricos,MG,Televendas,2,"R$ 1.489,26","4,5%","R$ 3.663,61",sim,3.0
PED-100981,29/08/2024,"Monitor 27""",Periféricos,SP,E-commerce,4,"R$ 1.370,70","12,3%","R$ 2.759,98",sim,5.0
PED-100982,02/08/2024,Cadeira Ergo,Mobiliário,SP,,3,"R$ 1.775,92","11,2%","R$ 2.717,08",sim,5.0
PED-100983,19/06/2024,Mesa Ajustável,Mobiliário,SP,E-commerce,1,"R$ 2.494,96","0,0%","R$ 2.990,96",sim,2.0
PED-100984,22/07/2024,Webcam HD,Áudio,SP,E-commerce,3,"R$ 267,12","3,5%","R$ 847,13",sim,5.0
PED-100985,20/07/2025,Mouse Sem Fio,Periféricos,MG,E-commerce,1,"R$ 177,15","9,4%","R$ 206,74",sim,5.0
PED-100986,17/07/2024,Notebook Pro,Computadores,PE,E-commerce,3,"R$ 6.941,24","10,3%","R$ 20.476,11",nao,2.0
PED-100987,12/11/2024,Mouse Sem Fio,Periféricos,PR,Televendas,3,"R$ 191,01","11,7%","R$ 475,21",sim,2.0
PED-100988,21/08/2025,"Monitor 27""",Periféricos,SP,Loja Física,2,"R$ 1.299,13","6,1%","R$ 2.830,34",sim,1.0
PED-100989,14/03/2025,"Monitor 27""",Periféricos,SP,Loja Física,1,"R$ 1.287,39","11,5%","R$ 1.660,33",nao,1.0
PED-100990,24/03/2024,"Monitor 27""",Periféricos,MG,Marketplace,2,"R$ 1.425,38","12,1%","R$ 3.079,35",sim,
PED-100991,16/02/2024,Webcam HD,Áudio,PR,Marketplace,1,"R$ 298,42","11,7%","R$ 297,08",nao,2.0
PED-100992,23/05/2024,Notebook Pro,Computadores,SP,Marketplace,2,"R$ 6.571,52","8,9%","R$ 15.160,78",sim,1.0
PED-100993,08/07/2025,Mouse Sem Fio,Periféricos,PE,Marketplace,3,"R$ 173,87","10,0%","R$ 604,89",nao,2.0
PED-100994,25/05/2024,Webcam HD,Áudio,SC,Televendas,3,"R$ 248,50","8,9%","R$ 860,36",sim,2.0
PED-100995,19/07/2024,Webcam HD,Áudio,SP,E-commerce,2,"R$ 276,19","6,8%","R$ 564,24",sim,4.0
PED-100996,11/12/2024,Webcam HD,Áudio,SP,E-commerce,2,"R$ 248,05","11,0%","R$ 461,92",sim,1.0
PED-100997,12/11/2024,Mouse Sem Fio,Periféricos,RJ,Marketplace,4,"R$ 202,92","16,8%","R$ 634,16",sim,1.0
PED-100998,18/02/2024,Mouse Sem Fio,Periféricos,GO,Televendas,2,"R$ 172,52","3,0%","R$ 377,29",sim,4.0
PED-100999,06/05/2024,Mesa Ajustável,Mobiliário,RJ,E-commerce,3,"R$ 2.472,59","6,2%","R$ 8.811,94",sim,2.0
PED-101000,28/09/2025,Mesa Ajustável,Mobiliário,MG,E-commerce,1,"R$ 2.395,87","5,5%","R$ 2.420,25",sim,2.0
PED-101001,25/09/2024,Headset,Áudio,RJ,Loja Física,2,"R$ 358,49","10,1%","R$ 588,35",sim,4.0
PED-101002,26/06/2024,Headset,Áudio,MG,Televendas,1,"R$ 296,88","7,2%","R$ 330,38",sim,3.0
PED-101003,13/06/2025,Headset,Áudio,SP,Marketplace,1,"R$ 338,04","0,0%","R$ 477,29",sim,4.0
PED-101004,25/10/2024,Notebook Pro,Computadores,BA,E-commerce,2,"R$ 6.956,84","13,5%","R$ 10.745,45",sim,3.0
PED-101005,13/06/2025,Teclado Mecânico,Periféricos,SP,Televendas,1,"R$ 415,39","23,4%","R$ 449,26",nao,3.0
PED-101006,11/04/2024,Mesa Ajustável,Mobiliário,SC,E-commerce,5,"R$ 2.384,12","18,5%","R$ 12.420,04",sim,2.0
PED-101007,30/10/2024,"Monitor 27""",Periféricos,SP,Loja Física,1,"R$ 1.439,57","6,1%","R$ 1.205,91",nao,1.0
PED-101008,02/06/2025,Cadeira Ergo,Mobiliário,SP,Televendas,2,"R$ 1.853,17","1,0%","R$ 5.179,12",sim,5.0
PED-101009,06/05/2025,Mesa Ajustável,Mobiliário,SP,Televendas,5,"R$ 2.466,60","0,0%","R$ 18.441,53",sim,4.0
PED-101010,09/03/2025,"Monitor 27""",Periféricos,RS,,3,"R$ 1.619,71","5,7%","R$ 6.678,17",sim,4.0
PED-101011,20/10/2024,Mouse Sem Fio,Periféricos,RJ,Marketplace,8,"R$ 163,29","6,4%","R$ 1.091,13",sim,1.0
PED-101012,11/06/2025,Notebook Pro,Computadores,SP,Loja Física,4,"R$ 6.916,77","5,5%","R$ 36.922,66",sim,2.0
PED-101013,26/08/2024,Webcam HD,Áudio,PR,Televendas,2,"R$ 303,50","7,5%","R$ 322,40",sim,
PED-101014,26/02/2025,Mesa Ajustável,Mobiliário,RS,Televendas,3,"R$ 2.388,97","2,1%","R$ 9.408,95",sim,4.0
PED-101015,15/12/2024,Webcam HD,Áudio,BA,E-commerce,2,"R$ 283,21","5,6%","R$ 559,44",sim,2.0
PED-101016,12/07/2024,Mesa Ajustável,Mobiliário,BA,Marketplace,3,"R$ 2.448,02","10,9%","R$ 7.171,24",sim,4.0
PED-101017,08/05/2024,Notebook Pro,Computadores,SC,Loja Física,4,"R$ 6.745,74","8,3%","R$ 31.331,93",sim,1.0
PED-101018,06/12/2024,Notebook Pro,Computadores,SP,Loja Física,3,"R$ 7.129,65","10,8%","R$ 19.968,45",nao,4.0
PED-101019,21/07/2024,Teclado Mecânico,Periféricos,RJ,Marketplace,1,"R$ 421,18","0,0%","R$ 461,61",sim,3.0
PED-101020,26/11/2024,Headset,Áudio,SP,E-commerce,1,"R$ 372,34","3,6%","R$ 337,08",nao,1.0
PED-101021,28/03/2025,Headset,Áudio,PR,Marketplace,1,"R$ 346,45","0,0%","R$ 504,85",nao,3.0
PED-101022,28/05/2025,Teclado Mecânico,Periféricos,SC,E-commerce,2,"R$ 404,13","12,7%","R$ 1.055,02",nao,3.0
PED-101023,08/05/2025,"Monitor 27""",Periféricos,SP,Loja Física,2,"R$ 1.420,49","12,6%","R$ 3.711,53",sim,4.0
PED-101024,22/11/2024,"Monitor 27""",Periféricos,RJ,Marketplace,3,"R$ 1.297,90","12,9%","R$ 3.185,49",sim,2.0
PED-101025,06/02/2024,Mouse Sem Fio,Periféricos,SP,Loja Física,3,"R$ 193,80","7,4%","R$ 606,99",nao,2.0
PED-101026,25/04/2024,"Monitor 27""",Periféricos,MG,Marketplace,1,"R$ 1.413,00","13,4%","R$ 1.565,14",sim,3.0
PED-101027,14/04/2025,Webcam HD,Áudio,RJ,Loja Física,1,"R$ 301,33","4,2%","R$ 436,62",sim,2.0
PED-101028,15/01/2025,Cadeira Ergo,Mobiliário,SP,Marketplace,5,"R$ 1.883,09","14,2%","R$ 9.634,28",sim,5.0
PED-101029,07/06/2025,Webcam HD,Áudio,SP,Marketplace,3,"R$ 273,60","5,5%","R$ 1.094,78",sim,1.0
PED-101030,10/11/2024,Webcam HD,Áudio,SP,Loja Física,1,"R$ 278,29","4,1%","R$ 250,55",sim,
PED-101031,11/10/2024,Webcam HD,Áudio,MG,Loja Física,1,"R$ 295,49","10,6%","R$ 235,65",sim,2.0
PED-101032,05/06/2024,Mouse Sem Fio,Periféricos,SP,E-commerce,2,"R$ 181,74","12,3%","R$ 382,09",nao,4.0
PED-101033,09/02/2024,Mesa Ajustável,Mobiliário,RJ,Televendas,1,"R$ 2.473,79","9,2%","R$ 2.533,65",sim,5.0
PED-101034,01/04/2024,Cadeira Ergo,Mobiliário,CE,Marketplace,1,"R$ 1.907,78","1,8%","R$ 2.395,83",sim,5.0
PED-101035,13/03/2025,"Monitor 27""",Periféricos,RS,Loja Física,3,"R$ 1.662,69","10,3%","R$ 6.521,52",sim,3.0
PED-101036,05/01/2025,Headset,Áudio,SP,Marketplace,4,"R$ 331,02","6,1%","R$ 1.481,96",nao,5.0
PED-101037,06/06/2024,Webcam HD,Áudio,RJ,E-commerce,4,"R$ 264,70","0,0%","R$ 1.269,29",sim,2.0
PED-101038,20/08/2024,"Monitor 27""",Periféricos,SP,Loja Física,1,"R$ 1.440,83","0,0%","R$ 827,06",sim,4.0
PED-101039,15/02/2025,Webcam HD,Áudio,GO,Televendas,1,"R$ 281,76","4,5%","R$ 360,93",sim,5.0
PED-101040,01/09/2024,Cadeira Ergo,Mobiliário,SC,E-commerce,3,"R$ 1.916,96","5,8%","R$ 4.948,13",sim,4.0
PED-101041,29/08/2024,Webcam HD,Áudio,RS,Loja Física,5,"R$ 277,16","7,5%","R$ 735,94",sim,5.0
PED-101042,21/06/2024,Headset,Áudio,RS,E-commerce,9,"R$ 296,65","14,4%","R$ 2.738,25",sim,4.0
PED-101043,11/02/2025,Headset,Áudio,SP,Loja Física,1,"R$ 337,14","7,3%","R$ 419,23",nao,1.0
PED-101044,23/07/2025,Notebook Pro,Computadores,RS,Loja Física,1,"R$ 6.797,97","13,8%","R$ 7.551,84",sim,2.0
PED-101045,14/06/2024,Cadeira Ergo,Mobiliário,MG,Televendas,5,"R$ 1.735,53","0,6%","R$ 10.344,57",sim,2.0
PED-101046,05/07/2024,Headset,Áudio,MG,E-commerce,2,"R$ 301,64","3,9%","R$ 635,35",sim,3.0
PED-101047,31/10/2024,Mouse Sem Fio,Periféricos,RS,E-commerce,5,"R$ 181,49","10,0%","R$ 728,48",sim,1.0
PED-101048,01/05/2024,Notebook Pro,Computadores,PE,E-commerce,1,"R$ 5.657,76","6,9%","R$ 6.675,50",sim,5.0
PED-101049,01/12/2024,Webcam HD,Áudio,GO,Loja Física,2,"R$ 297,19","15,5%","R$ 525,88",sim,5.0
PED-101050,20/07/2025,Mouse Sem Fio,Periféricos,SP,Marketplace,4,"R$ 168,04","11,1%","R$ 769,26",nao,1.0
PED-101051,07/02/2025,Notebook Pro,Computadores,CE,Marketplace,1,"R$ 6.633,92","11,6%","R$ 7.859,04",sim,3.0
PED-101052,15/04/2024,Mouse Sem Fio,Periféricos,RJ,Marketplace,4,"R$ 173,21","22,1%","R$ 690,13",sim,3.0
PED-101053,10/05/2024,Notebook Pro,Computadores,PR,Televendas,2,"R$ 6.624,70","2,9%","R$ 16.304,61",sim,1.0
PED-101054,18/02/2024,Webcam HD,Áudio,CE,Loja Física,3,"R$ 289,92","0,0%","R$ 980,87",sim,3.0
PED-101055,07/09/2025,Cadeira Ergo,Mobiliário,MG,E-commerce,1,"R$ 1.919,93","6,9%","R$ 1.910,39",sim,5.0
PED-101056,09/08/2024,Webcam HD,Áudio,SP,Televendas,2,"R$ 297,48","9,7%","R$ 308,49",nao,1.0
PED-101057,04/07/2024,Cadeira Ergo,Mobiliário,RJ,Marketplace,1,"R$ 2.129,37","0,0%","R$ 2.333,79",sim,3.0
PED-101058,03/07/2025,Notebook Pro,Computadores,SC,E-commerce,2,"R$ 6.698,34","1,9%","R$ 16.924,01",sim,4.0
PED-101059,14/07/2024,Webcam HD,Áudio,MG,E-commerce,2,"R$ 229,62","0,1%","R$ 502,88",sim,2.0
PED-101060,28/05/2024,Webcam HD,Áudio,SC,Loja Física,3,"R$ 304,57","16,8%","R$ 962,88",sim,1.0
PED-101061,13/06/2024,Notebook Pro,Computadores,SP,Loja Física,2,"R$ 7.357,46","19,5%","R$ 14.193,09",sim,4.0
PED-101062,10/09/2024,Teclado Mecânico,Periféricos,SP,E-commerce,1,"R$ 416,50","8,0%","R$ 349,81",sim,2.0
PED-101063,13/02/2024,Webcam HD,Áudio,MG,Televendas,4,"R$ 314,22","6,5%","R$ 1.324,73",sim,5.0
PED-101064,14/02/2025,Teclado Mecânico,Periféricos,BA,Marketplace,4,"R$ 407,60","16,0%","R$ 1.836,44",sim,2.0
PED-101065,27/09/2024,Headset,Áudio,PE,Televendas,2,"R$ 345,58","5,6%","R$ 595,99",sim,5.0
PED-101066,13/09/2025,Headset,Áudio,BA,Televendas,1,"R$ 345,74","8,3%","R$ 338,72",nao,4.0
PED-101067,08/05/2025,Headset,Áudio,BA,Marketplace,4,"R$ 353,04","6,9%","R$ 1.966,29",nao,1.0
PED-101068,02/09/2024,Headset,Áudio,SP,Loja Física,4,"R$ 317,76","0,0%","R$ 1.160,56",sim,1.0
PED-101069,30/03/2025,Notebook Pro,Computadores,RJ,Televendas,3,"R$ 6.740,95","0,2%","R$ 29.415,77",sim,2.0
PED-101070,31/05/2025,Webcam HD,Áudio,SP,Loja Física,3,"R$ 296,48","5,5%","R$ 1.256,35",nao,4.0
PED-101071,05/05/2024,Mouse Sem Fio,Periféricos,SP,Televendas,2,"R$ 164,23","6,3%","R$ 389,85",sim,3.0
PED-101072,12/04/2024,Notebook Pro,Computadores,SP,Loja Física,1,"R$ 6.986,71","3,2%","R$ 8.645,30",sim,3.0
PED-101073,28/03/2024,Notebook Pro,Computadores,SP,Loja Física,1,"R$ 6.947,74","3,9%","R$ 8.201,89",nao,4.0
PED-101074,30/01/2024,Teclado Mecânico,Periféricos,RJ,Marketplace,1,"R$ 438,99","11,7%","R$ 387,63",nao,2.0
PED-101075,24/07/2024,Webcam HD,Áudio,RS,Loja Física,2,"R$ 292,44","10,6%","R$ 572,91",sim,1.0
PED-101076,23/05/2025,Teclado Mecânico,Periféricos,SP,E-commerce,3,"R$ 383,37","13,5%","R$ 1.488,04",sim,5.0
PED-101077,06/05/2025,Mouse Sem Fio,Periféricos,PR,Televendas,2,"R$ 211,63","2,8%","R$ 615,22",sim,4.0
PED-101078,29/08/2024,Mouse Sem Fio,Periféricos,SP,Marketplace,2,"R$ 182,44","12,2%","R$ 183,83",sim,5.0
PED-101079,08/11/2024,Mesa Ajustável,Mobiliário,PE,Loja Física,3,"R$ 2.196,88","19,0%","R$ 5.013,83",sim,
PED-101080,06/05/2025,Notebook Pro,Computadores,PR,E-commerce,1,"R$ 7.134,78","7,5%","R$ 9.868,85",nao,2.0
PED-101081,13/08/2025,Notebook Pro,Computadores,PE,E-commerce,1,"R$ 6.855,80","6,8%","R$ 7.413,82",nao,5.0
PED-101082,29/06/2024,Cadeira Ergo,Mobiliário,SP,Marketplace,3,"R$ 1.857,79","10,7%","R$ 5.967,28",sim,1.0
PED-101083,24/02/2025,Mouse Sem Fio,Periféricos,SP,Televendas,1,"R$ 177,80","6,4%","R$ 223,07",sim,2.0
PED-101084,15/01/2025,Cadeira Ergo,Mobiliário,SP,Loja Física,2,"R$ 1.735,16","7,4%","R$ 3.831,19",sim,2.0
PED-101085,01/02/2025,Headset,Áudio,CE,E-commerce,2,"R$ 320,79","5,9%","R$ 809,65",sim,3.0
PED-101086,28/05/2025,Cadeira Ergo,Mobiliário,PE,Loja Física,2,"R$ 1.882,28","4,4%","R$ 5.379,64",sim,4.0
PED-101087,06/05/2025,Webcam HD,Áudio,PR,Loja Física,2,"R$ 298,84","0,3%","R$ 890,94",sim,3.0
PED-101088,10/09/2024,Cadeira Ergo,Mobiliário,SP,Marketplace,3,"R$ 1.892,66","3,4%","R$ 5.007,12",sim,3.0
PED-101089,25/04/2025,Mesa Ajustável,Mobiliário,CE,Loja Física,5,"R$ 2.525,03","10,0%","R$ 17.187,91",nao,2.0
PED-101090,05/02/2024,Teclado Mecânico,Periféricos,PR,Televendas,1,"R$ 405,80","4,8%","R$ 435,60",sim,2.0
PED-101091,08/08/2024,Teclado Mecânico,Periféricos,SP,Marketplace,2,"R$ 406,34","6,6%","R$ 435,93",sim,
PED-101092,19/05/2024,"Monitor 27""",Periféricos,RJ,Marketplace,3,"R$ 1.373,61","14,8%","R$ 4.448,45",sim,4.0
PED-101093,13/06/2024,Mesa Ajustável,Mobiliário,RJ,Loja Física,1,"R$ 2.430,21","11,6%","R$ 2.576,30",sim,5.0
PED-101094,31/07/2025,Webcam HD,Áudio,RS,Televendas,2,"R$ 283,66","8,5%","R$ 668,97",sim,1.0
PED-101095,07/10/2024,Notebook Pro,Computadores,RJ,Loja Física,4,"R$ 7.185,30","6,6%","R$ 23.946,70",nao,4.0
PED-101096,16/02/2024,Webcam HD,Áudio,CE,E-commerce,1,"R$ 286,40","13,4%","R$ 279,73",sim,1.0
PED-101097,09/11/2024,Teclado Mecânico,Periféricos,SP,Televendas,4,"R$ 469,68","9,8%","R$ 1.590,70",sim,1.0
PED-101098,14/02/2024,Headset,Áudio,PR,E-commerce,5,"R$ 369,52","4,8%","R$ 1.984,60",sim,3.0
PED-101099,31/03/2024,Teclado Mecânico,Periféricos,RS,E-commerce,1,"R$ 391,68","10,1%","R$ 432,45",sim,5.0
PED-101100,02/09/2024,Headset,Áudio,RJ,Loja Física,3,"R$ 362,60","6,3%","R$ 930,63",nao,5.0
PED-101101,09/10/2024,Webcam HD,Áudio,PR,E-commerce,1,"R$ 323,30","1,4%","R$ 284,52",sim,3.0
PED-101102,28/05/2024,Mesa Ajustável,Mobiliário,MG,Televendas,1,"R$ 2.349,42","3,0%","R$ 2.887,81",sim,2.0
PED-101103,13/02/2025,Cadeira Ergo,Mobiliário,SP,Marketplace,1,"R$ 1.996,68","9,1%","R$ 2.434,44",nao,2.0
PED-101104,13/11/2024,Cadeira Ergo,Mobiliário,MG,Marketplace,2,"R$ 2.098,87","10,4%","R$ 3.532,73",sim,2.0
PED-101105,27/03/2024,Mouse Sem Fio,Periféricos,RJ,Loja Física,2,"R$ 177,63","3,5%","R$ 421,25",nao,3.0
PED-101106,10/06/2025,Notebook Pro,Computadores,CE,E-commerce,1,"R$ 6.301,41","4,9%","R$ 8.461,63",sim,4.0
PED-101107,29/03/2024,Mouse Sem Fio,Periféricos,RJ,Televendas,4,"R$ 163,40","5,5%","R$ 758,76",nao,1.0
PED-101108,18/08/2024,"Monitor 27""",Periféricos,PE,E-commerce,1,"R$ 1.518,71","11,1%","R$ 775,30",sim,1.0
PED-101109,21/04/2024,Webcam HD,Áudio,SP,E-commerce,1,"R$ 305,01","4,6%","R$ 372,02",sim,3.0
PED-101110,26/08/2025,"Monitor 27""",Periféricos,PE,Televendas,1,"R$ 1.401,50","4,2%","R$ 1.558,36",sim,1.0
PED-101111,30/06/2024,Cadeira Ergo,Mobiliário,RS,E-commerce,4,"R$ 2.055,51","12,2%","R$ 8.657,38",sim,1.0
PED-101112,08/07/2025,Mouse Sem Fio,Periféricos,PR,Loja Física,3,"R$ 181,20","5,4%","R$ 662,16",nao,4.0
PED-101113,07/09/2025,"Monitor 27""",Periféricos,SP,Marketplace,2,"R$ 1.317,95","12,2%","R$ 2.471,97",sim,1.0
PED-101114,20/05/2024,"Monitor 27""",Periféricos,RS,Marketplace,2,"R$ 1.306,50","4,0%","R$ 3.178,04",sim,3.0
PED-101115,17/01/2024,Mouse Sem Fio,Periféricos,SP,E-commerce,1,"R$ 175,85","9,3%","R$ 159,58",sim,1.0
PED-101116,09/01/2024,Teclado Mecânico,Periféricos,SP,E-commerce,6,"R$ 451,51","8,6%","R$ 2.476,96",sim,4.0
PED-101117,27/04/2024,Headset,Áudio,SP,E-commerce,1,"R$ 347,52","7,1%","R$ 412,73",sim,4.0
PED-101118,13/09/2024,Mouse Sem Fio,Periféricos,SP,E-commerce,1,"R$ 176,26","12,0%","R$ 141,70",sim,5.0
PED-101119,15/04/2024,Webcam HD,Áudio,SP,Marketplace,5,"R$ 305,16","4,5%","R$ 1.863,38",sim,5.0
PED-101120,04/09/2025,Webcam HD,Áudio,MG,E-commerce,5,"R$ 272,43","9,3%","R$ 1.319,70",nao,3.0
PED-101121,30/10/2024,Mesa Ajustável,Mobiliário,MG,Marketplace,3,"R$ 2.297,36","0,0%","R$ 6.149,93",nao,4.0
PED-101122,26/06/2025,Webcam HD,Áudio,SP,Televendas,2,"R$ 288,65","11,2%","R$ 724,07",nao,2.0
PED-101123,10/01/2024,Headset,Áudio,PE,Televendas,1,"R$ 344,20","0,0%","R$ 344,20",sim,1.0
PED-101124,25/03/2024,Webcam HD,Áudio,BA,Televendas,1,"R$ 304,10","4,6%","R$ 356,44",sim,4.0
PED-101125,20/10/2024,Teclado Mecânico,Periféricos,MG,Televendas,2,"R$ 486,35","9,3%","R$ 787,31",sim,2.0
PED-101126,14/04/2024,Cadeira Ergo,Mobiliário,MG,Loja Física,2,"R$ 1.684,34","9,3%","R$ 3.906,50",nao,2.0
PED-101127,14/04/2024,Notebook Pro,Computadores,SP,Loja Física,3,"R$ 6.342,85","16,2%","R$ 20.376,70",nao,5.0
PED-101128,16/01/2024,Headset,Áudio,BA,Televendas,1,"R$ 371,84","14,4%","R$ 318,17",sim,5.0
PED-101129,21/06/2024,Mouse Sem Fio,Periféricos,SC,E-commerce,1,"R$ 200,36","12,3%","R$ 210,72",sim,2.0
PED-101130,03/05/2025,Notebook Pro,Computadores,SC,E-commerce,1,"R$ 7.198,12","0,9%","R$ 10.668,35",sim,4.0
PED-101131,22/05/2025,Webcam HD,Áudio,RJ,Televendas,1,"R$ 287,00","7,9%","R$ 395,11",nao,1.0
PED-101132,21/11/2024,Webcam HD,Áudio,SP,Televendas,2,"R$ 289,96","9,5%","R$ 492,57",nao,2.0
PED-101133,27/04/2024,Notebook Pro,Computadores,SC,Televendas,1,"R$ 6.811,75","9,6%","R$ 7.871,22",nao,3.0
PED-101134,14/10/2024,Mesa Ajustável,Mobiliário,PR,Marketplace,2,"R$ 2.318,86","2,5%","R$ 4.034,63",nao,2.0
PED-101135,29/01/2025,Cadeira Ergo,Mobiliário,RJ,Loja Física,3,"R$ 1.889,91","0,0%","R$ 6.758,32",nao,4.0
PED-101136,04/04/2024,Cadeira Ergo,Mobiliário,SP,Marketplace,1,"R$ 1.833,19","5,1%","R$ 2.223,95",nao,1.0
PED-101137,17/09/2024,"Monitor 27""",Periféricos,SP,Televendas,6,"R$ 1.370,10","11,9%","R$ 6.610,96",nao,2.0
PED-101138,10/06/2025,Headset,Áudio,RJ,Marketplace,3,"R$ 373,18","12,4%","R$ 1.385,22",sim,5.0
PED-101139,24/09/2024,Mouse Sem Fio,Periféricos,BA,Marketplace,5,"R$ 177,51","16,2%","R$ 679,39",sim,1.0
PED-101140,28/10/2024,Mesa Ajustável,Mobiliário,SP,Marketplace,2,"R$ 2.407,97","3,3%","R$ 4.153,77",nao,5.0
PED-101141,06/06/2025,Mesa Ajustável,Mobiliário,SP,Loja Física,2,"R$ 2.298,38","1,3%","R$ 6.403,29",sim,5.0
PED-101142,05/03/2025,"Monitor 27""",Periféricos,SP,Marketplace,3,"R$ 1.315,48","9,9%","R$ 5.178,67",nao,4.0
PED-101143,12/04/2024,Mouse Sem Fio,Periféricos,RJ,Loja Física,2,"R$ 181,21","11,1%","R$ 411,83",sim,4.0
PED-101144,25/01/2025,Mouse Sem Fio,Periféricos,SP,Loja Física,2,"R$ 178,12","7,2%","R$ 394,15",sim,2.0
PED-101145,14/08/2025,Mesa Ajustável,Mobiliário,MG,Loja Física,4,"R$ 2.237,58","16,2%","R$ 8.701,35",nao,5.0
PED-101146,15/05/2024,Notebook Pro,Computadores,SP,Marketplace,1,"R$ 7.269,28","12,0%","R$ 8.100,64",sim,
PED-101147,25/07/2025,Webcam HD,Áudio,SP,Televendas,3,"R$ 333,07","0,0%","R$ 1.287,00",sim,1.0
PED-101148,10/01/2025,Cadeira Ergo,Mobiliário,SP,Loja Física,2,"R$ 1.764,09","3,6%","R$ 4.055,29",nao,3.0
PED-101149,03/03/2025,Headset,Áudio,RJ,Televendas,2,"R$ 350,58","7,0%","R$ 949,86",sim,1.0
PED-101150,30/07/2024,Webcam HD,Áudio,RJ,Marketplace,3,"R$ 266,78","1,0%","R$ 868,80",nao,3.0
PED-101151,01/02/2024,Headset,Áudio,SP,Televendas,1,"R$ 320,32","18,6%","R$ 293,98",nao,3.0
PED-101152,18/01/2024,"Monitor 27""",Periféricos,RS,Marketplace,1,"R$ 1.385,79","10,5%","R$ 1.239,85",sim,5.0
PED-101153,28/02/2025,Headset,Áudio,RS,Televendas,3,"R$ 384,05","15,5%","R$ 1.306,14",nao,3.0
PED-101154,21/09/2025,"Monitor 27""",Periféricos,SC,Televendas,4,"R$ 1.459,52","4,5%","R$ 5.955,82",nao,1.0
PED-101155,19/01/2025,Mesa Ajustável,Mobiliário,PE,Loja Física,1,"R$ 2.490,54","15,5%","R$ 2.509,25",nao,3.0
PED-101156,17/08/2024,Teclado Mecânico,Periféricos,RJ,E-commerce,3,"R$ 459,08","9,6%","R$ 714,41",nao,2.0
PED-101157,09/05/2025,Teclado Mecânico,Periféricos,RS,Marketplace,4,"R$ 443,92","7,4%","R$ 2.458,07",sim,1.0
PED-101158,28/08/2025,Mouse Sem Fio,Periféricos,SC,Marketplace,1,"R$ 165,78","9,1%","R$ 174,98",nao,2.0
PED-101159,16/05/2024,Webcam HD,Áudio,SP,Televendas,2,"R$ 276,94","5,2%","R$ 665,30",sim,2.0
PED-101160,07/03/2024,Notebook Pro,Computadores,SP,Loja Física,2,"R$ 6.209,99","0,0%","R$ 15.259,47",sim,1.0
PED-101161,02/09/2025,Headset,Áudio,RJ,E-commerce,1,"R$ 344,56","13,9%","R$ 316,88",nao,5.0
PED-101162,29/01/2024,Teclado Mecânico,Periféricos,GO,Marketplace,1,"R$ 430,61","5,7%","R$ 406,08",nao,3.0
PED-101163,21/07/2025,Headset,Áudio,RJ,Marketplace,2,"R$ 342,26","14,0%","R$ 758,64",sim,5.0
PED-101164,02/04/2024,Mouse Sem Fio,Periféricos,MG,Marketplace,3,"R$ 171,80","6,8%","R$ 614,18",sim,2.0
PED-101165,14/03/2024,"Monitor 27""",Periféricos,MG,Televendas,1,"R$ 1.442,54","11,5%","R$ 1.568,47",sim,5.0
PED-101166,26/06/2024,Mouse Sem Fio,Periféricos,MG,Loja Física,1,"R$ 190,65","5,2%","R$ 216,62",sim,4.0
PED-101167,20/07/2024,Headset,Áudio,RS,Marketplace,5,"R$ 338,77","9,5%","R$ 1.680,15",sim,1.0
PED-101168,30/07/2024,Mesa Ajustável,Mobiliário,RJ,Televendas,1,"R$ 2.318,62","6,3%","R$ 2.380,31",sim,4.0
PED-101169,21/01/2024,Notebook Pro,Computadores,SP,Marketplace,1,"R$ 7.150,38","12,9%","R$ 6.225,96",sim,5.0
PED-101170,30/06/2025,Cadeira Ergo,Mobiliário,SP,Marketplace,2,"R$ 1.975,84","4,0%","R$ 5.358,16",sim,1.0
PED-101171,15/06/2025,Mouse Sem Fio,Periféricos,CE,Televendas,2,"R$ 169,60","15,3%","R$ 405,52",nao,3.0
PED-101172,11/03/2025,Teclado Mecânico,Periféricos,GO,Loja Física,2,"R$ 412,74","3,5%","R$ 1.161,21",nao,5.0
PED-101173,08/08/2025,Webcam HD,Áudio,CE,E-commerce,3,"R$ 269,16","10,0%","R$ 843,20",nao,4.0
PED-101174,23/08/2025,Mouse Sem Fio,Periféricos,SP,Marketplace,2,"R$ 187,25","16,7%","R$ 361,98",sim,1.0
PED-101175,25/09/2025,"Monitor 27""",Periféricos,RJ,Televendas,3,"R$ 1.412,34","5,0%","R$ 4.302,91",sim,1.0
PED-101176,28/08/2024,Cadeira Ergo,Mobiliário,SC,Televendas,1,"R$ 1.785,76","4,9%","R$ 975,02",sim,3.0
PED-101177,26/01/2025,Notebook Pro,Computadores,SP,E-commerce,2,"R$ 7.314,66","11,0%","R$ 15.527,51",nao,5.0
PED-101178,03/05/2025,Mesa Ajustável,Mobiliário,SP,Televendas,5,"R$ 2.323,79","14,3%","R$ 14.890,34",nao,1.0
PED-101179,02/03/2025,Cadeira Ergo,Mobiliário,RS,Televendas,1,"R$ 1.888,24","12,2%","R$ 2.414,52",sim,1.0
PED-101180,21/05/2025,Teclado Mecânico,Periféricos,CE,E-commerce,1,"R$ 459,36","0,0%","R$ 686,88",sim,4.0
PED-101181,10/03/2025,Cadeira Ergo,Mobiliário,RS,Televendas,4,"R$ 2.000,81","13,6%","R$ 10.076,24",sim,2.0
PED-101182,04/09/2024,Notebook Pro,Computadores,MG,Loja Física,2,"R$ 6.337,04","13,9%","R$ 9.969,42",nao,2.0
PED-101183,30/12/2024,Mouse Sem Fio,Periféricos,SP,Televendas,1,"R$ 190,52","19,1%","R$ 161,39",nao,4.0
PED-101184,07/05/2024,Notebook Pro,Computadores,SP,Marketplace,1,"R$ 6.812,48","9,5%","R$ 7.805,49",nao,1.0
PED-101185,01/09/2025,Webcam HD,Áudio,RS,Televendas,6,"R$ 275,97","6,6%","R$ 1.653,11",sim,5.0
PED-101186,26/07/2025,"Monitor 27""",Periféricos,PR,E-commerce,4,"R$ 1.537,70","11,9%","R$ 6.976,09",sim,5.0
PED-101187,24/01/2025,"Monitor 27""",Periféricos,GO,E-commerce,2,"R$ 1.411,71","8,4%","R$ 3.083,73",sim,2.0
PED-101188,06/05/2025,Mesa Ajustável,Mobiliário,SC,E-commerce,2,"R$ 2.458,77","8,7%","R$ 6.714,01",sim,5.0
PED-101189,02/08/2024,Mesa Ajustável,Mobiliário,RJ,E-commerce,5,"R$ 2.416,02","8,8%","R$ 6.322,63",nao,3.0
PED-101190,01/09/2024,Mouse Sem Fio,Periféricos,PR,Marketplace,3,"R$ 187,38","9,6%","R$ 463,88",sim,3.0
PED-101191,24/11/2024,Notebook Pro,Computadores,SP,Televendas,2,"R$ 7.756,65","12,0%","R$ 12.820,16",nao,4.0
PED-101192,18/06/2024,Teclado Mecânico,Periféricos,MG,Televendas,4,"R$ 416,53","4,2%","R$ 1.912,64",sim,5.0
PED-101193,12/01/2024,Teclado Mecânico,Periféricos,PR,Marketplace,3,"R$ 405,49","13,5%","R$ 1.052,08",sim,4.0
PED-101194,10/09/2024,Mouse Sem Fio,Periféricos,SP,E-commerce,3,"R$ 175,51","10,3%","R$ 431,25",sim,4.0
PED-101195,08/04/2025,Headset,Áudio,RJ,Marketplace,4,"R$ 345,08","3,8%","R$ 2.008,39",sim,5.0
PED-101196,15/06/2024,Webcam HD,Áudio,SC,Televendas,2,"R$ 302,27","10,9%","R$ 645,41",sim,2.0
PED-101197,20/03/2025,Headset,Áudio,SP,Televendas,1,"R$ 368,19","15,0%","R$ 455,99",nao,4.0
PED-101198,18/01/2025,Cadeira Ergo,Mobiliário,MG,E-commerce,1,"R$ 1.930,39","11,7%","R$ 2.031,95",sim,3.0
PED-101199,26/09/2024,Headset,Áudio,BA,Loja Física,2,"R$ 346,40","3,8%","R$ 608,38",sim,2.0
PED-101200,09/04/2025,Cadeira Ergo,Mobiliário,BA,Marketplace,2,"R$ 1.874,17","0,3%","R$ 5.652,55",sim,3.0
PED-101201,28/06/2025,Mouse Sem Fio,Periféricos,SP,Loja Física,4,"R$ 182,53","12,1%","R$ 906,44",sim,4.0
PED-101202,01/09/2025,Mouse Sem Fio,Periféricos,SP,Marketplace,3,"R$ 158,97","12,4%","R$ 446,31",sim,4.0
PED-101203,28/04/2025,Mesa Ajustável,Mobiliário,MG,Loja Física,1,"R$ 2.400,24","13,5%","R$ 3.142,32",sim,3.0
PED-101204,28/02/2024,Webcam HD,Áudio,RJ,Loja Física,2,"R$ 252,84","14,2%","R$ 489,31",sim,4.0
PED-101205,03/08/2024,Notebook Pro,Computadores,SP,Marketplace,2,"R$ 6.786,21","5,8%","R$ 7.341,28",sim,2.0
PED-101206,04/12/2024,"Monitor 27""",Periféricos,SP,Televendas,3,"R$ 1.466,24","15,4%","R$ 3.893,60",nao,4.0
PED-101207,19/02/2024,Webcam HD,Áudio,MG,E-commerce,1,"R$ 293,26","14,0%","R$ 284,44",sim,5.0
PED-101208,24/09/2024,Mouse Sem Fio,Periféricos,GO,Televendas,1,"R$ 177,48","8,3%","R$ 148,66",sim,5.0
PED-101209,25/03/2024,Mouse Sem Fio,Periféricos,RJ,Loja Física,4,"R$ 149,71","11,5%","R$ 651,39",nao,5.0
PED-101210,20/12/2024,Mesa Ajustável,Mobiliário,SC,Televendas,1,"R$ 2.372,29","7,9%","R$ 2.285,79",nao,2.0
PED-101211,27/04/2024,Mesa Ajustável,Mobiliário,RJ,Loja Física,1,"R$ 2.250,08","4,6%","R$ 2.744,66",sim,4.0
PED-101212,22/06/2024,Notebook Pro,Computadores,MG,Loja Física,2,"R$ 6.981,90","0,0%","R$ 16.739,81",sim,5.0
PED-101213,13/07/2024,"Monitor 27""",Periféricos,SC,E-commerce,1,"R$ 1.289,86","9,2%","R$ 1.282,98",sim,2.0
PED-101214,14/09/2025,"Monitor 27""",Periféricos,SP,Televendas,4,"R$ 1.538,57","8,0%","R$ 6.050,73",sim,4.0
PED-101215,13/10/2024,Notebook Pro,Computadores,BA,Loja Física,3,"R$ 6.153,22","5,0%","R$ 15.653,59",sim,4.0
PED-101216,21/12/2024,Mouse Sem Fio,Periféricos,MG,Marketplace,3,"R$ 185,74","7,8%","R$ 537,49",sim,2.0
PED-101217,16/08/2025,Teclado Mecânico,Periféricos,RJ,Loja Física,3,"R$ 426,93","7,0%","R$ 1.382,73",nao,1.0
PED-101218,09/01/2024,Mouse Sem Fio,Periféricos,PR,E-commerce,1,"R$ 194,11","12,9%","R$ 169,02",sim,
PED-101219,27/06/2024,"Monitor 27""",Periféricos,PE,Loja Física,2,"R$ 1.597,93","5,0%","R$ 3.638,01",sim,2.0
PED-101220,28/09/2024,Notebook Pro,Computadores,PR,Televendas,1,"R$ 6.074,83","4,3%","R$ 5.305,57",sim,4.0
PED-101221,29/07/2025,Headset,Áudio,SP,Televendas,2,"R$ 320,22","12,7%","R$ 720,19",nao,1.0
PED-101222,07/04/2025,Cadeira Ergo,Mobiliário,SP,Loja Física,3,"R$ 2.006,70","13,4%","R$ 7.888,36",sim,4.0
PED-101223,11/03/2025,Teclado Mecânico,Periféricos,SP,E-commerce,1,"R$ 452,45","10,5%","R$ 590,06",sim,
PED-101224,30/08/2024,Mesa Ajustável,Mobiliário,SP,Marketplace,1,"R$ 2.510,52","8,7%","R$ 1.315,62",sim,1.0
PED-101225,30/06/2025,Webcam HD,Áudio,PR,Loja Física,5,"R$ 285,03","13,1%","R$ 1.748,05",sim,2.0
PED-101226,29/04/2024,Headset,Áudio,RS,Marketplace,2,"R$ 322,77","10,5%","R$ 738,51",nao,2.0
PED-101227,15/09/2024,Mouse Sem Fio,Periféricos,SC,Loja Física,2,"R$ 155,96","6,9%","R$ 265,18",nao,4.0
PED-101228,16/08/2024,Mouse Sem Fio,Periféricos,MG,Televendas,4,"R$ 181,43","10,6%","R$ 372,52",sim,
PED-101229,03/01/2024,Webcam HD,Áudio,SP,Televendas,1,"R$ 308,69","5,9%","R$ 290,62",sim,1.0
PED-101230,28/02/2024,Headset,Áudio,GO,Loja Física,3,"R$ 335,23","4,2%","R$ 1.086,39",nao,2.0
PED-101231,18/05/2025,"Monitor 27""",Periféricos,RJ,Loja Física,1,"R$ 1.415,51","9,2%","R$ 1.921,79",sim,4.0
PED-101232,27/08/2025,Teclado Mecânico,Periféricos,BA,Loja Física,1,"R$ 405,88","11,7%","R$ 415,86",sim,3.0
PED-101233,06/06/2024,Webcam HD,Áudio,RS,Televendas,4,"R$ 312,83","7,8%","R$ 1.383,70",sim,4.0
PED-101234,19/02/2024,Notebook Pro,Computadores,RJ,Marketplace,3,"R$ 6.247,26","16,2%","R$ 17.718,90",sim,3.0
PED-101235,01/04/2024,Mouse Sem Fio,Periféricos,SC,E-commerce,1,"R$ 173,69","4,8%","R$ 211,41",sim,5.0
PED-101236,07/02/2024,Mesa Ajustável,Mobiliário,SC,Marketplace,3,"R$ 2.580,22","10,8%","R$ 7.783,62",sim,1.0
PED-101237,26/05/2025,Mesa Ajustável,Mobiliário,RJ,E-commerce,3,"R$ 1.996,42","6,1%","R$ 8.404,98",sim,5.0
PED-101238,01/02/2024,Mesa Ajustável,Mobiliário,SP,Marketplace,5,"R$ 2.300,40","5,9%","R$ 12.206,16",sim,3.0
PED-101239,15/03/2025,"Monitor 27""",Periféricos,SC,Loja Física,2,"R$ 1.510,06","14,5%","R$ 3.761,07",sim,5.0
PED-101240,22/05/2025,Mesa Ajustável,Mobiliário,SP,Marketplace,1,"R$ 2.302,07","5,6%","R$ 3.251,08",sim,2.0
PED-101241,15/05/2024,Headset,Áudio,RJ,E-commerce,2,"R$ 314,15","4,1%","R$ 763,31",nao,4.0
PED-101242,26/05/2024,"Monitor 27""",Periféricos,BA,E-commerce,2,"R$ 1.434,07","10,2%","R$ 3.262,21",sim,4.0
PED-101243,20/06/2024,Mouse Sem Fio,Periféricos,BA,Loja Física,4,"R$ 192,20","8,3%","R$ 845,26",nao,
PED-101244,30/04/2025,Headset,Áudio,MG,E-commerce,2,"R$ 362,16","0,0%","R$ 1.095,75",sim,1.0
PED-101245,24/08/2025,Webcam HD,Áudio,RJ,Marketplace,4,"R$ 281,96","2,2%","R$ 1.280,20",sim,2.0
PED-101246,28/04/2025,Mesa Ajustável,Mobiliário,SP,Loja Física,3,"R$ 2.313,70","9,4%","R$ 9.511,31",sim,2.0
PED-101247,20/06/2024,Webcam HD,Áudio,MG,Loja Física,4,"R$ 263,71","5,5%","R$ 1.195,39",sim,4.0
PED-101248,03/04/2025,Headset,Áudio,SP,E-commerce,2,"R$ 385,00","15,0%","R$ 990,49",nao,4.0
PED-101249,25/03/2025,Mesa Ajustável,Mobiliário,SP,E-commerce,2,"R$ 2.487,00","12,5%","R$ 6.343,81",nao,1.0
PED-101250,27/09/2024,"Monitor 27""",Periféricos,GO,Loja Física,1,"R$ 1.441,16","11,0%","R$ 1.171,78",nao,3.0
PED-101251,23/03/2024,Cadeira Ergo,Mobiliário,PE,Televendas,3,"R$ 1.771,70","13,6%","R$ 5.644,78",sim,5.0
PED-101252,20/07/2024,Notebook Pro,Computadores,PR,E-commerce,7,"R$ 7.404,07","7,8%","R$ 52.361,27",nao,3.0
PED-101253,05/06/2025,"Monitor 27""",Periféricos,BA,Televendas,2,"R$ 1.421,70","6,9%","R$ 3.736,66",nao,1.0
PED-101254,26/11/2024,Teclado Mecânico,Periféricos,RJ,Televendas,4,"R$ 410,39","6,1%","R$ 1.447,59",nao,2.0
PED-101255,16/03/2024,Webcam HD,Áudio,MG,E-commerce,3,"R$ 271,75","13,9%","R$ 862,06",sim,2.0
PED-101256,08/08/2025,Teclado Mecânico,Periféricos,SP,Marketplace,5,"R$ 437,61","16,6%","R$ 2.118,76",sim,4.0
PED-101257,26/11/2024,"Monitor 27""",Periféricos,GO,Marketplace,1,"R$ 1.492,65","7,0%","R$ 1.304,14",sim,1.0
PED-101258,11/08/2024,Mesa Ajustável,Mobiliário,CE,Marketplace,1,"R$ 2.434,59","0,0%","R$ 1.397,49",sim,4.0
PED-101259,23/01/2024,Headset,Áudio,SP,E-commerce,3,"R$ 351,16","0,0%","R$ 1.053,48",sim,2.0
PED-101260,31/12/2024,Mouse Sem Fio,Periféricos,SP,E-commerce,2,"R$ 166,81","7,3%","R$ 323,80",sim,1.0
PED-101261,18/12/2024,Mesa Ajustável,Mobiliário,SP,Marketplace,2,"R$ 2.216,82","5,7%","R$ 4.375,26",nao,3.0
PED-101262,06/04/2024,"Monitor 27""",Periféricos,BA,Marketplace,2,"R$ 1.488,67","1,1%","R$ 3.763,25",sim,5.0
PED-101263,25/06/2025,Mouse Sem Fio,Periféricos,PE,Loja Física,2,"R$ 185,85","7,1%","R$ 487,65",nao,1.0
PED-101264,18/11/2024,Notebook Pro,Computadores,RS,Marketplace,4,"R$ 6.706,36","12,0%","R$ 22.156,37",sim,3.0
PED-101265,24/02/2024,Mouse Sem Fio,Periféricos,MG,Marketplace,1,"R$ 169,80","4,4%","R$ 183,03",sim,2.0
PED-101266,04/05/2024,Mouse Sem Fio,Periféricos,SP,Loja Física,2,"R$ 187,72","18,1%","R$ 389,27",sim,1.0
PED-101267,24/06/2024,Mouse Sem Fio,Periféricos,SC,E-commerce,3,"R$ 189,21","9,1%","R$ 618,34",sim,4.0
PED-101268,24/04/2025,"Monitor 27""",Periféricos,MG,E-commerce,1,"R$ 1.525,80","14,0%","R$ 1.986,21",sim,4.0
PED-101269,04/05/2025,Mouse Sem Fio,Periféricos,SP,Loja Física,1,"R$ 194,98","0,0%","R$ 291,55",sim,5.0
PED-101270,09/06/2025,Teclado Mecânico,Periféricos,SC,Loja Física,5,"R$ 414,99","2,7%","R$ 2.850,57",sim,5.0
PED-101271,24/01/2025,Notebook Pro,Computadores,SP,Televendas,3,"R$ 6.166,66","19,9%","R$ 17.670,34",sim,4.0
PED-101272,05/08/2025,"Monitor 27""",Periféricos,SC,Marketplace,5,"R$ 1.566,22","5,3%","R$ 8.605,54",nao,1.0
PED-101273,19/07/2024,"Monitor 27""",Periféricos,RJ,E-commerce,6,"R$ 1.329,43","0,0%","R$ 8.742,35",nao,1.0
PED-101274,08/01/2025,Mouse Sem Fio,Periféricos,PR,Loja Física,1,"R$ 175,14","11,7%","R$ 184,25",sim,4.0
PED-101275,06/02/2025,Notebook Pro,Computadores,RJ,Loja Física,2,"R$ 6.746,67","9,2%","R$ 16.435,43",sim,2.0
PED-101276,23/08/2024,Webcam HD,Áudio,RS,E-commerce,3,"R$ 295,39","14,7%","R$ 433,93",sim,4.0
PED-101277,18/10/2024,Mouse Sem Fio,Periféricos,CE,Loja Física,2,"R$ 194,22","9,7%","R$ 312,99",sim,5.0
PED-101278,27/03/2025,Webcam HD,Áudio,RS,E-commerce,4,"R$ 276,87","10,6%","R$ 1.442,00",sim,2.0
PED-101279,05/07/2025,Teclado Mecânico,Periféricos,RS,E-commerce,2,"R$ 511,28","8,3%","R$ 1.207,41",sim,1.0
PED-101280,12/08/2025,Cadeira Ergo,Mobiliário,PR,,3,"R$ 1.895,09","6,6%","R$ 6.163,44",sim,3.0
PED-101281,06/07/2024,"Monitor 27""",Periféricos,GO,Loja Física,3,"R$ 1.306,73","10,7%","R$ 3.838,06",sim,3.0
PED-101282,04/04/2025,Teclado Mecânico,Periféricos,SP,Loja Física,2,"R$ 427,45","13,8%","R$ 1.114,98",sim,5.0
PED-101283,29/04/2025,Teclado Mecânico,Periféricos,SP,Loja Física,2,"R$ 421,55","4,5%","R$ 1.218,05",sim,5.0
PED-101284,22/08/2025,Mouse Sem Fio,Periféricos,PE,Marketplace,1,"R$ 194,27","2,9%","R$ 218,85",nao,1.0
PED-101285,10/02/2025,"Monitor 27""",Periféricos,SC,E-commerce,1,"R$ 1.458,59","7,0%","R$ 1.819,09",sim,4.0
PED-101286,08/05/2024,Notebook Pro,Computadores,SP,Televendas,2,"R$ 6.687,70","14,0%","R$ 14.578,93",nao,4.0
PED-101287,18/04/2025,Webcam HD,Áudio,SP,E-commerce,2,"R$ 315,54","7,9%","R$ 879,58",nao,
PED-101288,19/04/2024,"Monitor 27""",Periféricos,SP,Loja Física,2,"R$ 1.427,37","0,3%","R$ 3.640,33",nao,2.0
PED-101289,30/08/2024,Notebook Pro,Computadores,SP,Marketplace,3,"R$ 6.844,58","11,1%","R$ 10.480,34",sim,4.0
PED-101290,09/11/2024,"Monitor 27""",Periféricos,BA,Marketplace,3,"R$ 1.788,91","12,3%","R$ 4.418,79",nao,3.0
PED-101291,08/04/2025,Teclado Mecânico,Periféricos,PR,Televendas,7,"R$ 431,04","10,9%","R$ 4.068,04",nao,3.0
PED-101292,17/04/2024,Mesa Ajustável,Mobiliário,GO,Loja Física,3,"R$ 2.447,00","4,7%","R$ 8.947,37",sim,4.0
PED-101293,22/03/2025,Headset,Áudio,SP,E-commerce,2,"R$ 343,42","6,8%","R$ 932,32",nao,4.0
PED-101294,02/04/2024,Mesa Ajustável,Mobiliário,SP,Loja Física,4,"R$ 2.357,34","11,2%","R$ 10.707,10",sim,2.0
PED-101295,04/09/2024,Cadeira Ergo,Mobiliário,RJ,Marketplace,3,"R$ 1.868,54","6,8%","R$ 4.771,94",nao,4.0
PED-101296,18/03/2024,"Monitor 27""",Periféricos,PR,E-commerce,2,"R$ 1.411,39","7,5%","R$ 3.207,73",sim,4.0
PED-101297,17/01/2024,Mouse Sem Fio,Periféricos,SP,Loja Física,4,"R$ 172,40","5,7%","R$ 650,02",sim,3.0
PED-101298,27/07/2024,Mesa Ajustável,Mobiliário,SP,Loja Física,1,"R$ 2.314,56","14,1%","R$ 2.179,11",sim,1.0
PED-101299,08/09/2025,Notebook Pro,Computadores,SP,Televendas,2,"R$ 6.692,63","8,0%","R$ 13.151,80",nao,2.0
PED-101300,25/12/2024,Cadeira Ergo,Mobiliário,MG,Marketplace,3,"R$ 1.691,23","0,0%","R$ 5.310,34",sim,4.0
PED-101301,01/04/2025,Cadeira Ergo,Mobiliário,MG,E-commerce,1,"R$ 1.712,88","6,5%","R$ 2.422,11",sim,5.0
PED-101302,26/05/2024,Webcam HD,Áudio,CE,Televendas,3,"R$ 320,06","13,5%","R$ 1.052,33",sim,1.0
PED-101303,11/05/2024,Notebook Pro,Computadores,BA,Marketplace,4,"R$ 6.898,45","18,6%","R$ 28.460,22",sim,2.0
PED-101304,02/08/2025,Notebook Pro,Computadores,CE,E-commerce,1,"R$ 6.752,65","0,0%","R$ 7.836,85",sim,5.0
PED-101305,12/04/2025,Cadeira Ergo,Mobiliário,SP,Televendas,6,"R$ 1.907,85","11,7%","R$ 15.289,29",nao,3.0
PED-101306,08/11/2024,Headset,Áudio,RJ,Televendas,4,"R$ 340,01","14,3%","R$ 1.094,57",sim,3.0
PED-101307,27/06/2024,Webcam HD,Áudio,RJ,Loja Física,3,"R$ 259,96","15,9%","R$ 786,01",sim,3.0
PED-101308,05/07/2025,Webcam HD,Áudio,CE,Televendas,1,"R$ 315,32","10,5%","R$ 363,37",sim,2.0
PED-101309,27/10/2024,Notebook Pro,Computadores,RJ,Marketplace,1,"R$ 6.836,74","0,0%","R$ 6.100,56",sim,2.0
PED-101310,03/02/2024,"Monitor 27""",Periféricos,PE,,2,"R$ 1.279,75","11,2%","R$ 2.562,63",sim,3.0
PED-101311,04/07/2025,Mesa Ajustável,Mobiliário,RJ,Televendas,2,"R$ 2.265,16","7,9%","R$ 5.374,11",nao,3.0
PED-101312,24/09/2024,Mouse Sem Fio,Periféricos,PE,E-commerce,4,"R$ 203,66","2,0%","R$ 729,22",sim,3.0
PED-101313,13/10/2024,Notebook Pro,Computadores,SP,Televendas,3,"R$ 7.168,32","12,2%","R$ 16.839,79",sim,2.0
PED-101314,01/09/2024,Cadeira Ergo,Mobiliário,SP,Marketplace,1,"R$ 1.904,89","3,7%","R$ 1.675,40",sim,3.0
PED-101315,03/07/2024,Teclado Mecânico,Periféricos,SC,Marketplace,2,"R$ 437,00","11,0%","R$ 852,82",sim,2.0
PED-101316,19/01/2025,Mouse Sem Fio,Periféricos,SP,Marketplace,1,"R$ 157,83","6,7%","R$ 175,55",nao,3.0
PED-101317,14/07/2024,Cadeira Ergo,Mobiliário,RS,Marketplace,1,"R$ 1.793,87","14,3%","R$ 1.684,04",sim,4.0
PED-101318,21/11/2024,Webcam HD,Áudio,MG,Loja Física,3,"R$ 335,47","7,4%","R$ 875,15",sim,4.0
PED-101319,19/02/2024,Cadeira Ergo,Mobiliário,PR,E-commerce,1,"R$ 1.856,70","8,1%","R$ 1.924,27",sim,4.0
PED-101320,17/06/2025,Teclado Mecânico,Periféricos,MG,E-commerce,3,"R$ 409,54","14,5%","R$ 1.483,76",sim,1.0
PED-101321,20/05/2024,Mesa Ajustável,Mobiliário,GO,Marketplace,1,"R$ 2.444,44","14,5%","R$ 2.646,45",nao,
PED-101322,22/01/2025,Webcam HD,Áudio,PR,E-commerce,1,"R$ 296,10","12,3%","R$ 309,62",nao,3.0
PED-101323,22/06/2024,Cadeira Ergo,Mobiliário,PE,Loja Física,1,"R$ 1.816,33","12,4%","R$ 1.906,35",sim,1.0
PED-101324,28/04/2024,Cadeira Ergo,Mobiliário,SP,E-commerce,3,"R$ 2.043,03","15,9%","R$ 6.589,19",nao,3.0
PED-101325,20/04/2024,Webcam HD,Áudio,SP,Televendas,4,"R$ 297,45","7,6%","R$ 1.405,93",sim,4.0
PED-101326,28/03/2025,Headset,Áudio,RJ,Marketplace,4,"R$ 369,50","5,8%","R$ 2.028,51",sim,4.0
PED-101327,10/02/2024,Cadeira Ergo,Mobiliário,CE,E-commerce,1,"R$ 1.727,34","5,5%","R$ 1.841,78",nao,4.0
PED-101328,24/05/2025,Mesa Ajustável,Mobiliário,RS,Televendas,3,"R$ 2.389,38","10,7%","R$ 9.566,92",sim,4.0
PED-101329,25/10/2024,Notebook Pro,Computadores,SP,E-commerce,1,"R$ 7.380,25","7,6%","R$ 6.084,62",nao,4.0
PED-101330,17/10/2024,"Monitor 27""",Periféricos,PR,Televendas,2,"R$ 1.489,93","6,8%","R$ 2.477,07",sim,3.0
PED-101331,17/05/2024,Headset,Áudio,SP,Loja Física,2,"R$ 333,45","6,3%","R$ 791,17",nao,5.0
PED-101332,16/08/2024,Mesa Ajustável,Mobiliário,SC,E-commerce,1,"R$ 2.404,39","5,7%","R$ 1.301,81",sim,2.0
PED-101333,17/04/2025,Mesa Ajustável,Mobiliário,SP,Loja Física,2,"R$ 2.459,16","11,7%","R$ 980.000,00",sim,5.0
PED-101334,23/07/2025,Headset,Áudio,SP,Loja Física,2,"R$ 355,45","15,6%","R$ 772,99",sim,5.0
PED-101335,13/08/2025,Notebook Pro,Computadores,RJ,Televendas,1,"R$ 6.917,28","10,4%","R$ 7.189,65",sim,1.0
PED-101336,01/02/2025,Headset,Áudio,MG,Loja Física,1,"R$ 304,28","0,0%","R$ 408,00",sim,3.0
PED-101337,23/06/2024,Notebook Pro,Computadores,SP,Televendas,2,"R$ 6.758,19","7,0%","R$ 15.068,31",nao,3.0
PED-101338,19/02/2024,Cadeira Ergo,Mobiliário,SP,E-commerce,2,"R$ 1.813,54","5,6%","R$ 3.863,32",nao,3.0
PED-101339,01/01/2025,Cadeira Ergo,Mobiliário,SC,Televendas,2,"R$ 1.766,72","4,7%","R$ 4.014,85",nao,1.0
PED-101340,19/12/2024,Webcam HD,Áudio,SP,Marketplace,2,"R$ 291,88","9,6%","R$ 552,12",sim,2.0
PED-101341,20/11/2024,Teclado Mecânico,Periféricos,BA,Televendas,3,"R$ 379,32","10,0%","R$ 961,66",sim,2.0
PED-101342,02/12/2024,Webcam HD,Áudio,SP,Loja Física,3,"R$ 305,98","9,0%","R$ 874,38",sim,3.0
PED-101343,18/02/2024,Notebook Pro,Computadores,SP,Loja Física,3,"R$ 6.315,16","8,1%","R$ 19.626,96",sim,2.0
PED-101344,08/09/2024,Teclado Mecânico,Periféricos,BA,Marketplace,4,"R$ 426,02","6,2%","R$ 1.458,97",sim,3.0
PED-101345,20/03/2024,Headset,Áudio,RJ,Televendas,2,"R$ 335,89","4,3%","R$ 789,57",sim,3.0
PED-101346,01/07/2025,Teclado Mecânico,Periféricos,GO,Marketplace,1,"R$ 378,78","15,4%","R$ 412,74",sim,1.0
PED-101347,20/07/2025,Mesa Ajustável,Mobiliário,GO,Loja Física,1,"R$ 2.441,91","14,5%","R$ 2.689,74",nao,2.0
PED-101348,11/06/2025,Webcam HD,Áudio,PR,Televendas,1,"R$ 281,86","5,2%","R$ 377,38",sim,2.0
PED-101349,30/10/2024,"Monitor 27""",Periféricos,RS,Marketplace,4,"R$ 1.484,86","8,8%","R$ 4.832,84",sim,1.0
PED-101350,28/05/2025,Cadeira Ergo,Mobiliário,PE,Marketplace,2,"R$ 1.851,78","11,5%","R$ 4.903,58",sim,4.0
PED-101351,29/05/2025,Mesa Ajustável,Mobiliário,PR,Marketplace,3,"R$ 2.556,30","8,5%","R$ 10.492,79",sim,2.0
PED-101352,10/08/2024,Mouse Sem Fio,Periféricos,SP,Televendas,1,"R$ 182,97","11,9%","R$ 92,51",nao,3.0
PED-101353,12/02/2024,Cadeira Ergo,Mobiliário,RS,Loja Física,1,"R$ 1.919,43","5,8%","R$ 2.039,83",sim,2.0
PED-101354,23/06/2025,Notebook Pro,Computadores,RJ,Loja Física,1,"R$ 7.176,20","14,5%","R$ 8.660,16",sim,3.0
PED-101355,15/01/2025,Mesa Ajustável,Mobiliário,PR,Televendas,2,"R$ 2.261,58","12,4%","R$ 4.725,44",sim,5.0
PED-101356,14/10/2024,Headset,Áudio,BA,Televendas,3,"R$ 346,69","7,9%","R$ 854,79",sim,1.0
PED-101357,07/07/2025,Cadeira Ergo,Mobiliário,SP,Marketplace,2,"R$ 1.903,71","7,1%","R$ 4.556,00",nao,
PED-101358,31/08/2025,"Monitor 27""",Periféricos,RJ,Marketplace,2,"R$ 1.516,39","13,2%","R$ 3.054,57",sim,3.0
PED-101359,08/07/2025,Notebook Pro,Computadores,SP,E-commerce,1,"R$ 6.755,35","9,5%","R$ 7.871,36",nao,2.0
PED-101360,08/01/2024,Headset,Áudio,RJ,Marketplace,2,"R$ 339,47","8,8%","R$ 619,44",nao,1.0
PED-101361,04/01/2024,Webcam HD,Áudio,SC,Marketplace,2,"R$ 286,29","0,0%","R$ 572,57",sim,1.0
PED-101362,08/11/2024,"Monitor 27""",Periféricos,RJ,E-commerce,3,"R$ 1.551,70","2,9%","R$ 4.242,88",nao,2.0
PED-101363,29/11/2024,Cadeira Ergo,Mobiliário,GO,E-commerce,4,"R$ 1.947,70","7,1%","R$ 6.793,03",sim,3.0
PED-101364,29/05/2024,Teclado Mecânico,Periféricos,PR,Loja Física,1,"R$ 483,83","14,9%","R$ 521,70",nao,3.0
PED-101365,24/08/2024,"Monitor 27""",Periféricos,RJ,Televendas,1,"R$ 1.468,91","9,9%","R$ 759,74",sim,2.0
PED-101366,28/12/2024,Webcam HD,Áudio,BA,Televendas,2,"R$ 316,66","11,0%","R$ 590,26",sim,4.0
PED-101367,01/05/2025,Mesa Ajustável,Mobiliário,SP,Marketplace,1,"R$ 2.482,93","12,3%","R$ 3.256,62",sim,3.0
PED-101368,29/04/2025,Teclado Mecânico,Periféricos,SP,Loja Física,4,"R$ 453,65","0,7%","R$ 2.725,10",nao,2.0
PED-101369,16/02/2024,Cadeira Ergo,Mobiliário,PR,Marketplace,2,"R$ 2.072,48","11,3%","R$ 4.147,72",sim,2.0
PED-101370,02/09/2024,Mouse Sem Fio,Periféricos,PE,Marketplace,4,"R$ 177,21","3,9%","R$ 621,70",nao,2.0
PED-101371,18/06/2024,"Monitor 27""",Periféricos,PE,Televendas,1,"R$ 1.423,75","12,6%","R$ 1.491,49",sim,1.0
PED-101372,03/07/2024,Notebook Pro,Computadores,SP,Loja Física,3,"R$ 6.853,02","11,1%","R$ 20.020,90",nao,3.0
PED-101373,04/06/2025,Cadeira Ergo,Mobiliário,RJ,Televendas,1,"R$ 1.829,61","16,5%","R$ 2.156,44",sim,1.0
PED-101374,01/10/2024,Headset,Áudio,SP,Loja Física,2,"R$ 315,47","16,5%","R$ 470,07",sim,5.0
PED-101375,27/10/2024,Mouse Sem Fio,Periféricos,SP,Loja Física,5,"R$ 161,38","3,6%","R$ 694,34",nao,2.0
PED-101376,18/09/2025,"Monitor 27""",Periféricos,SP,Marketplace,2,"R$ 1.359,48","12,4%","R$ 2.543,90",sim,5.0
PED-101377,17/10/2024,Cadeira Ergo,Mobiliário,MG,Marketplace,3,"R$ 1.898,73","7,8%","R$ 4.687,05",sim,4.0
PED-101378,26/04/2025,Cadeira Ergo,Mobiliário,MG,Marketplace,2,"R$ 1.621,66","2,5%","R$ 4.783,06",nao,3.0
PED-101379,11/09/2025,"Monitor 27""",Periféricos,PR,Marketplace,2,"R$ 1.472,57","10,4%","R$ 2.818,59",nao,1.0
PED-101380,16/09/2025,Mouse Sem Fio,Periféricos,MG,,1,"R$ 192,64","9,2%","R$ 186,87",sim,2.0
PED-101381,23/07/2024,"Monitor 27""",Periféricos,SP,Marketplace,2,"R$ 1.463,31","5,8%","R$ 3.021,59",nao,4.0
PED-101382,15/09/2024,"Monitor 27""",Periféricos,CE,Marketplace,1,"R$ 1.501,33","4,6%","R$ 1.308,29",sim,4.0
PED-101383,27/01/2024,"Monitor 27""",Periféricos,MG,E-commerce,2,"R$ 1.499,56","15,2%","R$ 2.542,74",sim,3.0
PED-101384,23/04/2025,Mouse Sem Fio,Periféricos,MG,,1,"R$ 202,62","8,1%","R$ 281,69",sim,4.0
PED-101385,08/09/2024,Teclado Mecânico,Periféricos,RS,,1,"R$ 404,15","11,2%","R$ 327,86",sim,5.0
PED-101386,09/01/2024,Notebook Pro,Computadores,MG,Televendas,1,"R$ 6.938,95","0,0%","R$ 6.938,95",nao,3.0
PED-101387,08/04/2024,Notebook Pro,Computadores,SP,E-commerce,2,"R$ 6.815,00","4,1%","R$ 16.713,93",nao,5.0
PED-101388,23/04/2024,Mesa Ajustável,Mobiliário,SP,E-commerce,4,"R$ 2.488,73","10,3%","R$ 11.418,40",sim,3.0
PED-101389,22/02/2024,Mouse Sem Fio,Periféricos,GO,Marketplace,4,"R$ 172,75","13,9%","R$ 670,59",nao,4.0
PED-101390,14/02/2024,Webcam HD,Áudio,SP,Marketplace,3,"R$ 303,50","0,0%","R$ 1.026,82",nao,2.0
PED-101391,29/12/2024,Mouse Sem Fio,Periféricos,RS,Loja Física,4,"R$ 184,29","0,0%","R$ 771,55",nao,4.0
PED-101392,29/05/2024,Mouse Sem Fio,Periféricos,SP,Marketplace,4,"R$ 188,16","4,5%","R$ 910,73",nao,3.0
PED-101393,02/09/2025,Notebook Pro,Computadores,SP,Loja Física,3,"R$ 6.206,43","0,4%","R$ 19.822,35",sim,4.0
PED-101394,31/12/2024,Notebook Pro,Computadores,MG,Marketplace,1,"R$ 5.926,55","6,5%","R$ 5.802,23",sim,1.0
PED-101395,05/01/2025,Webcam HD,Áudio,SP,E-commerce,2,"R$ 281,18","7,3%","R$ 621,45",nao,5.0
PED-101396,01/12/2024,Headset,Áudio,RS,E-commerce,3,"R$ 316,29","5,2%","R$ 941,15",nao,2.0
PED-101397,18/02/2025,"Monitor 27""",Periféricos,SP,Televendas,2,"R$ 1.461,15","13,4%","R$ 3.394,85",sim,2.0
PED-101398,15/05/2025,Cadeira Ergo,Mobiliário,PR,Loja Física,3,"R$ 1.758,79","0,8%","R$ 7.828,52",nao,4.0
PED-101399,26/07/2024,Notebook Pro,Computadores,SP,Marketplace,4,"R$ 6.774,40","7,7%","R$ 27.399,31",nao,1.0
PED-101400,27/01/2025,Webcam HD,Áudio,SC,Marketplace,4,"R$ 269,49","10,0%","R$ 1.156,14",sim,5.0
PED-101401,31/12/2024,Mesa Ajustável,Mobiliário,SP,Loja Física,2,"R$ 2.471,53","5,1%","R$ 4.911,21",sim,2.0
PED-101402,14/03/2025,Mesa Ajustável,Mobiliário,SP,Televendas,1,"R$ 2.250,51","9,6%","R$ 2.964,77",sim,5.0
PED-101403,26/04/2025,Webcam HD,Áudio,SP,Loja Física,3,"R$ 304,56","3,8%","R$ 1.329,14",sim,3.0
PED-101404,03/05/2025,Cadeira Ergo,Mobiliário,GO,Loja Física,2,"R$ 1.974,09","5,5%","R$ 5.576,59",sim,
PED-101405,12/01/2025,Mouse Sem Fio,Periféricos,RJ,E-commerce,5,"R$ 192,34","8,9%","R$ 1.044,73",nao,5.0
PED-101406,15/02/2024,Notebook Pro,Computadores,MG,Televendas,1,"R$ 7.079,79","19,0%","R$ 6.464,02",sim,
PED-101407,28/05/2025,Mouse Sem Fio,Periféricos,RJ,Marketplace,1,"R$ 193,15","12,3%","R$ 253,31",sim,5.0
PED-101408,11/09/2025,Headset,Áudio,GO,E-commerce,1,"R$ 364,79","7,2%","R$ 361,82",nao,5.0
PED-101409,18/12/2024,Notebook Pro,Computadores,PR,E-commerce,3,"R$ 6.104,34","7,1%","R$ 17.809,71",sim,3.0
PED-101410,08/10/2024,Mouse Sem Fio,Periféricos,SP,Televendas,1,"R$ 192,24","7,4%","R$ 158,85",sim,1.0
PED-101411,06/05/2024,Headset,Áudio,SP,Marketplace,4,"R$ 344,25","5,9%","R$ 1.640,89",nao,1.0
PED-101412,20/10/2024,Teclado Mecânico,Periféricos,RJ,Marketplace,4,"R$ 384,10","4,9%","R$ 1.303,41",sim,2.0
PED-101413,07/01/2025,Headset,Áudio,RJ,E-commerce,3,"R$ 307,82","5,9%","R$ 1.035,38",sim,3.0
PED-101414,11/05/2025,Teclado Mecânico,Periféricos,RJ,Marketplace,2,"R$ 416,68","9,6%","R$ 1.126,34",sim,2.0
PED-101415,10/11/2024,Notebook Pro,Computadores,SP,Televendas,1,"R$ 6.530,15","1,4%","R$ 6.043,49",sim,3.0
PED-101416,26/04/2024,Webcam HD,Áudio,PR,E-commerce,4,"R$ 269,95","8,2%","R$ 1.268,06",sim,4.0
PED-101417,16/04/2024,Webcam HD,Áudio,SP,Televendas,3,"R$ 279,19","0,0%","R$ 1.070,87",sim,5.0
PED-101418,07/12/2024,"Monitor 27""",Periféricos,SP,Marketplace,1,"R$ 1.537,16","19,6%","R$ 1.294,13",sim,1.0
PED-101419,31/01/2025,Mesa Ajustável,Mobiliário,SP,Loja Física,3,"R$ 2.246,87","5,9%","R$ 7.557,07",sim,4.0
PED-101420,18/07/2025,Headset,Áudio,SP,Televendas,4,"R$ 344,89","8,9%","R$ 1.619,43",sim,3.0
PED-101421,06/06/2025,Webcam HD,Áudio,RJ,Marketplace,2,"R$ 294,22","10,5%","R$ 743,81",nao,3.0
PED-101422,05/01/2025,Notebook Pro,Computadores,BA,Loja Física,3,"R$ 6.888,07","8,5%","R$ 22.543,78",nao,2.0
PED-101423,27/03/2024,Headset,Áudio,SP,Televendas,2,"R$ 348,17","3,2%","R$ 828,00",nao,2.0
PED-101424,12/06/2025,Cadeira Ergo,Mobiliário,RJ,Loja Física,1,"R$ 2.028,50","1,1%","R$ 2.832,88",sim,4.0
PED-101425,14/12/2024,Teclado Mecânico,Periféricos,SP,Loja Física,1,"R$ 401,59","3,8%","R$ 404,36",sim,3.0
PED-101426,23/06/2025,"Monitor 27""",Periféricos,SP,Loja Física,2,"R$ 1.571,32","3,1%","R$ 4.298,49",nao,2.0
PED-101427,14/04/2025,Cadeira Ergo,Mobiliário,PR,E-commerce,4,"R$ 1.724,46","17,1%","R$ 8.653,94",sim,4.0
PED-101428,21/07/2024,"Monitor 27""",Periféricos,PR,Televendas,1,"R$ 1.382,75","8,1%","R$ 1.393,29",sim,4.0
PED-101429,14/09/2024,Mouse Sem Fio,Periféricos,PE,E-commerce,2,"R$ 182,58","11,6%","R$ 294,61",sim,4.0
PED-101430,20/09/2024,Webcam HD,Áudio,SP,Televendas,1,"R$ 306,92","9,4%","R$ 254,00",sim,
PED-101431,21/06/2024,Mouse Sem Fio,Periféricos,BA,E-commerce,2,"R$ 183,86","5,5%","R$ 416,65",sim,2.0
PED-101432,07/05/2025,Mouse Sem Fio,Periféricos,BA,Marketplace,3,"R$ 176,93","14,1%","R$ 681,96",sim,1.0
PED-101433,26/08/2024,"Monitor 27""",Periféricos,SP,E-commerce,1,"R$ 1.501,13","3,3%","R$ 832,95",nao,1.0
PED-101434,22/03/2025,Teclado Mecânico,Periféricos,BA,Loja Física,1,"R$ 397,07","3,8%","R$ 556,87",sim,4.0
PED-101435,12/12/2024,Mesa Ajustável,Mobiliário,RJ,Televendas,2,"R$ 2.327,16","6,7%","R$ 4.545,64",sim,2.0
PED-101436,18/09/2024,Notebook Pro,Computadores,SP,Televendas,2,"R$ 7.405,80","5,0%","R$ 12.846,60",sim,5.0
PED-101437,15/03/2025,Cadeira Ergo,Mobiliário,RJ,Loja Física,4,"R$ 1.744,25","0,0%","R$ 10.166,91",nao,5.0
PED-101438,21/04/2024,Mesa Ajustável,Mobiliário,MG,Televendas,4,"R$ 2.363,09","8,1%","R$ 11.102,30",nao,1.0
PED-101439,23/12/2024,Teclado Mecânico,Periféricos,RJ,E-commerce,1,"R$ 407,14","17,0%","R$ 353,78",sim,
PED-101440,03/04/2024,Cadeira Ergo,Mobiliário,CE,E-commerce,3,"R$ 2.063,75","13,8%","R$ 6.823,39",nao,4.0
PED-101441,09/03/2024,Mouse Sem Fio,Periféricos,RS,Loja Física,3,"R$ 178,41","2,4%","R$ 642,00",sim,1.0
PED-101442,14/06/2025,Cadeira Ergo,Mobiliário,RJ,Loja Física,5,"R$ 1.928,28","10,0%","R$ 12.247,17",nao,3.0
PED-101443,07/06/2025,Notebook Pro,Computadores,PE,Loja Física,3,"R$ 7.348,08","5,8%","R$ 29.320,79",sim,1.0
PED-101444,07/03/2025,Mouse Sem Fio,Periféricos,PE,E-commerce,2,"R$ 190,70","9,1%","R$ 505,17",sim,4.0
PED-101445,14/08/2025,Mesa Ajustável,Mobiliário,SP,E-commerce,2,"R$ 2.385,04","8,5%","R$ 5.066,55",sim,1.0
PED-101446,23/01/2025,Mouse Sem Fio,Periféricos,RJ,Loja Física,3,"R$ 159,52","8,6%","R$ 521,61",nao,4.0
PED-101447,05/03/2024,Notebook Pro,Computadores,RS,Televendas,4,"R$ 6.625,11","10,9%","R$ 29.024,57",sim,5.0
PED-101448,02/09/2024,Notebook Pro,Computadores,CE,Loja Física,3,"R$ 6.697,15","8,5%","R$ 16.786,97",sim,1.0
PED-101449,08/06/2024,Notebook Pro,Computadores,BA,Televendas,3,"R$ 7.424,42","21,2%","R$ 21.030,15",sim,4.0
PED-101450,06/04/2025,"Monitor 27""",Periféricos,SP,Loja Física,1,"R$ 1.541,81","9,0%","R$ 2.123,46",sim,1.0
PED-101451,21/04/2024,Teclado Mecânico,Periféricos,PR,Marketplace,4,"R$ 432,68","13,8%","R$ 1.906,75",sim,3.0
PED-101452,21/01/2025,Cadeira Ergo,Mobiliário,SP,E-commerce,1,"R$ 1.872,01","0,0%","R$ 2.231,44",sim,5.0
PED-101453,27/06/2025,Notebook Pro,Computadores,PR,E-commerce,1,"R$ 6.948,15","17,9%","R$ 8.052,19",nao,3.0
PED-101454,27/04/2024,"Monitor 27""",Periféricos,RS,E-commerce,1,"R$ 1.410,88","3,3%","R$ 1.744,44",nao,3.0
PED-101455,05/08/2025,Headset,Áudio,SP,Televendas,3,"R$ 349,78","8,7%","R$ 1.112,02",sim,5.0
PED-101456,26/03/2025,Notebook Pro,Computadores,BA,Loja Física,2,"R$ 6.063,88","7,2%","R$ 16.399,81",sim,2.0
PED-101457,29/01/2024,Teclado Mecânico,Periféricos,MG,Televendas,1,"R$ 393,11","7,8%","R$ 362,25",sim,3.0
PED-101458,07/12/2024,"Monitor 27""",Periféricos,SP,Loja Física,3,"R$ 1.514,53","7,3%","R$ 4.409,04",nao,1.0
PED-101459,31/07/2024,Cadeira Ergo,Mobiliário,CE,E-commerce,1,"R$ 1.696,90","21,3%","R$ 1.463,86",nao,1.0
PED-101460,23/03/2025,"Monitor 27""",Periféricos,PE,Marketplace,2,"R$ 1.484,10","5,4%","R$ 4.092,00",nao,3.0
PED-101461,03/05/2024,"Monitor 27""",Periféricos,RS,E-commerce,4,"R$ 1.465,65","15,1%","R$ 6.306,85",nao,5.0
PED-101462,10/11/2024,Mouse Sem Fio,Periféricos,RJ,E-commerce,1,"R$ 183,49","0,9%","R$ 170,83",sim,1.0
PED-101463,27/10/2024,Webcam HD,Áudio,RJ,Marketplace,1,"R$ 302,68","7,4%","R$ 250,15",sim,3.0
PED-101464,14/11/2024,Headset,Áudio,MG,Marketplace,3,"R$ 327,39","10,3%","R$ 827,71",sim,1.0
PED-101465,12/08/2025,Mesa Ajustável,Mobiliário,RS,Marketplace,3,"R$ 2.526,27","20,4%","R$ 7.002,79",sim,4.0
PED-101466,26/08/2025,Notebook Pro,Computadores,SC,E-commerce,4,"R$ 7.136,96","12,2%","R$ 29.093,69",sim,3.0
PED-101467,14/02/2024,Notebook Pro,Computadores,SP,E-commerce,1,"R$ 6.541,06","6,1%","R$ 6.923,34",nao,2.0
PED-101468,18/05/2025,Mouse Sem Fio,Periféricos,RJ,Televendas,1,"R$ 174,73","6,3%","R$ 244,75",sim,4.0
PED-101469,19/04/2024,Cadeira Ergo,Mobiliário,PE,Loja Física,1,"R$ 1.942,70","0,4%","R$ 2.474,68",nao,5.0
PED-101470,10/04/2024,"Monitor 27""",Periféricos,GO,E-commerce,2,"R$ 1.509,87","13,4%","R$ 3.342,93",sim,
PED-101471,07/11/2024,Notebook Pro,Computadores,SP,Loja Física,4,"R$ 6.784,36","9,8%","R$ 22.985,65",sim,1.0
PED-101472,16/09/2025,Notebook Pro,Computadores,SP,Loja Física,3,"R$ 5.806,04","5,6%","R$ 17.563,36",nao,
PED-101473,01/12/2024,Headset,Áudio,RJ,Televendas,1,"R$ 344,73","3,0%","R$ 350,13",sim,1.0
PED-101474,10/01/2025,Teclado Mecânico,Periféricos,MG,Marketplace,2,"R$ 475,20","6,2%","R$ 1.062,45",sim,4.0
PED-101475,22/04/2025,Webcam HD,Áudio,PR,E-commerce,2,"R$ 294,55","7,7%","R$ 822,39",sim,2.0
PED-101476,01/11/2024,Cadeira Ergo,Mobiliário,PR,E-commerce,2,"R$ 1.746,01","0,0%","R$ 3.278,97",sim,
PED-101477,07/10/2024,Mesa Ajustável,Mobiliário,PR,Loja Física,3,"R$ 2.337,81","2,5%","R$ 6.101,25",nao,1.0
PED-101478,21/03/2025,Mesa Ajustável,Mobiliário,RJ,Marketplace,3,"R$ 2.639,68","5,2%","R$ 10.940,22",sim,5.0
PED-101479,31/03/2024,Mouse Sem Fio,Periféricos,PE,E-commerce,2,"R$ 181,08","9,6%","R$ 402,38",sim,1.0
PED-101480,17/07/2025,Notebook Pro,Computadores,PE,Marketplace,6,"R$ 7.022,70","6,2%","R$ 50.921,67",sim,5.0
PED-101481,14/08/2024,Webcam HD,Áudio,RJ,Marketplace,3,"R$ 298,25","10,1%","R$ 461,69",sim,1.0
PED-101482,11/01/2025,Mouse Sem Fio,Periféricos,MG,Marketplace,2,"R$ 179,57","4,0%","R$ 410,80",sim,1.0
PED-101483,20/09/2025,Teclado Mecânico,Periféricos,SP,E-commerce,4,"R$ 451,05","9,1%","R$ 1.752,84",sim,2.0
PED-101484,02/05/2025,Webcam HD,Áudio,RS,Televendas,4,"R$ 282,03","3,4%","R$ 1.629,19",nao,1.0
PED-101485,25/04/2025,Webcam HD,Áudio,SP,Marketplace,3,"R$ 276,73","2,0%","R$ 1.231,41",sim,1.0
PED-101486,05/06/2025,"Monitor 27""",Periféricos,SP,Televendas,3,"R$ 1.380,10","0,0%","R$ 5.845,77",sim,3.0
PED-101487,15/03/2024,Mouse Sem Fio,Periféricos,MG,E-commerce,3,"R$ 183,34","2,6%","R$ 658,08",nao,5.0
PED-101488,08/10/2024,Mouse Sem Fio,Periféricos,SP,Televendas,3,"R$ 188,94","17,7%","R$ 416,46",nao,1.0
PED-101489,01/06/2025,"Monitor 27""",Periféricos,RJ,Loja Física,4,"R$ 1.479,58","2,1%","R$ 8.178,08",sim,2.0
PED-101490,16/06/2024,Headset,Áudio,GO,E-commerce,2,"R$ 313,48","8,9%","R$ 685,05",nao,2.0
PED-101491,17/07/2024,Headset,Áudio,RJ,Televendas,6,"R$ 307,53","3,2%","R$ 1.958,11",nao,1.0
PED-101492,15/07/2025,"Monitor 27""",Periféricos,SP,Loja Física,2,"R$ 1.519,24","14,4%","R$ 3.351,38",nao,2.0
PED-101493,15/05/2025,Mesa Ajustável,Mobiliário,RJ,,5,"R$ 2.729,67","8,2%","R$ 18.731,66",nao,2.0
PED-101494,09/06/2024,Headset,Áudio,SC,Televendas,2,"R$ 334,85","14,4%","R$ 687,15",sim,3.0
PED-101495,09/01/2024,Webcam HD,Áudio,SC,Marketplace,2,"R$ 275,52","8,9%","R$ 502,06",sim,4.0
PED-101496,05/11/2024,"Monitor 27""",Periféricos,RJ,Loja Física,2,"R$ 1.514,95","11,7%","R$ 2.510,94",nao,2.0
PED-101497,11/07/2025,Headset,Áudio,SP,Loja Física,2,"R$ 323,12","0,0%","R$ 832,36",nao,3.0
PED-101498,15/12/2024,"Monitor 27""",Periféricos,MG,E-commerce,1,"R$ 1.496,79","6,7%","R$ 1.461,63",nao,2.0
PED-101499,13/04/2024,Cadeira Ergo,Mobiliário,SC,Marketplace,5,"R$ 1.902,70","9,6%","R$ 10.996,45",sim,1.0
PED-101500,04/11/2024,"Monitor 27""",Periféricos,RS,E-commerce,1,"R$ 1.385,12","7,2%","R$ 1.206,70",nao,2.0
PED-101501,18/10/2024,Notebook Pro,Computadores,PR,E-commerce,1,"R$ 6.392,99","2,8%","R$ 5.546,24",sim,5.0
PED-101502,21/01/2025,"Monitor 27""",Periféricos,SC,Loja Física,1,"R$ 1.259,32","1,6%","R$ 1.476,88",nao,4.0
PED-101503,27/02/2025,"Monitor 27""",Periféricos,SC,Televendas,3,"R$ 1.552,25","3,4%","R$ 6.034,19",nao,4.0
PED-101504,05/06/2024,Headset,Áudio,RS,Televendas,6,"R$ 333,88","8,3%","R$ 2.202,15",sim,4.0
PED-101505,21/11/2024,"Monitor 27""",Periféricos,PE,Marketplace,3,"R$ 1.283,57","11,4%","R$ 3.203,44",sim,2.0
PED-101506,09/11/2024,Cadeira Ergo,Mobiliário,SP,Televendas,1,"R$ 1.808,96","1,1%","R$ 1.680,37",nao,4.0
PED-101507,15/04/2024,Teclado Mecânico,Periféricos,SP,Televendas,1,"R$ 431,69","1,9%","R$ 541,55",nao,5.0
PED-101508,15/11/2024,"Monitor 27""",Periféricos,MG,Televendas,1,"R$ 1.327,79","10,8%","R$ 1.111,51",sim,1.0
PED-101509,30/03/2024,Webcam HD,Áudio,SP,Loja Física,1,"R$ 258,43","9,6%","R$ 286,91",sim,4.0
PED-101510,05/05/2024,Cadeira Ergo,Mobiliário,SP,Loja Física,1,"R$ 1.700,55","4,8%","R$ 2.050,25",sim,2.0
PED-101511,01/07/2024,Mouse Sem Fio,Periféricos,SP,Marketplace,2,"R$ 157,75","19,2%","R$ 279,30",nao,4.0
PED-101512,13/09/2025,Webcam HD,Áudio,MG,Marketplace,3,"R$ 317,53","15,6%","R$ 858,92",nao,4.0
PED-101513,03/02/2024,Notebook Pro,Computadores,SP,Loja Física,1,"R$ 6.602,35","14,5%","R$ 6.365,96",sim,2.0
PED-101514,02/07/2025,"Monitor 27""",Periféricos,BA,Loja Física,2,"R$ 1.641,11","9,5%","R$ 3.824,08",nao,3.0
PED-101515,18/05/2024,Headset,Áudio,PR,Marketplace,8,"R$ 334,57","11,8%","R$ 2.989,47",sim,2.0
PED-101516,29/08/2025,Notebook Pro,Computadores,PE,Loja Física,3,"R$ 6.785,57","1,7%","R$ 23.216,95",sim,2.0
PED-101517,24/03/2024,"Monitor 27""",Periféricos,RS,E-commerce,1,"R$ 1.369,87","15,0%","R$ 1.430,12",sim,3.0
PED-101518,25/01/2025,Headset,Áudio,GO,E-commerce,1,"R$ 374,63","10,4%","R$ 400,06",nao,2.0
PED-101519,24/10/2024,Mouse Sem Fio,Periféricos,SP,E-commerce,2,"R$ 211,92","8,0%","R$ 348,10",sim,
PED-101520,24/05/2024,Headset,Áudio,RJ,E-commerce,1,"R$ 347,81","2,6%","R$ 428,94",sim,5.0
PED-101521,16/08/2024,Teclado Mecânico,Periféricos,SP,Marketplace,1,"R$ 369,13","10,4%","R$ 189,81",sim,3.0
PED-101522,17/09/2024,Teclado Mecânico,Periféricos,CE,Loja Física,1,"R$ 404,05","0,0%","R$ 368,93",sim,1.0
PED-101523,10/01/2025,Headset,Áudio,MG,Marketplace,4,"R$ 346,36","12,6%","R$ 1.442,67",sim,2.0
PED-101524,14/04/2025,Teclado Mecânico,Periféricos,MG,,3,"R$ 425,25","15,0%","R$ 1.640,08",sim,1.0
PED-101525,28/06/2024,Teclado Mecânico,Periféricos,SP,Marketplace,7,"R$ 406,82","14,6%","R$ 2.914,96",sim,5.0
PED-101526,01/09/2024,Notebook Pro,Computadores,RJ,Loja Física,1,"R$ 7.109,38","1,2%","R$ 6.412,42",nao,4.0
PED-101527,22/01/2024,Mouse Sem Fio,Periféricos,RS,Loja Física,1,"R$ 167,20","13,0%","R$ 145,42",sim,2.0
PED-101528,14/06/2024,Webcam HD,Áudio,PR,Loja Física,2,"R$ 330,28","5,9%","R$ 745,47",nao,1.0
PED-101529,30/07/2024,Mesa Ajustável,Mobiliário,RJ,Marketplace,1,"R$ 2.439,02","17,1%","R$ 2.216,08",sim,1.0
PED-101530,31/05/2025,Notebook Pro,Computadores,PE,E-commerce,1,"R$ 7.123,97","0,9%","R$ 10.557,64",nao,2.0
PED-101531,28/04/2025,Cadeira Ergo,Mobiliário,PR,Marketplace,4,"R$ 1.872,95","16,6%","R$ 9.449,36",sim,1.0
PED-101532,09/05/2025,Headset,Áudio,RJ,E-commerce,2,"R$ 345,89","13,6%","R$ 894,06",sim,2.0
PED-101533,12/06/2024,Mesa Ajustável,Mobiliário,PR,Televendas,3,"R$ 2.176,52","0,0%","R$ 7.827,65",sim,5.0
PED-101534,17/05/2024,"Monitor 27""",Periféricos,SP,Televendas,1,"R$ 1.488,14","7,9%","R$ 1.736,89",nao,3.0
PED-101535,15/09/2024,Mesa Ajustável,Mobiliário,SP,E-commerce,2,"R$ 2.291,46","8,3%","R$ 3.835,44",sim,3.0
PED-101536,30/09/2024,"Monitor 27""",Periféricos,BA,Televendas,2,"R$ 1.544,96","6,6%","R$ 2.634,65",sim,2.0
PED-101537,28/04/2025,Teclado Mecânico,Periféricos,SP,Loja Física,1,"R$ 402,54","3,7%","R$ 586,55",sim,2.0
PED-101538,08/07/2025,Mesa Ajustável,Mobiliário,SP,E-commerce,3,"R$ 2.638,03","15,0%","R$ 8.666,03",sim,1.0
PED-101539,17/09/2024,Mouse Sem Fio,Periféricos,PR,E-commerce,2,"R$ 182,10","9,8%","R$ 299,98",sim,2.0
PED-101540,17/05/2024,Webcam HD,Áudio,RS,Televendas,1,"R$ 268,11","1,1%","R$ 335,83",sim,2.0
PED-101541,21/07/2025,Mouse Sem Fio,Periféricos,RS,Marketplace,1,"R$ 180,19","15,3%","R$ 196,63",nao,2.0
PED-101542,09/12/2024,Notebook Pro,Computadores,PE,E-commerce,3,"R$ 7.129,12","10,1%","R$ 20.130,48",nao,1.0
PED-101543,10/08/2025,Mouse Sem Fio,Periféricos,SP,Televendas,1,"R$ 187,63","7,3%","R$ 201,86",nao,2.0
PED-101544,06/09/2024,Mouse Sem Fio,Periféricos,RJ,Televendas,4,"R$ 173,04","13,8%","R$ 545,05",sim,4.0
PED-101545,17/07/2024,Notebook Pro,Computadores,SP,Televendas,3,"R$ 5.947,72","3,5%","R$ 18.863,68",nao,2.0
PED-101546,08/02/2024,Notebook Pro,Computadores,SC,Loja Física,1,"R$ 6.466,65","3,8%","R$ 7.017,16",nao,1.0
PED-101547,16/04/2025,Teclado Mecânico,Periféricos,PR,Marketplace,3,"R$ 405,70","2,4%","R$ 1.797,45",sim,1.0
PED-101548,13/11/2024,"Monitor 27""",Periféricos,SC,E-commerce,4,"R$ 1.609,69","13,3%","R$ 5.243,48",sim,5.0
PED-101549,10/06/2024,Headset,Áudio,SC,Televendas,2,"R$ 348,29","0,0%","R$ 835,06",sim,4.0
PED-101550,12/10/2024,Teclado Mecânico,Periféricos,SP,E-commerce,2,"R$ 449,02","7,0%","R$ 745,19",sim,4.0
PED-101551,30/03/2024,Webcam HD,Áudio,SP,E-commerce,4,"R$ 312,16","9,5%","R$ 1.388,37",sim,5.0
PED-101552,13/09/2025,Headset,Áudio,BA,Marketplace,3,"R$ 324,82","10,9%","R$ 928,20",sim,4.0
PED-101553,07/10/2024,"Monitor 27""",Periféricos,RJ,Televendas,2,"R$ 1.463,92","12,8%","R$ 2.278,44",sim,3.0
PED-101554,11/07/2024,Headset,Áudio,SP,Loja Física,2,"R$ 365,47","8,9%","R$ 729,93",nao,5.0
PED-101555,20/01/2025,Notebook Pro,Computadores,SP,E-commerce,5,"R$ 7.062,19","13,9%","R$ 36.245,29",nao,3.0
PED-101556,23/05/2025,Mesa Ajustável,Mobiliário,RJ,E-commerce,1,"R$ 2.233,76","0,0%","R$ 3.340,14",nao,4.0
PED-101557,21/08/2025,Mouse Sem Fio,Periféricos,RS,Televendas,3,"R$ 176,04","7,8%","R$ 564,85",nao,1.0
PED-101558,12/03/2025,Teclado Mecânico,Periféricos,SP,,4,"R$ 414,05","5,2%","R$ 2.288,59",sim,5.0
PED-101559,03/04/2024,Cadeira Ergo,Mobiliário,RJ,Marketplace,1,"R$ 2.123,30","2,0%","R$ 2.659,90",nao,1.0
PED-101560,24/09/2024,Notebook Pro,Computadores,SC,Marketplace,4,"R$ 6.029,07","15,3%","R$ 18.661,76",nao,1.0
PED-101561,31/03/2025,Teclado Mecânico,Periféricos,SP,Loja Física,1,"R$ 447,39","5,2%","R$ 618,08",sim,2.0
PED-101562,11/06/2025,Mesa Ajustável,Mobiliário,SP,E-commerce,1,"R$ 2.265,16","4,4%","R$ 3.058,78",sim,1.0
PED-101563,31/10/2024,Mouse Sem Fio,Periféricos,PR,E-commerce,2,"R$ 159,47","6,5%","R$ 266,03",sim,3.0
PED-101564,29/06/2025,Mesa Ajustável,Mobiliário,GO,Loja Física,1,"R$ 2.539,65","6,8%","R$ 3.340,74",sim,1.0
PED-101565,25/03/2024,Headset,Áudio,CE,Marketplace,2,"R$ 332,08","8,3%","R$ 748,44",nao,2.0
PED-101566,07/08/2024,Mouse Sem Fio,Periféricos,SC,E-commerce,1,"R$ 190,71","10,8%","R$ 97,68",sim,2.0
PED-101567,14/09/2025,Notebook Pro,Computadores,SP,Loja Física,1,"R$ 6.815,07","7,4%","R$ 6.739,51",sim,2.0
PED-101568,05/05/2024,Webcam HD,Áudio,BA,Televendas,2,"R$ 268,90","2,1%","R$ 667,16",sim,2.0
PED-101569,21/03/2025,"Monitor 27""",Periféricos,PE,Televendas,3,"R$ 1.447,78","5,8%","R$ 5.959,08",sim,4.0
PED-101570,15/05/2024,Mesa Ajustável,Mobiliário,SP,Loja Física,2,"R$ 2.240,02","14,9%","R$ 4.828,76",nao,1.0
PED-101571,23/03/2024,Mouse Sem Fio,Periféricos,SP,Loja Física,4,"R$ 177,95","3,6%","R$ 843,07",sim,2.0
PED-101572,12/04/2024,Mouse Sem Fio,Periféricos,PR,Marketplace,4,"R$ 173,86","0,0%","R$ 889,16",sim,3.0
PED-101573,02/08/2025,Headset,Áudio,SP,Loja Física,4,"R$ 369,34","15,4%","R$ 1.450,12",sim,1.0
PED-101574,19/09/2025,Notebook Pro,Computadores,RJ,Televendas,6,"R$ 6.508,67","14,5%","R$ 35.691,21",sim,4.0
PED-101575,06/03/2024,Webcam HD,Áudio,RJ,Televendas,3,"R$ 267,61","10,2%","R$ 885,68",nao,1.0
PED-101576,29/03/2025,Notebook Pro,Computadores,MG,Marketplace,1,"R$ 7.035,81","0,0%","R$ 10.252,60",sim,4.0
PED-101577,29/02/2024,Mouse Sem Fio,Periféricos,SC,E-commerce,1,"R$ 176,46","8,0%","R$ 183,15",sim,2.0
PED-101578,08/06/2025,Headset,Áudio,SP,Televendas,2,"R$ 340,38","19,2%","R$ 776,74",sim,2.0
PED-101579,31/07/2024,Cadeira Ergo,Mobiliário,RJ,,1,"R$ 2.053,89","7,6%","R$ 2.079,74",sim,4.0
PED-101580,31/01/2024,Mouse Sem Fio,Periféricos,RJ,E-commerce,5,"R$ 190,73","6,2%","R$ 894,07",sim,1.0
PED-101581,23/08/2025,Cadeira Ergo,Mobiliário,SP,Loja Física,3,"R$ 1.760,56","3,9%","R$ 5.888,89",sim,3.0
PED-101582,11/08/2025,Teclado Mecânico,Periféricos,CE,Marketplace,2,"R$ 426,92","0,0%","R$ 990,93",sim,4.0
PED-101583,22/01/2024,Teclado Mecânico,Periféricos,MG,Loja Física,4,"R$ 449,44","14,9%","R$ 1.529,18",sim,5.0
PED-101584,06/09/2024,Teclado Mecânico,Periféricos,MG,E-commerce,1,"R$ 410,44","2,1%","R$ 366,92",nao,1.0
PED-101585,10/08/2025,Mesa Ajustável,Mobiliário,RJ,Televendas,2,"R$ 2.248,27","5,3%","R$ 4.940,85",sim,2.0
PED-101586,12/08/2024,Mouse Sem Fio,Periféricos,RJ,Loja Física,3,"R$ 181,40","11,9%","R$ 275,09",nao,5.0
PED-101587,26/01/2025,Headset,Áudio,BA,Televendas,4,"R$ 340,48","9,4%","R$ 1.470,43",sim,1.0
PED-101588,10/07/2025,Notebook Pro,Computadores,PE,Televendas,2,"R$ 7.171,19","0,0%","R$ 18.473,00",sim,3.0
PED-101589,12/02/2024,Notebook Pro,Computadores,RS,Marketplace,1,"R$ 6.251,16","7,7%","R$ 6.507,21",sim,2.0
PED-101590,10/11/2024,Headset,Áudio,MG,Loja Física,3,"R$ 339,87","12,1%","R$ 841,60",sim,2.0
PED-101591,29/12/2024,Cadeira Ergo,Mobiliário,MG,E-commerce,1,"R$ 1.949,67","4,8%","R$ 1.942,59",nao,2.0
PED-101592,14/08/2025,Cadeira Ergo,Mobiliário,RJ,Marketplace,1,"R$ 1.927,40","14,6%","R$ 1.909,86",nao,3.0
PED-101593,20/10/2024,"Monitor 27""",Periféricos,RS,Televendas,4,"R$ 1.521,28","1,6%","R$ 5.340,66",sim,4.0
PED-101594,19/06/2025,Mesa Ajustável,Mobiliário,SC,Marketplace,3,"R$ 2.359,11","0,0%","R$ 9.992,63",nao,5.0
PED-101595,26/12/2024,Mouse Sem Fio,Periféricos,RJ,Televendas,3,"R$ 177,70","9,1%","R$ 507,11",sim,1.0
PED-101596,03/10/2024,Headset,Áudio,PR,Televendas,5,"R$ 321,70","9,4%","R$ 1.301,06",sim,3.0
PED-101597,16/04/2025,Headset,Áudio,MG,Loja Física,5,"R$ 352,79","23,0%","R$ 2.053,89",sim,2.0
PED-101598,25/06/2025,Webcam HD,Áudio,PR,Marketplace,4,"R$ 296,24","20,1%","R$ 1.337,05",nao,4.0
PED-101599,10/03/2025,"Monitor 27""",Periféricos,SP,E-commerce,6,"R$ 1.293,23","11,8%","R$ 9.976,39",nao,2.0
PED-101600,31/01/2025,Mesa Ajustável,Mobiliário,RJ,Loja Física,2,"R$ 2.333,22","13,8%","R$ 4.796,15",nao,1.0
PED-101601,30/09/2025,Webcam HD,Áudio,CE,E-commerce,1,"R$ 280,01","7,2%","R$ 277,74",sim,2.0
PED-101602,20/01/2025,Mesa Ajustável,Mobiliário,SP,Marketplace,1,"R$ 2.490,61","15,5%","R$ 2.508,26",nao,2.0
PED-101603,10/04/2024,Teclado Mecânico,Periféricos,PR,Televendas,4,"R$ 439,89","12,2%","R$ 1.975,05",sim,1.0
PED-101604,11/08/2025,Mouse Sem Fio,Periféricos,SP,Televendas,3,"R$ 173,36","8,9%","R$ 550,04",sim,1.0
PED-101605,04/06/2025,Mouse Sem Fio,Periféricos,PR,Televendas,3,"R$ 179,28","13,6%","R$ 655,89",sim,1.0
PED-101606,24/08/2024,Teclado Mecânico,Periféricos,RJ,Loja Física,3,"R$ 369,01","3,9%","R$ 610,84",sim,5.0
PED-101607,20/09/2024,Webcam HD,Áudio,MG,Televendas,1,"R$ 306,29","11,1%","R$ 248,73",nao,1.0
PED-101608,01/03/2025,Mesa Ajustável,Mobiliário,SP,Marketplace,4,"R$ 2.344,42","5,3%","R$ 12.939,33",sim,1.0
PED-101609,16/05/2025,Mouse Sem Fio,Periféricos,SP,Loja Física,3,"R$ 189,75","7,8%","R$ 784,59",sim,4.0
PED-101610,26/03/2025,"Monitor 27""",Periféricos,SP,E-commerce,4,"R$ 1.385,35","12,4%","R$ 7.073,92",nao,3.0
PED-101611,24/07/2025,Teclado Mecânico,Periféricos,SC,Televendas,2,"R$ 405,56","6,9%","R$ 973,10",nao,4.0
PED-101612,15/02/2024,Cadeira Ergo,Mobiliário,BA,E-commerce,4,"R$ 1.975,67","7,1%","R$ 8.281,88",sim,4.0
PED-101613,26/09/2025,Mesa Ajustável,Mobiliário,SP,Marketplace,1,"R$ 2.442,48","7,3%","R$ 2.419,97",nao,4.0
PED-101614,08/11/2024,Webcam HD,Áudio,SP,Marketplace,1,"R$ 289,46","11,3%","R$ 241,06",nao,3.0
PED-101615,19/06/2024,Cadeira Ergo,Mobiliário,BA,Marketplace,1,"R$ 1.784,49","6,8%","R$ 1.993,91",sim,5.0
PED-101616,18/05/2024,Mesa Ajustável,Mobiliário,SP,E-commerce,5,"R$ 2.669,43","10,2%","R$ 15.187,87",nao,4.0
PED-101617,16/10/2024,Teclado Mecânico,Periféricos,CE,Televendas,4,"R$ 440,76","15,5%","R$ 1.329,46",sim,4.0
PED-101618,12/07/2024,"Monitor 27""",Periféricos,RJ,Marketplace,2,"R$ 1.505,75","9,3%","R$ 2.993,06",nao,2.0
PED-101619,26/08/2025,Mouse Sem Fio,Periféricos,SC,Loja Física,3,"R$ 187,50","7,7%","R$ 602,47",nao,2.0
PED-101620,14/11/2024,Mouse Sem Fio,Periféricos,MG,Marketplace,2,"R$ 183,45","13,1%","R$ 299,40",sim,2.0
PED-101621,28/08/2025,Headset,Áudio,SP,Loja Física,1,"R$ 329,98","13,2%","R$ 332,28",sim,4.0
PED-101622,06/03/2025,Mesa Ajustável,Mobiliário,BA,E-commerce,2,"R$ 2.470,29","11,5%","R$ 6.369,88",sim,1.0
PED-101623,26/08/2024,Notebook Pro,Computadores,RJ,Televendas,3,"R$ 6.322,58","11,9%","R$ 9.593,31",nao,4.0
PED-101624,13/09/2024,Headset,Áudio,RS,E-commerce,2,"R$ 329,91","18,1%","R$ 493,47",sim,4.0
PED-101625,24/08/2025,Notebook Pro,Computadores,RJ,Loja Física,3,"R$ 6.113,87","13,9%","R$ 18.327,26",sim,2.0
PED-101626,25/02/2025,Mouse Sem Fio,Periféricos,SP,E-commerce,5,"R$ 179,41","15,3%","R$ 1.019,38",sim,5.0
PED-101627,16/09/2024,Mouse Sem Fio,Periféricos,CE,Loja Física,1,"R$ 184,30","6,2%","R$ 157,88",sim,1.0
PED-101628,24/04/2025,Mouse Sem Fio,Periféricos,PR,E-commerce,3,"R$ 177,44","13,8%","R$ 694,16",sim,2.0
PED-101629,27/08/2024,"Monitor 27""",Periféricos,RS,E-commerce,2,"R$ 1.371,02","11,6%","R$ 1.391,16",sim,1.0
PED-101630,19/05/2024,Mouse Sem Fio,Periféricos,SP,Loja Física,4,"R$ 183,54","10,8%","R$ 829,96",sim,5.0
PED-101631,29/04/2025,Webcam HD,Áudio,RJ,E-commerce,2,"R$ 289,73","12,9%","R$ 763,18",nao,2.0
PED-101632,24/02/2024,Webcam HD,Áudio,RJ,Marketplace,3,"R$ 335,20","8,4%","R$ 1.038,91",sim,1.0
PED-101633,28/10/2024,Cadeira Ergo,Mobiliário,SP,Televendas,1,"R$ 1.935,99","10,2%","R$ 1.550,78",sim,3.0
PED-101634,20/09/2024,Webcam HD,Áudio,SP,E-commerce,1,"R$ 290,87","9,3%","R$ 240,98",sim,1.0
PED-101635,13/10/2024,Headset,Áudio,SP,Loja Física,1,"R$ 343,27","13,6%","R$ 264,65",sim,3.0
PED-101636,16/05/2024,"Monitor 27""",Periféricos,RS,E-commerce,2,"R$ 1.632,07","8,3%","R$ 3.792,46",nao,1.0
PED-101637,04/09/2024,Notebook Pro,Computadores,SP,Marketplace,1,"R$ 6.272,49","11,6%","R$ 5.060,43",sim,1.0
PED-101638,19/03/2024,Webcam HD,Áudio,MG,Marketplace,2,"R$ 293,52","8,6%","R$ 659,00",nao,3.0
PED-101639,03/10/2024,Mesa Ajustável,Mobiliário,GO,Loja Física,1,"R$ 2.488,67","7,1%","R$ 2.062,00",sim,5.0
PED-101640,16/04/2025,Notebook Pro,Computadores,SP,Loja Física,2,"R$ 7.486,16","1,6%","R$ 22.289,92",nao,5.0
PED-101641,30/03/2024,Cadeira Ergo,Mobiliário,RJ,Televendas,4,"R$ 1.982,03","2,5%","R$ 9.497,34",sim,2.0
PED-101642,06/04/2024,Notebook Pro,Computadores,PE,Loja Física,2,"R$ 6.973,54","3,8%","R$ 17.151,86",sim,
PED-101643,09/02/2024,"Monitor 27""",Periféricos,SP,Televendas,4,"R$ 1.422,69","15,9%","R$ 5.397,07",sim,2.0
PED-101644,16/06/2025,"Monitor 27""",Periféricos,SP,Loja Física,3,"R$ 1.357,51","3,7%","R$ 5.538,57",sim,4.0
PED-101645,27/04/2025,Mesa Ajustável,Mobiliário,RJ,Televendas,3,"R$ 2.382,14","18,0%","R$ 8.866,79",sim,1.0
PED-101646,28/01/2024,"Monitor 27""",Periféricos,BA,Televendas,2,"R$ 1.448,07","0,2%","R$ 2.891,51",nao,4.0
PED-101647,27/12/2024,Cadeira Ergo,Mobiliário,PR,Loja Física,1,"R$ 2.009,25","0,6%","R$ 2.090,96",sim,5.0
PED-101648,26/10/2024,Mouse Sem Fio,Periféricos,SC,Loja Física,2,"R$ 186,74","13,5%","R$ 288,31",sim,2.0
PED-101649,06/03/2025,Mesa Ajustável,Mobiliário,RJ,Loja Física,3,"R$ 2.372,78","10,5%","R$ 9.282,94",sim,2.0
PED-101650,27/08/2024,Cadeira Ergo,Mobiliário,SP,Marketplace,1,"R$ 2.049,44","2,9%","R$ 1.141,86",nao,2.0
PED-101651,28/05/2025,Notebook Pro,Computadores,SP,E-commerce,3,"R$ 6.960,63","14,1%","R$ 26.829,97",sim,5.0
PED-101652,20/11/2024,Notebook Pro,Computadores,MG,Loja Física,1,"R$ 5.830,34","0,0%","R$ 5.474,63",nao,3.0
PED-101653,27/05/2024,Headset,Áudio,SC,Loja Física,1,"R$ 329,56","0,5%","R$ 415,55",nao,5.0
PED-101654,17/11/2024,Mesa Ajustável,Mobiliário,SP,Loja Física,2,"R$ 2.505,79","3,8%","R$ 4.526,34",sim,4.0
PED-101655,29/05/2024,Mouse Sem Fio,Periféricos,PR,Marketplace,4,"R$ 172,06","11,4%","R$ 772,19",nao,1.0
PED-101656,17/11/2024,Headset,Áudio,MG,Loja Física,2,"R$ 362,62","0,0%","R$ 680,99",sim,3.0
PED-101657,26/06/2024,Notebook Pro,Computadores,PR,Loja Física,1,"R$ 7.170,41","6,5%","R$ 8.040,79",sim,2.0
PED-101658,04/10/2024,Webcam HD,Áudio,RJ,Marketplace,4,"R$ 286,58","10,7%","R$ 913,27",sim,4.0
PED-101659,13/07/2024,Webcam HD,Áudio,SP,Marketplace,3,"R$ 301,15","7,3%","R$ 917,48",sim,1.0
PED-101660,30/11/2024,Webcam HD,Áudio,BA,E-commerce,1,"R$ 259,00","3,6%","R$ 234,43",sim,4.0
PED-101661,01/05/2025,Notebook Pro,Computadores,BA,Marketplace,1,"R$ 7.062,79","10,9%","R$ 9.411,46",nao,1.0
PED-101662,16/03/2025,Mouse Sem Fio,Periféricos,SP,Loja Física,2,"R$ 178,68","11,0%","R$ 463,22",sim,4.0
PED-101663,27/08/2024,Mouse Sem Fio,Periféricos,RS,Televendas,3,"R$ 175,10","21,6%","R$ 236,30",sim,3.0
PED-101664,15/11/2024,Mouse Sem Fio,Periféricos,RS,Marketplace,4,"R$ 183,12","5,8%","R$ 647,94",sim,4.0
PED-101665,25/07/2024,Webcam HD,Áudio,SP,Televendas,4,"R$ 285,59","0,0%","R$ 1.252,02",nao,2.0
PED-101666,18/07/2024,Headset,Áudio,SP,E-commerce,3,"R$ 304,20","1,8%","R$ 982,66",sim,3.0
PED-101667,11/02/2025,"Monitor 27""",Periféricos,RS,Televendas,2,"R$ 1.474,32","7,1%","R$ 3.671,11",sim,2.0
PED-101668,16/05/2025,Mesa Ajustável,Mobiliário,MG,E-commerce,3,"R$ 2.567,58","8,9%","R$ 10.488,21",sim,3.0
PED-101669,29/04/2024,Mouse Sem Fio,Periféricos,RJ,Televendas,2,"R$ 161,78","8,7%","R$ 377,74",sim,5.0
PED-101670,12/06/2024,Mesa Ajustável,Mobiliário,PR,Televendas,2,"R$ 2.225,39","3,1%","R$ 5.170,96",nao,
PED-101671,09/03/2024,Webcam HD,Áudio,PR,Televendas,1,"R$ 255,85","11,2%","R$ 279,27",nao,5.0
PED-101672,26/09/2025,Webcam HD,Áudio,MG,E-commerce,1,"R$ 265,54","11,7%","R$ 250,40",sim,3.0
PED-101673,22/03/2025,Mesa Ajustável,Mobiliário,SP,E-commerce,1,"R$ 2.285,56","0,0%","R$ 3.330,52",nao,2.0
PED-101674,11/04/2024,Headset,Áudio,RJ,Loja Física,2,"R$ 354,24","7,4%","R$ 838,74",sim,2.0
PED-101675,29/04/2025,Teclado Mecânico,Periféricos,MG,E-commerce,2,"R$ 384,88","6,0%","R$ 1.094,36",sim,2.0
PED-101676,14/07/2024,Notebook Pro,Computadores,SP,Marketplace,3,"R$ 6.831,12","6,3%","R$ 21.055,94",nao,5.0
PED-101677,08/07/2024,"Monitor 27""",Periféricos,MG,Marketplace,1,"R$ 1.375,64","7,6%","R$ 1.393,62",sim,1.0
PED-101678,08/11/2024,"Monitor 27""",Periféricos,SP,Loja Física,2,"R$ 1.512,73","5,5%","R$ 2.683,88",sim,1.0
PED-101679,11/02/2025,"Monitor 27""",Periféricos,RJ,E-commerce,1,"R$ 1.440,78","7,3%","R$ 1.791,48",sim,3.0
PED-101680,25/02/2025,Headset,Áudio,RJ,Loja Física,3,"R$ 358,47","2,4%","R$ 1.407,64",nao,4.0
PED-101681,22/01/2024,"Monitor 27""",Periféricos,BA,E-commerce,1,"R$ 1.365,09","6,9%","R$ 1.271,44",sim,1.0
PED-101682,19/04/2025,Teclado Mecânico,Periféricos,SP,,4,"R$ 414,76","5,7%","R$ 2.366,03",sim,1.0
PED-101683,15/09/2024,Mouse Sem Fio,Periféricos,BA,Loja Física,2,"R$ 175,06","14,7%","R$ 272,73",sim,5.0
PED-101684,09/08/2025,Cadeira Ergo,Mobiliário,RJ,Marketplace,3,"R$ 1.767,49","7,4%","R$ 5.699,73",sim,5.0
PED-101685,04/01/2025,"Monitor 27""",Periféricos,SP,Loja Física,4,"R$ 1.471,89","19,1%","R$ 5.680,48",sim,3.0
PED-101686,22/08/2025,"Monitor 27""",Periféricos,RJ,E-commerce,4,"R$ 1.572,51","2,5%","R$ 7.114,20",sim,3.0
PED-101687,11/06/2024,Cadeira Ergo,Mobiliário,MG,Televendas,2,"R$ 1.826,36","18,9%","R$ 3.552,58",sim,5.0
PED-101688,28/02/2025,Teclado Mecânico,Periféricos,PR,Marketplace,1,"R$ 401,23","9,1%","R$ 489,30",sim,5.0
PED-101689,10/08/2024,Cadeira Ergo,Mobiliário,BA,Loja Física,1,"R$ 1.852,14","6,1%","R$ 998,35",nao,5.0
PED-101690,03/07/2025,Teclado Mecânico,Periféricos,SP,Loja Física,2,"R$ 366,44","7,1%","R$ 877,22",sim,1.0
PED-101691,25/01/2025,"Monitor 27""",Periféricos,RJ,Marketplace,1,"R$ 1.455,24","0,7%","R$ 1.722,21",sim,1.0
PED-101692,26/04/2025,Notebook Pro,Computadores,SP,Marketplace,2,"R$ 6.666,55","7,0%","R$ 18.758,30",nao,4.0
PED-101693,12/01/2025,Mesa Ajustável,Mobiliário,PE,Loja Física,1,"R$ 2.404,22","10,1%","R$ 2.577,29",nao,2.0
PED-101694,03/05/2025,Webcam HD,Áudio,RJ,Marketplace,3,"R$ 293,37","12,0%","R$ 1.157,48",sim,4.0
PED-101695,08/04/2024,Webcam HD,Áudio,PR,Loja Física,3,"R$ 306,63","2,4%","R$ 1.148,10",nao,4.0
PED-101696,26/05/2024,Cadeira Ergo,Mobiliário,SC,E-commerce,1,"R$ 1.801,48","10,7%","R$ 2.037,94",sim,1.0
PED-101697,28/03/2025,Mouse Sem Fio,Periféricos,MG,Marketplace,1,"R$ 176,48","8,9%","R$ 234,20",sim,1.0
PED-101698,27/04/2024,Headset,Áudio,CE,E-commerce,1,"R$ 331,35","5,1%","R$ 401,94",sim,3.0
PED-101699,21/02/2024,Webcam HD,Áudio,SP,Loja Física,2,"R$ 278,94","18,4%","R$ 513,29",sim,4.0
PED-101700,23/12/2024,Headset,Áudio,BA,Marketplace,1,"R$ 359,31","4,0%","R$ 361,04",sim,5.0
PED-101701,12/09/2025,Webcam HD,Áudio,PR,Marketplace,1,"R$ 308,86","7,9%","R$ 303,89",sim,5.0
PED-101702,17/07/2024,Cadeira Ergo,Mobiliário,PR,Marketplace,5,"R$ 1.917,02","5,1%","R$ 9.969,52",sim,4.0
PED-101703,09/05/2024,Mouse Sem Fio,Periféricos,PR,E-commerce,1,"R$ 164,56","4,9%","R$ 198,31",nao,3.0
PED-101704,09/04/2025,Cadeira Ergo,Mobiliário,RJ,Loja Física,5,"R$ 1.802,58","4,3%","R$ 13.047,60",nao,2.0
PED-101705,11/06/2024,Notebook Pro,Computadores,MG,Loja Física,4,"R$ 6.213,63","5,8%","R$ 28.076,65",sim,4.0
PED-101706,11/05/2025,Headset,Áudio,SP,Marketplace,4,"R$ 311,24","15,2%","R$ 1.578,31",nao,1.0
PED-101707,08/05/2024,Webcam HD,Áudio,PR,Televendas,6,"R$ 314,96","4,2%","R$ 2.292,21",sim,5.0
PED-101708,30/04/2024,Headset,Áudio,MG,Loja Física,2,"R$ 332,48","9,0%","R$ 773,46",sim,4.0
PED-101709,26/09/2025,Webcam HD,Áudio,MG,E-commerce,1,"R$ 280,29","6,6%","R$ 279,63",sim,3.0
PED-101710,18/01/2025,Teclado Mecânico,Periféricos,RJ,Marketplace,4,"R$ 439,19","12,1%","R$ 1.840,49",sim,
PED-101711,02/07/2024,Notebook Pro,Computadores,SP,Televendas,1,"R$ 6.820,97","2,0%","R$ 7.327,79",sim,3.0
PED-101712,15/10/2024,Mesa Ajustável,Mobiliário,SP,Televendas,1,"R$ 2.221,37","7,0%","R$ 1.843,27",nao,5.0
PED-101713,22/01/2025,Mouse Sem Fio,Periféricos,RJ,Marketplace,1,"R$ 167,06","6,2%","R$ 186,72",sim,5.0
PED-101714,30/01/2024,Mouse Sem Fio,Periféricos,SP,E-commerce,2,"R$ 182,13","5,4%","R$ 344,61",sim,3.0
PED-101715,26/09/2025,"Monitor 27""",Periféricos,RJ,Marketplace,1,"R$ 1.382,03","5,6%","R$ 1.393,59",sim,4.0
PED-101716,02/11/2024,Notebook Pro,Computadores,SP,Loja Física,4,"R$ 7.221,68","9,1%","R$ 24.653,21",sim,2.0
PED-101717,31/08/2025,"Monitor 27""",Periféricos,RS,E-commerce,2,"R$ 1.457,31","10,2%","R$ 3.036,82",sim,2.0
PED-101718,20/05/2025,Notebook Pro,Computadores,RS,Loja Física,1,"R$ 6.472,43","6,5%","R$ 9.052,01",sim,5.0
PED-101719,28/01/2024,Cadeira Ergo,Mobiliário,SP,Marketplace,4,"R$ 1.939,66","11,1%","R$ 6.896,21",sim,5.0
PED-101720,27/05/2025,Cadeira Ergo,Mobiliário,RS,Marketplace,1,"R$ 1.955,39","2,7%","R$ 2.846,15",nao,4.0
PED-101721,29/11/2024,Mesa Ajustável,Mobiliário,MG,Marketplace,1,"R$ 2.192,58","8,8%","R$ 1.876,80",sim,4.0
PED-101722,18/07/2025,Headset,Áudio,GO,Marketplace,1,"R$ 321,20","5,5%","R$ 391,05",nao,3.0
PED-101723,19/01/2025,"Monitor 27""",Periféricos,SP,E-commerce,2,"R$ 1.433,78","14,6%","R$ 2.920,29",sim,4.0
PED-101724,27/06/2024,Mesa Ajustável,Mobiliário,CE,Televendas,1,"R$ 2.559,65","10,4%","R$ 2.750,04",sim,2.0
PED-101725,25/03/2025,Mouse Sem Fio,Periféricos,PR,Loja Física,2,"R$ 196,03","17,0%","R$ 474,25",sim,2.0
PED-101726,01/07/2024,Webcam HD,Áudio,SP,Marketplace,4,"R$ 300,19","4,9%","R$ 1.251,85",nao,3.0
PED-101727,02/08/2024,"Monitor 27""",Periféricos,PR,E-commerce,3,"R$ 1.568,94","5,5%","R$ 2.551,95",sim,5.0
PED-101728,11/01/2025,Cadeira Ergo,Mobiliário,RJ,E-commerce,2,"R$ 1.786,61","3,1%","R$ 4.127,52",nao,5.0
PED-101729,28/07/2024,Teclado Mecânico,Periféricos,RJ,Televendas,1,"R$ 424,19","18,6%","R$ 378,28",sim,3.0
PED-101730,21/08/2025,Teclado Mecânico,Periféricos,PR,Marketplace,2,"R$ 427,57","13,5%","R$ 858,90",nao,3.0
PED-101731,03/01/2024,Webcam HD,Áudio,SC,E-commerce,3,"R$ 284,38","3,8%","R$ 820,65",sim,1.0
PED-101732,03/09/2024,Notebook Pro,Computadores,PE,Loja Física,3,"R$ 6.253,32","12,4%","R$ 15.012,77",sim,2.0
PED-101733,23/01/2024,Cadeira Ergo,Mobiliário,SP,Loja Física,2,"R$ 1.909,84","4,7%","R$ 3.638,43",sim,3.0
PED-101734,05/04/2025,"Monitor 27""",Periféricos,RS,Televendas,2,"R$ 1.462,76","14,4%","R$ 3.787,24",sim,4.0
PED-101735,18/12/2024,Webcam HD,Áudio,SP,Marketplace,2,"R$ 288,14","7,4%","R$ 558,41",sim,3.0
PED-101736,05/04/2024,Teclado Mecânico,Periféricos,MG,Televendas,1,"R$ 439,93","3,3%","R$ 543,76",nao,5.0
PED-101737,18/02/2024,Notebook Pro,Computadores,RS,Loja Física,1,"R$ 6.099,50","8,2%","R$ 6.317,95",nao,3.0
PED-101738,22/04/2025,Cadeira Ergo,Mobiliário,SP,Loja Física,2,"R$ 2.061,89","0,0%","R$ 6.238,44",sim,5.0
PED-101739,09/05/2024,Notebook Pro,Computadores,PR,E-commerce,6,"R$ 7.580,50","13,4%","R$ 49.910,99",nao,2.0
PED-101740,22/06/2025,Webcam HD,Áudio,RJ,E-commerce,2,"R$ 286,49","0,0%","R$ 809,00",sim,4.0
PED-101741,01/08/2024,Mouse Sem Fio,Periféricos,SC,E-commerce,1,"R$ 177,71","12,8%","R$ 89,00",nao,5.0
PED-101742,17/12/2024,Mouse Sem Fio,Periféricos,PR,Televendas,1,"R$ 180,42","8,4%","R$ 172,95",sim,5.0
PED-101743,15/02/2024,Mouse Sem Fio,Periféricos,SP,Loja Física,1,"R$ 162,21","7,9%","R$ 168,47",sim,2.0
PED-101744,20/11/2024,Mesa Ajustável,Mobiliário,RJ,E-commerce,1,"R$ 2.676,28","10,4%","R$ 2.252,66",sim,3.0
PED-101745,20/01/2024,Teclado Mecânico,Periféricos,SP,Marketplace,1,"R$ 445,19","9,8%","R$ 401,40",nao,3.0
PED-101746,22/05/2024,Headset,Áudio,SP,Loja Física,1,"R$ 361,01","8,5%","R$ 418,55",sim,3.0
PED-101747,16/08/2025,Mouse Sem Fio,Periféricos,RJ,Televendas,2,"R$ 183,99","7,1%","R$ 396,96",sim,5.0
PED-101748,17/09/2025,"Monitor 27""",Periféricos,SP,E-commerce,2,"R$ 1.490,58","9,2%","R$ 2.892,35",sim,1.0
PED-101749,05/10/2024,Teclado Mecânico,Periféricos,SC,Loja Física,1,"R$ 449,90","6,3%","R$ 376,12",nao,5.0
PED-101750,04/08/2025,Headset,Áudio,MG,Loja Física,2,"R$ 334,92","11,7%","R$ 686,31",nao,5.0
PED-101751,11/05/2024,Teclado Mecânico,Periféricos,MG,Loja Física,1,"R$ 420,11","8,4%","R$ 487,58",nao,1.0
PED-101752,10/01/2025,Teclado Mecânico,Periféricos,MG,Loja Física,3,"R$ 443,20","9,8%","R$ 1.429,66",nao,1.0
PED-101753,29/03/2025,"Monitor 27""",Periféricos,SP,Televendas,5,"R$ 1.374,47","12,3%","R$ 8.780,48",nao,1.0
PED-101754,23/07/2025,Mouse Sem Fio,Periféricos,SP,Marketplace,3,"R$ 171,40","16,4%","R$ 553,93",sim,3.0
PED-101755,07/01/2024,Notebook Pro,Computadores,RJ,Televendas,5,"R$ 7.061,82","7,5%","R$ 32.657,41",sim,5.0
PED-101756,15/01/2025,Mesa Ajustável,Mobiliário,RS,E-commerce,3,"R$ 2.526,97","1,3%","R$ 8.919,61",sim,4.0
PED-101757,05/06/2024,Cadeira Ergo,Mobiliário,BA,Loja Física,1,"R$ 1.785,19","9,3%","R$ 1.941,43",sim,2.0
PED-101758,04/09/2024,Mesa Ajustável,Mobiliário,RJ,Loja Física,6,"R$ 2.395,50","13,9%","R$ 11.305,76",nao,5.0
PED-101759,06/09/2025,Mouse Sem Fio,Periféricos,SP,Marketplace,1,"R$ 172,22","0,0%","R$ 184,02",sim,2.0
PED-101760,22/02/2025,Mouse Sem Fio,Periféricos,SP,Loja Física,5,"R$ 170,94","9,7%","R$ 1.035,04",sim,4.0
PED-101761,28/07/2025,Teclado Mecânico,Periféricos,RS,Televendas,2,"R$ 432,56","7,4%","R$ 1.031,96",sim,3.0
PED-101762,01/05/2024,Cadeira Ergo,Mobiliário,RS,,2,"R$ 1.828,69","0,0%","R$ 4.632,87",sim,1.0
PED-101763,10/02/2025,Teclado Mecânico,Periféricos,SP,Loja Física,2,"R$ 441,22","7,6%","R$ 1.093,64",sim,2.0
PED-101764,15/08/2025,"Monitor 27""",Periféricos,RJ,Loja Física,1,"R$ 1.463,56","14,8%","R$ 1.446,48",sim,2.0
PED-101765,29/02/2024,Webcam HD,Áudio,RJ,E-commerce,1,"R$ 326,87","7,5%","R$ 340,84",nao,3.0
PED-101766,12/07/2025,Headset,Áudio,RJ,Loja Física,2,"R$ 329,05","7,5%","R$ 783,81",sim,5.0
PED-101767,22/07/2024,Mesa Ajustável,Mobiliário,RJ,,1,"R$ 2.370,21","12,9%","R$ 2.261,62",nao,2.0
PED-101768,26/09/2024,Mesa Ajustável,Mobiliário,PR,Televendas,1,"R$ 2.339,43","5,1%","R$ 2.027,11",sim,1.0
PED-101769,18/01/2024,Mesa Ajustável,Mobiliário,MG,Loja Física,2,"R$ 2.337,92","5,0%","R$ 4.443,78",sim,1.0
PED-101770,20/06/2025,Teclado Mecânico,Periféricos,SP,Loja Física,5,"R$ 442,31","3,6%","R$ 3.011,43",sim,1.0
PED-101771,20/05/2024,"Monitor 27""",Periféricos,PE,Marketplace,1,"R$ 1.453,72","1,6%","R$ 1.811,44",nao,4.0
PED-101772,26/09/2025,Cadeira Ergo,Mobiliário,SP,E-commerce,3,"R$ 1.803,12","0,0%","R$ 5.779,93",sim,3.0
PED-101773,17/01/2024,"Monitor 27""",Periféricos,SP,Marketplace,2,"R$ 1.407,53","16,4%","R$ 2.353,10",nao,3.0
PED-101774,11/03/2024,Cadeira Ergo,Mobiliário,SP,Marketplace,1,"R$ 2.044,59","4,7%","R$ 2.393,11",sim,4.0
PED-101775,21/03/2024,Cadeira Ergo,Mobiliário,MG,Loja Física,4,"R$ 1.723,78","13,2%","R$ 7.352,52",sim,3.0
PED-101776,10/03/2025,Notebook Pro,Computadores,SP,E-commerce,1,"R$ 6.811,32","6,9%","R$ 9.244,92",nao,5.0
PED-101777,09/02/2025,Mesa Ajustável,Mobiliário,RJ,Marketplace,3,"R$ 2.511,45","3,3%","R$ 9.770,91",nao,4.0
PED-101778,11/05/2024,Cadeira Ergo,Mobiliário,PR,Televendas,2,"R$ 1.872,36","6,8%","R$ 4.419,14",nao,4.0
PED-101779,05/03/2024,Headset,Áudio,GO,Loja Física,2,"R$ 344,77","7,6%","R$ 782,99",nao,4.0
PED-101780,16/06/2024,Notebook Pro,Computadores,PE,Loja Física,3,"R$ 7.692,92","11,3%","R$ 24.544,26",nao,1.0
PED-101781,09/04/2024,Webcam HD,Áudio,SP,Televendas,5,"R$ 244,55","10,3%","R$ 1.402,61",sim,3.0
PED-101782,03/04/2025,Mouse Sem Fio,Periféricos,PE,Marketplace,1,"R$ 183,56","6,3%","R$ 260,18",sim,3.0
PED-101783,31/07/2025,Cadeira Ergo,Mobiliário,RS,Loja Física,4,"R$ 1.926,17","5,7%","R$ 9.357,53",sim,2.0
PED-101784,01/10/2024,"Monitor 27""",Periféricos,SC,Loja Física,3,"R$ 1.472,72","13,1%","R$ 3.426,97",sim,3.0
PED-101785,02/08/2024,Webcam HD,Áudio,SP,Televendas,4,"R$ 317,34","9,8%","R$ 657,08",sim,4.0
PED-101786,30/11/2024,Mesa Ajustável,Mobiliário,SP,Marketplace,3,"R$ 2.215,76","0,4%","R$ 6.215,57",sim,5.0
PED-101787,01/08/2024,Notebook Pro,Computadores,RS,Marketplace,3,"R$ 7.080,39","9,4%","R$ 11.045,68",nao,1.0
PED-101788,26/04/2024,Webcam HD,Áudio,MG,Televendas,2,"R$ 275,34","2,7%","R$ 685,23",sim,3.0
PED-101789,25/02/2024,Webcam HD,Áudio,PR,Marketplace,5,"R$ 264,84","3,6%","R$ 1.439,98",sim,4.0
PED-101790,20/02/2025,Headset,Áudio,RS,E-commerce,3,"R$ 335,73","0,5%","R$ 1.343,94",sim,4.0
PED-101791,24/05/2025,Cadeira Ergo,Mobiliário,RS,E-commerce,1,"R$ 1.844,00","14,7%","R$ 2.353,28",sim,
PED-101792,28/11/2024,Notebook Pro,Computadores,MG,Marketplace,3,"R$ 6.611,03","10,7%","R$ 16.634,73",sim,2.0
PED-101793,08/03/2025,Headset,Áudio,MG,Televendas,1,"R$ 320,68","6,5%","R$ 436,95",sim,5.0
PED-101794,15/03/2024,Cadeira Ergo,Mobiliário,PR,E-commerce,1,"R$ 1.899,97","7,0%","R$ 2.170,12",sim,5.0
PED-101795,16/12/2024,Mouse Sem Fio,Periféricos,SC,Loja Física,1,"R$ 166,37","8,7%","R$ 159,06",sim,2.0
PED-101796,06/03/2025,Teclado Mecânico,Periféricos,SP,Loja Física,3,"R$ 428,77","14,4%","R$ 1.603,66",sim,5.0
PED-101797,30/01/2025,Mouse Sem Fio,Periféricos,SP,Loja Física,4,"R$ 153,75","3,9%","R$ 704,44",sim,4.0
PED-101798,16/01/2024,Cadeira Ergo,Mobiliário,RJ,Marketplace,3,"R$ 1.967,40","3,3%","R$ 5.709,75",sim,4.0
PED-101799,05/03/2024,"Monitor 27""",Periféricos,SC,Loja Física,4,"R$ 1.427,54","12,6%","R$ 6.131,59",nao,3.0
PED-101800,22/09/2025,"Monitor 27""",Periféricos,PE,Loja Física,1,"R$ 1.520,89","3,2%","R$ 1.573,23",sim,5.0
PED-101801,15/06/2024,Mouse Sem Fio,Periféricos,CE,E-commerce,1,"R$ 186,00","11,3%","R$ 197,84",nao,2.0
PED-101802,28/05/2024,Mesa Ajustável,Mobiliário,PE,Televendas,4,"R$ 2.281,93","12,4%","R$ 10.126,03",sim,5.0
PED-101803,08/01/2025,"Monitor 27""",Periféricos,SP,Loja Física,3,"R$ 1.399,52","9,8%","R$ 4.514,83",nao,3.0
PED-101804,14/04/2025,Teclado Mecânico,Periféricos,CE,Marketplace,6,"R$ 399,72","12,2%","R$ 3.185,86",sim,3.0
PED-101805,01/09/2025,"Monitor 27""",Periféricos,SP,E-commerce,3,"R$ 1.488,37","7,4%","R$ 4.417,43",sim,5.0
PED-101806,20/04/2025,"Monitor 27""",Periféricos,MG,E-commerce,1,"R$ 1.588,63","9,4%","R$ 2.177,54",sim,2.0
PED-101807,06/06/2025,Webcam HD,Áudio,RJ,Loja Física,4,"R$ 253,83","1,0%","R$ 1.419,85",sim,5.0
PED-101808,09/08/2025,Mesa Ajustável,Mobiliário,RS,Loja Física,2,"R$ 2.653,62","2,0%","R$ 6.035,76",sim,2.0
PED-101809,14/02/2025,Teclado Mecânico,Periféricos,SP,Loja Física,3,"R$ 413,58","8,0%","R$ 1.530,69",nao,3.0
PED-101810,22/01/2025,Webcam HD,Áudio,SP,Loja Física,2,"R$ 299,12","9,6%","R$ 644,54",sim,1.0
PED-101811,28/11/2024,"Monitor 27""",Periféricos,BA,Televendas,3,"R$ 1.498,59","11,5%","R$ 3.735,58",sim,4.0
PED-101812,11/05/2024,Cadeira Ergo,Mobiliário,RJ,Televendas,2,"R$ 1.959,95","10,4%","R$ 4.451,44",sim,4.0
PED-101813,10/01/2024,Mesa Ajustável,Mobiliário,SP,,1,"R$ 2.124,01","10,0%","R$ 1.910,89",sim,3.0
PED-101814,19/03/2024,Notebook Pro,Computadores,SP,Loja Física,3,"R$ 7.401,22","0,0%","R$ 27.279,90",sim,1.0
PED-101815,24/07/2025,Teclado Mecânico,Periféricos,RJ,Loja Física,2,"R$ 420,17","4,3%","R$ 1.035,92",sim,4.0
PED-101816,14/07/2024,Notebook Pro,Computadores,PR,Televendas,1,"R$ 6.325,82","10,1%","R$ 6.232,27",nao,4.0
PED-101817,12/02/2024,Notebook Pro,Computadores,RJ,Televendas,7,"R$ 6.745,71","3,2%","R$ 51.553,16",nao,4.0
PED-101818,30/03/2024,Notebook Pro,Computadores,MG,Televendas,1,"R$ 6.707,11","6,1%","R$ 7.735,76",sim,4.0
PED-101819,23/03/2024,Notebook Pro,Computadores,RJ,Marketplace,2,"R$ 6.848,26","18,2%","R$ 13.767,05",nao,4.0
PED-101820,28/08/2024,Cadeira Ergo,Mobiliário,SP,Loja Física,4,"R$ 2.122,64","4,2%","R$ 4.669,40",sim,1.0
PED-101821,19/03/2025,Teclado Mecânico,Periféricos,SP,Televendas,2,"R$ 402,24","8,9%","R$ 1.067,83",sim,3.0
PED-101822,30/05/2025,Cadeira Ergo,Mobiliário,SC,Loja Física,1,"R$ 1.787,58","13,6%","R$ 2.310,18",nao,5.0
PED-101823,03/06/2025,Notebook Pro,Computadores,MG,E-commerce,1,"R$ 6.551,17","7,4%","R$ 8.567,67",sim,5.0
PED-101824,05/09/2025,Cadeira Ergo,Mobiliário,SC,Loja Física,3,"R$ 1.915,26","4,4%","R$ 5.870,51",nao,2.0
PED-101825,18/05/2025,Cadeira Ergo,Mobiliário,RS,Televendas,2,"R$ 1.998,53","4,6%","R$ 5.701,15",sim,1.0
PED-101826,18/06/2024,Mesa Ajustável,Mobiliário,SP,Loja Física,1,"R$ 2.296,67","2,8%","R$ 2.674,99",sim,4.0
PED-101827,16/10/2024,Cadeira Ergo,Mobiliário,SP,Loja Física,1,"R$ 1.875,25","5,3%","R$ 1.584,60",sim,2.0
PED-101828,18/02/2025,Mouse Sem Fio,Periféricos,SP,E-commerce,3,"R$ 165,74","0,0%","R$ 666,73",nao,3.0
PED-101829,23/04/2024,Webcam HD,Áudio,SP,Marketplace,3,"R$ 306,34","9,3%","R$ 1.065,24",nao,5.0
PED-101830,15/03/2025,Headset,Áudio,MG,Marketplace,7,"R$ 348,60","7,0%","R$ 3.306,99",sim,4.0
PED-101831,23/01/2024,Mesa Ajustável,Mobiliário,SP,Marketplace,2,"R$ 2.531,65","9,8%","R$ 4.567,97",sim,4.0
PED-101832,23/05/2024,Mesa Ajustável,Mobiliário,SP,E-commerce,3,"R$ 2.627,88","0,0%","R$ 9.986,36",sim,2.0
PED-101833,28/06/2025,Cadeira Ergo,Mobiliário,PR,E-commerce,1,"R$ 1.853,53","16,9%","R$ 2.175,74",nao,4.0
PED-101834,23/07/2024,Cadeira Ergo,Mobiliário,SP,Marketplace,2,"R$ 1.858,11","4,0%","R$ 3.911,70",nao,1.0
PED-101835,17/09/2025,Cadeira Ergo,Mobiliário,BA,E-commerce,2,"R$ 1.766,95","11,7%","R$ 3.333,18",sim,1.0
PED-101836,21/06/2025,Teclado Mecânico,Periféricos,MG,E-commerce,2,"R$ 422,44","7,5%","R$ 1.103,85",sim,4.0
PED-101837,05/06/2024,Headset,Áudio,MG,E-commerce,8,"R$ 344,71","2,7%","R$ 3.215,35",nao,3.0
PED-101838,12/08/2025,Cadeira Ergo,Mobiliário,SP,Televendas,2,"R$ 1.878,25","11,0%","R$ 3.878,46",nao,4.0
PED-101839,08/07/2025,Headset,Áudio,SP,E-commerce,1,"R$ 356,15","4,9%","R$ 436,03",nao,2.0
PED-101840,21/09/2025,Mesa Ajustável,Mobiliário,SP,Marketplace,3,"R$ 2.111,47","3,9%","R$ 6.506,90",sim,5.0
PED-101841,14/09/2024,Notebook Pro,Computadores,RJ,Televendas,2,"R$ 7.122,02","8,9%","R$ 11.852,78",nao,5.0
PED-101842,03/08/2025,Headset,Áudio,SP,Loja Física,2,"R$ 349,40","12,8%","R$ 707,44",sim,5.0
PED-101843,18/07/2024,Headset,Áudio,SP,Marketplace,3,"R$ 370,28","11,0%","R$ 1.083,17",sim,3.0
PED-101844,15/08/2024,Mouse Sem Fio,Periféricos,SP,Televendas,4,"R$ 177,56","6,6%","R$ 380,63",nao,2.0
PED-101845,19/11/2024,Headset,Áudio,SP,Televendas,4,"R$ 311,29","8,5%","R$ 1.070,14",nao,5.0
PED-101846,19/08/2024,Webcam HD,Áudio,SP,Televendas,6,"R$ 314,38","8,6%","R$ 989,40",nao,1.0
PED-101847,06/01/2024,Mesa Ajustável,Mobiliário,CE,E-commerce,3,"R$ 2.372,17","4,8%","R$ 6.773,81",sim,3.0
PED-101848,04/04/2025,Teclado Mecânico,Periféricos,CE,Marketplace,1,"R$ 437,16","5,1%","R$ 627,70",sim,1.0
PED-101849,10/10/2024,Teclado Mecânico,Periféricos,SP,Marketplace,5,"R$ 443,22","6,7%","R$ 1.844,73",nao,3.0
PED-101850,07/06/2025,Cadeira Ergo,Mobiliário,RS,Loja Física,2,"R$ 1.720,33","5,9%","R$ 4.569,95",sim,5.0
PED-101851,07/05/2024,Notebook Pro,Computadores,PR,Televendas,2,"R$ 6.557,80","4,6%","R$ 15.844,97",sim,4.0
PED-101852,25/05/2024,Notebook Pro,Computadores,SP,E-commerce,3,"R$ 6.725,71","10,3%","R$ 22.938,35",sim,5.0
PED-101853,31/03/2025,Notebook Pro,Computadores,SP,Loja Física,5,"R$ 6.511,99","3,9%","R$ 45.585,65",sim,3.0
PED-101854,23/03/2025,Mesa Ajustável,Mobiliário,MG,E-commerce,2,"R$ 2.458,76","0,0%","R$ 7.165,83",nao,3.0
PED-101855,17/11/2024,Headset,Áudio,BA,Marketplace,2,"R$ 354,03","11,5%","R$ 588,71",nao,1.0
PED-101856,20/01/2025,Teclado Mecânico,Periféricos,RJ,Loja Física,2,"R$ 429,64","7,3%","R$ 949,89",nao,2.0
PED-101857,10/07/2025,"Monitor 27""",Periféricos,SP,Loja Física,4,"R$ 1.456,03","5,8%","R$ 7.067,87",nao,5.0
PED-101858,16/07/2025,Headset,Áudio,MG,Marketplace,2,"R$ 350,99","5,7%","R$ 852,47",sim,1.0
PED-101859,27/07/2025,Teclado Mecânico,Periféricos,MG,Loja Física,2,"R$ 460,22","10,6%","R$ 1.059,38",sim,4.0
PED-101860,27/09/2025,Mouse Sem Fio,Periféricos,PR,Marketplace,1,"R$ 180,76","10,8%","R$ 172,27",sim,1.0
PED-101861,21/07/2024,Notebook Pro,Computadores,RS,Loja Física,6,"R$ 7.171,69","7,9%","R$ 43.453,61",sim,3.0
PED-101862,25/05/2025,Headset,Áudio,PE,E-commerce,3,"R$ 341,48","4,9%","R$ 1.456,45",nao,5.0
PED-101863,28/06/2024,Cadeira Ergo,Mobiliário,RJ,Televendas,1,"R$ 1.766,68","11,4%","R$ 1.876,90",sim,4.0
PED-101864,09/07/2025,"Monitor 27""",Periféricos,RJ,Televendas,3,"R$ 1.259,13","0,3%","R$ 4.851,43",sim,1.0
PED-101865,24/08/2025,Webcam HD,Áudio,RJ,E-commerce,1,"R$ 287,19","6,7%","R$ 311,03",nao,
PED-101866,08/10/2024,Cadeira Ergo,Mobiliário,RJ,Loja Física,3,"R$ 1.935,82","9,0%","R$ 4.714,41",nao,4.0
PED-101867,18/11/2024,Mesa Ajustável,Mobiliário,SP,Televendas,2,"R$ 2.501,35","15,8%","R$ 3.955,22",nao,5.0
PED-101868,16/03/2024,Mouse Sem Fio,Periféricos,MG,Marketplace,1,"R$ 197,36","3,3%","R$ 234,40",sim,3.0
PED-101869,02/03/2024,"Monitor 27""",Periféricos,SP,Marketplace,1,"R$ 1.451,30","5,2%","R$ 1.690,88",sim,4.0
PED-101870,06/05/2024,Teclado Mecânico,Periféricos,MG,Loja Física,2,"R$ 430,49","7,8%","R$ 1.005,24",sim,4.0
PED-101871,30/01/2024,Mesa Ajustável,Mobiliário,SC,Televendas,2,"R$ 2.395,02","7,6%","R$ 4.424,19",sim,4.0
PED-101872,12/09/2024,Webcam HD,Áudio,PE,E-commerce,3,"R$ 323,19","2,2%","R$ 865,81",nao,2.0
PED-101873,25/09/2025,Mesa Ajustável,Mobiliário,SP,Marketplace,2,"R$ 2.403,99","2,7%","R$ 4.996,45",sim,4.0
PED-101874,28/03/2025,Webcam HD,Áudio,SP,E-commerce,2,"R$ 289,51","9,7%","R$ 762,19",sim,5.0
PED-101875,05/01/2025,Cadeira Ergo,Mobiliário,RJ,E-commerce,3,"R$ 1.784,90","14,3%","R$ 5.467,11",sim,3.0
PED-101876,11/04/2025,Mesa Ajustável,Mobiliário,SP,Marketplace,3,"R$ 2.631,27","6,7%","R$ 11.138,25",sim,3.0
PED-101877,04/02/2024,Cadeira Ergo,Mobiliário,SP,Loja Física,1,"R$ 1.860,86","14,1%","R$ 1.801,99",sim,2.0
PED-101878,23/02/2025,Notebook Pro,Computadores,SC,Marketplace,2,"R$ 6.394,03","9,9%","R$ 15.454,91",sim,5.0
PED-101879,23/11/2024,Mesa Ajustável,Mobiliário,SP,E-commerce,1,"R$ 2.624,74","13,0%","R$ 2.145,00",sim,2.0
PED-101880,14/03/2024,Mesa Ajustável,Mobiliário,SP,Marketplace,3,"R$ 2.174,68","0,0%","R$ 8.015,60",nao,3.0
PED-101881,18/11/2024,Webcam HD,Áudio,MG,Televendas,4,"R$ 288,73","0,7%","R$ 1.077,18",nao,5.0
PED-101882,01/03/2025,Mouse Sem Fio,Periféricos,PR,Loja Física,3,"R$ 171,59","6,0%","R$ 705,23",sim,5.0
PED-101883,05/10/2024,Mouse Sem Fio,Periféricos,SP,Loja Física,3,"R$ 186,25","0,0%","R$ 498,58",sim,3.0
PED-101884,13/08/2025,Headset,Áudio,SP,Loja Física,1,"R$ 341,48","2,4%","R$ 386,78",nao,5.0
PED-101885,31/08/2025,"Monitor 27""",Periféricos,SC,Televendas,3,"R$ 1.395,28","4,3%","R$ 4.649,92",sim,1.0
PED-101886,19/08/2024,Mouse Sem Fio,Periféricos,PR,E-commerce,1,"R$ 157,82","5,0%","R$ 86,10",sim,1.0
PED-101887,30/08/2025,"Monitor 27""",Periféricos,RJ,Loja Física,2,"R$ 1.444,65","6,4%","R$ 3.138,75",nao,4.0
PED-101888,04/06/2024,"Monitor 27""",Periféricos,SP,Marketplace,3,"R$ 1.518,80","0,6%","R$ 5.427,98",sim,5.0
PED-101889,20/03/2024,Mouse Sem Fio,Periféricos,PE,E-commerce,2,"R$ 173,50","13,6%","R$ 368,47",sim,4.0
PED-101890,19/02/2025,Notebook Pro,Computadores,RJ,Televendas,4,"R$ 6.596,27","3,9%","R$ 34.008,64",sim,3.0
PED-101891,07/04/2024,Headset,Áudio,SP,Marketplace,1,"R$ 332,57","0,0%","R$ 425,21",nao,2.0
PED-101892,23/07/2024,Notebook Pro,Computadores,RJ,Televendas,6,"R$ 6.814,03","6,9%","R$ 41.704,67",sim,5.0
PED-101893,17/09/2024,Teclado Mecânico,Periféricos,BA,E-commerce,2,"R$ 389,75","17,5%","R$ 587,06",nao,1.0
PED-101894,15/03/2025,Mouse Sem Fio,Periféricos,SP,Loja Física,3,"R$ 190,93","2,8%","R$ 811,19",sim,5.0
PED-101895,17/06/2025,"Monitor 27""",Periféricos,PE,Loja Física,3,"R$ 1.333,15","11,5%","R$ 4.996,62",sim,2.0
PED-101896,25/07/2025,Headset,Áudio,MG,Marketplace,3,"R$ 361,57","3,0%","R$ 1.355,03",nao,3.0
PED-101897,03/02/2025,Cadeira Ergo,Mobiliário,MG,,4,"R$ 1.849,03","9,4%","R$ 8.989,48",nao,2.0
PED-101898,08/09/2025,Notebook Pro,Computadores,PR,E-commerce,1,"R$ 6.384,11","12,2%","R$ 5.989,42",nao,4.0
PED-101899,12/04/2025,Cadeira Ergo,Mobiliário,SP,E-commerce,4,"R$ 1.903,21","6,8%","R$ 10.739,05",nao,4.0
PED-101900,13/07/2025,Headset,Áudio,SP,Loja Física,1,"R$ 326,40","8,4%","R$ 384,96",sim,1.0
PED-101901,03/01/2025,Webcam HD,Áudio,MG,E-commerce,1,"R$ 301,45","1,0%","R$ 355,57",sim,3.0
PED-101902,16/03/2024,Notebook Pro,Computadores,RJ,Televendas,1,"R$ 6.732,14","0,0%","R$ 8.271,26",nao,2.0
PED-101903,14/05/2024,Cadeira Ergo,Mobiliário,BA,Loja Física,5,"R$ 1.909,49","6,5%","R$ 11.302,89",sim,2.0
PED-101904,21/09/2024,Webcam HD,Áudio,PR,Loja Física,5,"R$ 306,66","2,8%","R$ 1.360,87",sim,5.0
PED-101905,07/06/2025,Webcam HD,Áudio,RJ,Marketplace,6,"R$ 320,29","12,4%","R$ 2.377,91",nao,2.0
PED-101906,22/09/2024,Teclado Mecânico,Periféricos,MG,Loja Física,1,"R$ 377,87","3,9%","R$ 331,70",sim,2.0
PED-101907,09/01/2024,Teclado Mecânico,Periféricos,PR,Loja Física,3,"R$ 349,12","19,2%","R$ 846,39",sim,5.0
PED-101908,03/10/2024,"Monitor 27""",Periféricos,MG,Loja Física,1,"R$ 1.444,06","9,9%","R$ 1.161,63",sim,4.0
PED-101909,23/03/2025,"Monitor 27""",Periféricos,RJ,Televendas,1,"R$ 1.477,54","12,4%","R$ 1.885,40",sim,3.0
PED-101910,25/09/2025,Mesa Ajustável,Mobiliário,SP,E-commerce,6,"R$ 2.167,16","5,2%","R$ 13.175,63",nao,1.0
PED-101911,04/05/2024,Notebook Pro,Computadores,RJ,Loja Física,1,"R$ 6.822,75","10,7%","R$ 7.719,89",sim,3.0
PED-101912,17/07/2024,Teclado Mecânico,Periféricos,PR,Loja Física,1,"R$ 423,93","8,5%","R$ 425,21",sim,1.0
PED-101913,28/10/2024,Mouse Sem Fio,Periféricos,BA,Marketplace,6,"R$ 166,28","10,2%","R$ 799,51",sim,1.0
PED-101914,08/11/2024,"Monitor 27""",Periféricos,SP,Televendas,3,"R$ 1.351,88","4,8%","R$ 3.624,17",nao,5.0
PED-101915,16/09/2025,Cadeira Ergo,Mobiliário,RJ,Televendas,4,"R$ 1.779,18","5,3%","R$ 7.202,79",sim,
PED-101916,12/09/2024,Mesa Ajustável,Mobiliário,SP,E-commerce,1,"R$ 2.356,86","8,6%","R$ 1.966,56",sim,1.0
PED-101917,10/12/2024,Notebook Pro,Computadores,SP,Televendas,1,"R$ 6.318,04","0,0%","R$ 6.612,72",nao,1.0
PED-101918,09/06/2024,Mouse Sem Fio,Periféricos,PR,E-commerce,1,"R$ 188,18","0,0%","R$ 225,59",nao,2.0
PED-101919,06/02/2024,Teclado Mecânico,Periféricos,CE,Loja Física,2,"R$ 414,66","10,9%","R$ 833,79",sim,3.0
PED-101920,08/09/2024,Headset,Áudio,RS,E-commerce,2,"R$ 340,30","13,2%","R$ 539,49",sim,3.0
PED-101921,01/10/2024,"Monitor 27""",Periféricos,SP,Marketplace,2,"R$ 1.575,53","2,4%","R$ 2.743,09",nao,5.0
PED-101922,20/04/2024,"Monitor 27""",Periféricos,SP,Televendas,1,"R$ 1.438,31","6,9%","R$ 1.711,43",sim,2.0
PED-101923,26/02/2025,"Monitor 27""",Periféricos,SP,Televendas,3,"R$ 1.449,87","2,0%","R$ 5.716,46",sim,1.0
PED-101924,30/07/2024,Teclado Mecânico,Periféricos,SP,Loja Física,3,"R$ 429,71","10,3%","R$ 1.267,49",sim,5.0
PED-101925,06/02/2024,Cadeira Ergo,Mobiliário,MG,Marketplace,1,"R$ 2.127,83","0,0%","R$ 2.399,68",sim,5.0
PED-101926,08/12/2024,Cadeira Ergo,Mobiliário,SP,Loja Física,1,"R$ 1.798,55","13,3%","R$ 1.632,46",nao,3.0
PED-101927,10/06/2024,Notebook Pro,Computadores,MG,Televendas,3,"R$ 6.668,30","15,8%","R$ 20.196,91",sim,4.0
PED-101928,10/04/2025,Teclado Mecânico,Periféricos,PR,E-commerce,4,"R$ 424,39","5,2%","R$ 2.435,01",sim,4.0
PED-101929,12/01/2024,Notebook Pro,Computadores,SP,Marketplace,1,"R$ 7.128,46","9,5%","R$ 6.454,20",sim,1.0
PED-101930,06/05/2025,"Monitor 27""",Periféricos,CE,Loja Física,2,"R$ 1.413,56","11,0%","R$ 3.761,75",nao,2.0
PED-101931,11/12/2024,Cadeira Ergo,Mobiliário,PR,Loja Física,4,"R$ 1.865,89","10,4%","R$ 7.002,17",sim,3.0
PED-101932,12/04/2025,Mouse Sem Fio,Periféricos,PE,Televendas,3,"R$ 169,74","8,6%","R$ 704,07",sim,4.0
PED-101933,01/09/2024,Mesa Ajustável,Mobiliário,SP,E-commerce,2,"R$ 2.284,00","8,4%","R$ 3.818,57",sim,1.0
PED-101934,18/07/2025,Mesa Ajustável,Mobiliário,PR,E-commerce,3,"R$ 2.445,22","8,7%","R$ 8.622,36",nao,1.0
PED-101935,18/11/2024,Mouse Sem Fio,Periféricos,BA,Televendas,3,"R$ 198,60","3,5%","R$ 539,67",sim,2.0
PED-101936,30/09/2025,Mouse Sem Fio,Periféricos,SP,Televendas,4,"R$ 172,51","16,1%","R$ 618,74",sim,4.0
PED-101937,08/07/2024,Headset,Áudio,SP,Marketplace,1,"R$ 337,87","2,1%","R$ 362,58",sim,3.0
PED-101938,02/07/2025,Mouse Sem Fio,Periféricos,SC,Marketplace,4,"R$ 187,46","6,9%","R$ 898,71",nao,
PED-101939,24/02/2025,Webcam HD,Áudio,PR,Loja Física,4,"R$ 284,34","15,8%","R$ 1.283,49",sim,5.0
PED-101940,15/08/2025,Cadeira Ergo,Mobiliário,SP,Televendas,2,"R$ 2.014,33","11,6%","R$ 4.134,43",nao,3.0
PED-101941,20/04/2024,Cadeira Ergo,Mobiliário,SP,E-commerce,2,"R$ 1.897,01","9,0%","R$ 4.413,61",sim,4.0
PED-101942,24/11/2024,"Monitor 27""",Periféricos,SC,E-commerce,3,"R$ 1.408,27","2,6%","R$ 3.863,09",sim,4.0
PED-101943,03/08/2025,Mouse Sem Fio,Periféricos,RS,Marketplace,2,"R$ 177,32","8,1%","R$ 378,25",nao,1.0
PED-101944,05/06/2024,"Monitor 27""",Periféricos,RJ,Televendas,3,"R$ 1.281,52","6,3%","R$ 4.320,16",nao,1.0
PED-101945,06/09/2025,Mesa Ajustável,Mobiliário,SC,Marketplace,2,"R$ 2.585,38","5,8%","R$ 5.207,11",sim,5.0
PED-101946,11/09/2025,"Monitor 27""",Periféricos,SP,Televendas,3,"R$ 1.477,25","7,0%","R$ 4.403,77",nao,5.0
PED-101947,11/11/2024,Mesa Ajustável,Mobiliário,RJ,Marketplace,1,"R$ 2.648,07","14,1%","R$ 2.137,02",sim,
PED-101948,11/04/2025,Mesa Ajustável,Mobiliário,RJ,Loja Física,1,"R$ 2.482,20","12,1%","R$ 3.301,85",sim,4.0
PED-101949,24/10/2024,"Monitor 27""",Periféricos,SP,Televendas,1,"R$ 1.392,68","16,5%","R$ 1.038,22",sim,5.0
PED-101950,24/02/2025,Teclado Mecânico,Periféricos,RJ,E-commerce,3,"R$ 401,85","7,1%","R$ 1.502,12",nao,4.0
PED-101951,04/07/2025,Teclado Mecânico,Periféricos,CE,E-commerce,2,"R$ 445,32","9,4%","R$ 1.038,99",nao,5.0
PED-101952,19/04/2025,"Monitor 27""",Periféricos,SP,E-commerce,2,"R$ 1.306,76","13,6%","R$ 3.414,25",sim,4.0
PED-101953,04/07/2024,Mouse Sem Fio,Periféricos,PR,E-commerce,4,"R$ 168,12","15,8%","R$ 620,70",sim,1.0
PED-101954,05/01/2025,Headset,Áudio,CE,Marketplace,1,"R$ 367,04","0,0%","R$ 437,51",sim,2.0
PED-101955,28/05/2025,Webcam HD,Áudio,RS,Televendas,2,"R$ 251,65","17,4%","R$ 621,93",nao,4.0
PED-101956,07/01/2025,Headset,Áudio,SC,Loja Física,2,"R$ 349,22","11,5%","R$ 736,55",sim,4.0
PED-101957,02/07/2024,Mesa Ajustável,Mobiliário,SP,Loja Física,1,"R$ 2.339,70","8,4%","R$ 2.348,37",sim,5.0
PED-101958,26/04/2025,Teclado Mecânico,Periféricos,MG,E-commerce,1,"R$ 468,60","12,2%","R$ 622,69",nao,2.0
PED-101959,05/04/2025,Cadeira Ergo,Mobiliário,SP,Loja Física,2,"R$ 1.862,72","2,6%","R$ 5.488,70",nao,1.0
PED-101960,10/02/2025,Teclado Mecânico,Periféricos,SP,Marketplace,3,"R$ 405,29","0,0%","R$ 1.630,34",nao,3.0
PED-101961,01/08/2024,"Monitor 27""",Periféricos,SC,E-commerce,4,"R$ 1.410,88","10,6%","R$ 2.896,83",sim,1.0
PED-101962,26/12/2024,"Monitor 27""",Periféricos,RJ,Loja Física,1,"R$ 1.595,40","4,6%","R$ 1.593,75",sim,4.0
PED-101963,20/01/2025,Teclado Mecânico,Periféricos,RJ,E-commerce,2,"R$ 448,75","10,6%","R$ 956,66",sim,3.0
PED-101964,16/05/2024,"Monitor 27""",Periféricos,MG,Marketplace,3,"R$ 1.445,35","16,0%","R$ 4.615,96",nao,1.0
PED-101965,15/08/2025,Webcam HD,Áudio,CE,Televendas,4,"R$ 252,17","6,1%","R$ 1.099,06",nao,2.0
PED-101966,15/01/2025,Mouse Sem Fio,Periféricos,SP,Marketplace,3,"R$ 185,97","13,2%","R$ 577,42",nao,4.0
PED-101967,04/02/2024,Mouse Sem Fio,Periféricos,BA,Televendas,2,"R$ 178,18","4,6%","R$ 383,51",nao,1.0
PED-101968,21/06/2024,Webcam HD,Áudio,RJ,,1,"R$ 288,07","5,3%","R$ 326,89",sim,4.0
PED-101969,31/05/2025,Webcam HD,Áudio,SP,Loja Física,3,"R$ 292,81","2,9%","R$ 1.275,13",nao,5.0
PED-101970,19/03/2025,Headset,Áudio,PR,Loja Física,3,"R$ 359,11","9,0%","R$ 1.427,80",nao,4.0
PED-101971,12/12/2024,Notebook Pro,Computadores,PR,Televendas,5,"R$ 6.329,74","11,8%","R$ 29.213,33",sim,3.0
PED-101972,12/11/2024,Teclado Mecânico,Periféricos,MG,E-commerce,2,"R$ 406,31","6,3%","R$ 714,89",nao,1.0
PED-101973,30/08/2024,Headset,Áudio,RS,Marketplace,3,"R$ 355,36","6,3%","R$ 573,26",sim,2.0
PED-101974,26/08/2025,Mesa Ajustável,Mobiliário,PE,Marketplace,3,"R$ 2.310,18","9,0%","R$ 7.321,63",nao,4.0
PED-101975,12/08/2024,Mesa Ajustável,Mobiliário,MG,Loja Física,1,"R$ 2.224,36","9,5%","R$ 1.155,57",nao,2.0
PED-101976,15/06/2025,Cadeira Ergo,Mobiliário,SP,Marketplace,6,"R$ 1.846,04","10,5%","R$ 14.004,29",sim,2.0
PED-101977,14/02/2024,Cadeira Ergo,Mobiliário,SP,E-commerce,3,"R$ 1.832,73","6,1%","R$ 5.820,48",sim,
PED-101978,07/12/2024,Mesa Ajustável,Mobiliário,RJ,Marketplace,1,"R$ 2.501,72","0,0%","R$ 2.618,41",nao,1.0
PED-101979,14/06/2024,Mouse Sem Fio,Periféricos,SP,Televendas,3,"R$ 179,24","6,2%","R$ 604,51",sim,1.0
PED-101980,27/09/2024,Headset,Áudio,RS,Televendas,1,"R$ 362,17","12,7%","R$ 288,80",sim,1.0
PED-101981,02/02/2025,"Monitor 27""",Periféricos,SP,Marketplace,4,"R$ 1.417,43","9,4%","R$ 6.890,62",nao,2.0
PED-101982,13/02/2024,Mouse Sem Fio,Periféricos,SP,Loja Física,1,"R$ 182,52","4,0%","R$ 197,63",sim,4.0
PED-101983,03/03/2024,Headset,Áudio,MG,Marketplace,1,"R$ 321,77","12,6%","R$ 345,36",nao,4.0
PED-101984,06/01/2025,Notebook Pro,Computadores,SP,Marketplace,2,"R$ 7.087,07","7,1%","R$ 15.694,81",nao,1.0
PED-101985,04/03/2025,Notebook Pro,Computadores,PR,Marketplace,2,"R$ 7.497,55","7,2%","R$ 20.268,45",sim,4.0
PED-101986,09/02/2024,Cadeira Ergo,Mobiliário,SP,E-commerce,2,"R$ 1.915,91","12,3%","R$ 3.787,96",sim,1.0
PED-101987,07/09/2025,Headset,Áudio,PR,Loja Física,1,"R$ 334,31","0,1%","R$ 356,69",sim,2.0
PED-101988,07/10/2024,Webcam HD,Áudio,SP,Televendas,1,"R$ 308,08","14,6%","R$ 234,80",sim,4.0
PED-101989,19/09/2025,Teclado Mecânico,Periféricos,RJ,Televendas,1,"R$ 416,66","14,6%","R$ 380,36",sim,2.0
PED-101990,28/03/2024,Webcam HD,Áudio,RJ,Loja Física,1,"R$ 313,71","7,7%","R$ 355,74",sim,3.0
PED-101991,23/07/2025,Mesa Ajustável,Mobiliário,RS,E-commerce,5,"R$ 2.211,32","6,8%","R$ 13.273,06",nao,4.0
PED-101992,16/02/2025,Teclado Mecânico,Periféricos,SP,Marketplace,1,"R$ 450,94","7,9%","R$ 556,97",sim,5.0
PED-101993,31/05/2025,Mesa Ajustável,Mobiliário,RJ,Marketplace,1,"R$ 2.275,15","15,6%","R$ 2.872,21",sim,3.0
PED-101994,01/06/2025,Teclado Mecânico,Periféricos,PR,Marketplace,2,"R$ 421,96","8,2%","R$ 1.094,32",sim,5.0
PED-101995,23/04/2024,Teclado Mecânico,Periféricos,SP,Loja Física,2,"R$ 397,56","0,0%","R$ 1.016,60",sim,5.0
PED-101996,17/04/2024,Headset,Áudio,SC,E-commerce,2,"R$ 311,23","0,0%","R$ 795,86",nao,4.0
PED-101997,12/09/2025,Mouse Sem Fio,Periféricos,SP,Marketplace,1,"R$ 200,11","0,0%","R$ 213,82",sim,3.0
PED-101998,03/10/2024,Teclado Mecânico,Periféricos,RJ,E-commerce,7,"R$ 448,04","0,0%","R$ 2.798,54",sim,3.0
PED-101999,09/05/2024,Cadeira Ergo,Mobiliário,MG,Loja Física,1,"R$ 1.857,51","4,8%","R$ 2.239,71",sim,1.0
PED-102000,07/02/2025,Webcam HD,Áudio,PR,E-commerce,2,"R$ 319,90","2,9%","R$ 833,11",sim,1.0
PED-102001,10/07/2025,Headset,Áudio,MG,Televendas,5,"R$ 320,40","1,9%","R$ 2.023,46",nao,4.0
PED-102002,24/06/2024,Cadeira Ergo,Mobiliário,RS,Marketplace,1,"R$ 1.903,61","8,7%","R$ 2.083,53",sim,4.0
PED-102003,15/07/2025,Cadeira Ergo,Mobiliário,SP,Televendas,4,"R$ 1.754,24","9,5%","R$ 8.177,27",sim,2.0
PED-102004,11/02/2024,Cadeira Ergo,Mobiliário,RJ,E-commerce,3,"R$ 2.086,39","13,4%","R$ 6.113,91",nao,5.0
PED-102005,02/02/2025,Webcam HD,Áudio,RJ,E-commerce,6,"R$ 280,77","9,8%","R$ 2.036,85",sim,4.0
PED-102006,28/08/2024,Webcam HD,Áudio,RJ,Loja Física,2,"R$ 269,48","2,1%","R$ 302,79",nao,1.0
PED-102007,29/11/2024,Notebook Pro,Computadores,BA,Loja Física,2,"R$ 7.133,57","6,0%","R$ 12.597,80",sim,1.0
PED-102008,22/01/2025,Notebook Pro,Computadores,SP,Loja Física,3,"R$ 6.559,81","7,3%","R$ 21.747,37",sim,4.0
PED-102009,08/05/2024,"Monitor 27""",Periféricos,SC,Loja Física,1,"R$ 1.459,58","3,9%","R$ 1.776,06",nao,3.0
PED-102010,01/02/2024,Mouse Sem Fio,Periféricos,PR,Loja Física,4,"R$ 184,29","4,3%","R$ 795,99",sim,5.0
PED-102011,28/11/2024,Webcam HD,Áudio,RS,E-commerce,2,"R$ 317,91","8,5%","R$ 546,26",sim,2.0
PED-102012,02/09/2025,Webcam HD,Áudio,RJ,E-commerce,1,"R$ 300,03","2,4%","R$ 312,73",nao,3.0
PED-102013,04/07/2024,Mesa Ajustável,Mobiliário,GO,E-commerce,3,"R$ 2.400,53","5,2%","R$ 7.481,80",sim,4.0
PED-102014,24/12/2024,Mouse Sem Fio,Periféricos,RS,Televendas,3,"R$ 171,74","3,5%","R$ 520,32",sim,4.0
PED-102015,21/03/2024,Cadeira Ergo,Mobiliário,SP,Marketplace,4,"R$ 1.933,51","14,3%","R$ 8.143,20",sim,1.0
PED-102016,08/08/2024,Mouse Sem Fio,Periféricos,SP,E-commerce,2,"R$ 168,99","5,9%","R$ 182,57",sim,3.0
PED-102017,23/03/2024,Cadeira Ergo,Mobiliário,PR,Loja Física,3,"R$ 1.839,64","10,0%","R$ 6.100,21",nao,4.0
PED-102018,12/03/2024,Cadeira Ergo,Mobiliário,PE,Loja Física,2,"R$ 2.024,04","6,3%","R$ 4.660,01",sim,1.0
PED-102019,27/05/2025,Mouse Sem Fio,Periféricos,RJ,Televendas,1,"R$ 178,02","8,3%","R$ 244,16",nao,4.0
PED-102020,01/08/2025,Notebook Pro,Computadores,BA,Marketplace,3,"R$ 7.846,64","14,4%","R$ 23.393,83",sim,4.0
PED-102021,13/08/2025,Mesa Ajustável,Mobiliário,RJ,Televendas,2,"R$ 2.364,32","7,4%","R$ 5.083,09",sim,5.0
PED-102022,11/04/2025,Notebook Pro,Computadores,RS,E-commerce,1,"R$ 6.594,57","10,3%","R$ 8.949,38",nao,2.0
PED-102023,31/03/2024,Cadeira Ergo,Mobiliário,SP,Televendas,2,"R$ 1.822,14","3,3%","R$ 4.328,39",sim,5.0
PED-102024,15/08/2025,Teclado Mecânico,Periféricos,RJ,Televendas,2,"R$ 408,93","4,4%","R$ 907,41",nao,4.0
PED-102025,09/01/2024,Cadeira Ergo,Mobiliário,MG,Loja Física,1,"R$ 1.852,42","13,8%","R$ 1.597,34",sim,3.0
PED-102026,21/06/2024,Headset,Áudio,RS,Televendas,2,"R$ 341,45","12,2%","R$ 719,19",sim,3.0
PED-102027,17/06/2024,Headset,Áudio,RJ,Televendas,3,"R$ 356,46","8,8%","R$ 1.168,73",sim,1.0
PED-102028,21/04/2025,Notebook Pro,Computadores,SP,E-commerce,1,"R$ 6.634,82","1,4%","R$ 9.897,93",sim,4.0
PED-102029,27/03/2024,"Monitor 27""",Periféricos,MG,Loja Física,1,"R$ 1.244,25","5,1%","R$ 1.450,40",sim,3.0
PED-102030,11/09/2025,Notebook Pro,Computadores,SP,Televendas,1,"R$ 6.343,78","10,8%","R$ 6.042,91",sim,1.0
PED-102031,30/04/2024,Mesa Ajustável,Mobiliário,SC,Marketplace,1,"R$ 2.613,98","6,0%","R$ 3.140,75",nao,3.0
PED-102032,05/07/2025,Webcam HD,Áudio,SP,Marketplace,4,"R$ 287,95","9,1%","R$ 1.349,06",nao,1.0
PED-102033,08/01/2025,Teclado Mecânico,Periféricos,RS,E-commerce,4,"R$ 431,34","13,7%","R$ 1.774,67",nao,3.0
PED-102034,09/06/2024,Mesa Ajustável,Mobiliário,BA,E-commerce,2,"R$ 2.314,33","6,7%","R$ 5.175,23",sim,3.0
PED-102035,27/09/2024,Headset,Áudio,SP,Loja Física,2,"R$ 362,86","1,6%","R$ 652,04",sim,1.0
PED-102036,14/03/2024,Cadeira Ergo,Mobiliário,MG,Marketplace,2,"R$ 1.818,95","7,3%","R$ 4.142,40",sim,5.0
PED-102037,01/10/2024,Headset,Áudio,RS,Marketplace,1,"R$ 340,94","3,9%","R$ 292,31",sim,2.0
PED-102038,19/03/2025,Webcam HD,Áudio,RJ,E-commerce,3,"R$ 285,29","6,7%","R$ 1.163,76",sim,5.0
PED-102039,11/05/2024,Webcam HD,Áudio,RS,Loja Física,1,"R$ 292,82","10,7%","R$ 331,30",sim,5.0
PED-102040,07/09/2025,"Monitor 27""",Periféricos,BA,Marketplace,1,"R$ 1.667,27","7,1%","R$ 1.655,00",sim,1.0
PED-102041,01/03/2025,Cadeira Ergo,Mobiliário,RS,E-commerce,3,"R$ 1.919,74","5,9%","R$ 7.897,07",sim,2.0
PED-102042,23/08/2024,Mouse Sem Fio,Periféricos,SP,Televendas,1,"R$ 162,34","14,9%","R$ 79,32",sim,3.0
PED-102043,04/07/2024,Teclado Mecânico,Periféricos,GO,Loja Física,4,"R$ 388,44","7,3%","R$ 1.579,38",nao,4.0
PED-102044,11/05/2025,Mesa Ajustável,Mobiliário,RJ,Marketplace,3,"R$ 2.529,26","7,4%","R$ 10.502,13",sim,2.0
PED-102045,12/09/2024,Headset,Áudio,SP,Loja Física,1,"R$ 349,42","11,6%","R$ 282,10",sim,1.0
PED-102046,26/08/2025,Mesa Ajustável,Mobiliário,CE,Loja Física,1,"R$ 2.412,06","9,2%","R$ 2.542,72",sim,4.0
PED-102047,23/10/2024,Notebook Pro,Computadores,SP,E-commerce,4,"R$ 6.669,11","11,1%","R$ 21.162,38",sim,5.0
PED-102048,24/03/2025,Mouse Sem Fio,Periféricos,RS,Marketplace,6,"R$ 163,35","14,0%","R$ 1.228,83",nao,3.0
PED-102049,01/08/2025,Cadeira Ergo,Mobiliário,RS,E-commerce,4,"R$ 1.812,84","0,0%","R$ 8.415,64",sim,2.0
PED-102050,31/08/2025,Mesa Ajustável,Mobiliário,RJ,Loja Física,3,"R$ 2.567,96","2,9%","R$ 8.679,01",nao,5.0
PED-102051,06/06/2024,Teclado Mecânico,Periféricos,SC,E-commerce,2,"R$ 454,46","12,6%","R$ 980.000,00",nao,3.0
PED-102052,04/10/2024,Teclado Mecânico,Periféricos,SP,Loja Física,2,"R$ 417,39","2,9%","R$ 723,42",sim,2.0
PED-102053,04/04/2025,Teclado Mecânico,Periféricos,RS,Loja Física,2,"R$ 418,33","0,1%","R$ 1.263,82",nao,2.0
PED-102054,19/09/2024,Webcam HD,Áudio,SP,Marketplace,2,"R$ 306,26","2,5%","R$ 545,46",nao,4.0
PED-102055,16/07/2024,Teclado Mecânico,Periféricos,RS,Televendas,1,"R$ 405,50","9,5%","R$ 402,42",nao,1.0
PED-102056,31/01/2025,"Monitor 27""",Periféricos,SC,Loja Física,1,"R$ 1.577,51","7,3%","R$ 1.743,21",sim,5.0
PED-102057,26/07/2025,Headset,Áudio,SP,Marketplace,3,"R$ 345,31","2,5%","R$ 1.301,26",nao,3.0
PED-102058,24/10/2024,Mouse Sem Fio,Periféricos,SP,Loja Física,1,"R$ 174,04","4,1%","R$ 148,97",nao,5.0
PED-102059,09/09/2024,Mesa Ajustável,Mobiliário,SP,Marketplace,2,"R$ 2.586,52","6,5%","R$ 4.416,75",nao,1.0
PED-102060,02/05/2025,Teclado Mecânico,Periféricos,SP,Marketplace,2,"R$ 422,61","17,8%","R$ 980.000,00",sim,3.0
PED-102061,19/11/2024,Mesa Ajustável,Mobiliário,PR,Loja Física,1,"R$ 2.639,95","15,2%","R$ 2.101,43",sim,4.0
PED-102062,17/07/2024,"Monitor 27""",Periféricos,SP,E-commerce,1,"R$ 1.495,80","8,5%","R$ 1.500,02",nao,2.0
PED-102063,15/07/2025,Notebook Pro,Computadores,SC,Loja Física,1,"R$ 6.656,04","15,1%","R$ 7.276,16",sim,1.0
PED-102064,24/01/2025,"Monitor 27""",Periféricos,MG,Loja Física,2,"R$ 1.476,12","7,2%","R$ 3.265,30",nao,5.0
PED-102065,06/03/2025,Notebook Pro,Computadores,GO,E-commerce,1,"R$ 6.168,90","0,4%","R$ 8.955,72",nao,1.0
PED-102066,04/06/2025,Mouse Sem Fio,Periféricos,PR,Televendas,2,"R$ 183,97","0,5%","R$ 516,77",sim,2.0
PED-102067,01/03/2024,Mesa Ajustável,Mobiliário,RJ,Loja Física,1,"R$ 2.302,97","0,1%","R$ 2.827,83",sim,5.0
PED-102068,28/06/2025,Mouse Sem Fio,Periféricos,RS,Marketplace,3,"R$ 189,72","3,6%","R$ 774,99",nao,4.0
PED-102069,28/03/2024,Webcam HD,Áudio,RS,E-commerce,2,"R$ 317,56","6,3%","R$ 730,80",sim,1.0
PED-102070,08/01/2024,Webcam HD,Áudio,RJ,Marketplace,3,"R$ 313,61","0,0%","R$ 940,84",sim,3.0
PED-102071,26/09/2025,"Monitor 27""",Periféricos,PR,E-commerce,5,"R$ 1.534,45","10,1%","R$ 7.367,05",nao,1.0
PED-102072,27/06/2024,"Monitor 27""",Periféricos,SP,E-commerce,1,"R$ 1.422,46","8,8%","R$ 1.554,98",sim,5.0
PED-102073,19/01/2024,Headset,Áudio,SP,Marketplace,1,"R$ 368,10","4,2%","R$ 352,80",sim,3.0
PED-102074,25/03/2025,"Monitor 27""",Periféricos,BA,Loja Física,3,"R$ 1.422,15","7,5%","R$ 5.749,89",sim,4.0
PED-102075,11/07/2024,Headset,Áudio,SP,E-commerce,1,"R$ 345,72","0,0%","R$ 378,91",sim,3.0
PED-102076,24/09/2024,Headset,Áudio,RJ,Loja Física,3,"R$ 307,88","16,1%","R$ 707,16",sim,1.0
PED-102077,05/09/2025,"Monitor 27""",Periféricos,SP,Televendas,2,"R$ 1.440,21","13,6%","R$ 2.658,32",nao,1.0
PED-102078,30/12/2024,Teclado Mecânico,Periféricos,CE,Televendas,5,"R$ 391,87","2,2%","R$ 2.006,41",nao,4.0
PED-102079,10/01/2024,Mesa Ajustável,Mobiliário,SP,Televendas,4,"R$ 2.425,03","3,3%","R$ 9.377,41",sim,2.0
PED-102080,09/03/2025,Mouse Sem Fio,Periféricos,SP,Loja Física,2,"R$ 167,70","7,3%","R$ 453,04",sim,4.0
PED-102081,13/04/2024,Headset,Áudio,SP,Loja Física,3,"R$ 362,34","9,1%","R$ 1.263,41",sim,4.0
PED-102082,25/07/2024,Headset,Áudio,GO,Televendas,2,"R$ 309,45","11,7%","R$ 599,14",sim,5.0
PED-102083,16/05/2024,Mouse Sem Fio,Periféricos,SP,E-commerce,4,"R$ 209,39","7,7%","R$ 978,78",sim,2.0
PED-102084,08/08/2025,Mesa Ajustável,Mobiliário,MG,Marketplace,2,"R$ 2.312,43","4,0%","R$ 5.154,08",sim,2.0
PED-102085,25/02/2024,Webcam HD,Áudio,SP,Televendas,5,"R$ 284,54","9,5%","R$ 1.452,77",sim,3.0
PED-102086,12/12/2024,Webcam HD,Áudio,SP,Televendas,1,"R$ 318,75","10,5%","R$ 298,50",sim,
PED-102087,29/10/2024,Teclado Mecânico,Periféricos,MG,,1,"R$ 454,06","3,0%","R$ 393,00",sim,3.0
PED-102088,19/12/2024,Cadeira Ergo,Mobiliário,SP,Loja Física,1,"R$ 1.871,45","7,0%","R$ 1.821,47",nao,5.0
PED-102089,14/01/2025,Teclado Mecânico,Periféricos,SP,Televendas,3,"R$ 418,92","11,3%","R$ 1.329,11",sim,4.0
PED-102090,06/03/2024,Mesa Ajustável,Mobiliário,SP,Loja Física,3,"R$ 2.507,40","11,1%","R$ 8.218,33",sim,3.0
PED-102091,22/07/2024,Mouse Sem Fio,Periféricos,PR,Marketplace,4,"R$ 205,19","9,4%","R$ 814,60",nao,3.0
PED-102092,28/12/2024,"Monitor 27""",Periféricos,RJ,Marketplace,1,"R$ 1.552,09","0,2%","R$ 1.622,03",sim,4.0
PED-102093,10/03/2024,Webcam HD,Áudio,SP,E-commerce,1,"R$ 327,67","2,7%","R$ 391,83",sim,4.0
PED-102094,02/06/2025,Headset,Áudio,RJ,Televendas,1,"R$ 367,95","0,0%","R$ 519,51",nao,1.0
PED-102095,03/06/2025,Mouse Sem Fio,Periféricos,SP,Marketplace,3,"R$ 186,29","5,9%","R$ 742,62",sim,4.0
PED-102096,04/12/2024,Notebook Pro,Computadores,GO,Marketplace,4,"R$ 6.527,81","24,6%","R$ 20.605,55",sim,4.0
PED-102097,29/05/2025,Teclado Mecânico,Periféricos,SP,Loja Física,2,"R$ 409,30","0,6%","R$ 1.217,03",nao,4.0
PED-102098,01/10/2024,Teclado Mecânico,Periféricos,SP,Marketplace,3,"R$ 451,01","2,4%","R$ 1.178,57",nao,3.0
PED-102099,25/12/2024,"Monitor 27""",Periféricos,RS,Televendas,2,"R$ 1.327,41","8,7%","R$ 2.536,99",sim,
PED-102100,25/10/2024,Cadeira Ergo,Mobiliário,RJ,Televendas,7,"R$ 1.968,67","10,7%","R$ 10.985,05",sim,3.0
PED-102101,29/03/2024,"Monitor 27""",Periféricos,RJ,Loja Física,2,"R$ 1.272,73","11,4%","R$ 2.769,45",sim,1.0
PED-102102,22/04/2024,Teclado Mecânico,Periféricos,BA,,3,"R$ 402,42","3,3%","R$ 1.492,27",sim,3.0
PED-102103,12/12/2024,Mouse Sem Fio,Periféricos,SP,Televendas,2,"R$ 153,61","4,5%","R$ 306,93",sim,1.0
PED-102104,19/02/2024,Headset,Áudio,MG,Loja Física,1,"R$ 324,16","4,3%","R$ 349,93",sim,5.0
PED-102105,06/02/2025,Teclado Mecânico,Periféricos,CE,Loja Física,2,"R$ 378,43","10,9%","R$ 904,31",sim,4.0
PED-102106,24/07/2024,Mesa Ajustável,Mobiliário,PE,Loja Física,1,"R$ 2.329,21","13,4%","R$ 2.210,85",sim,1.0
PED-102107,01/10/2024,Mesa Ajustável,Mobiliário,SP,E-commerce,1,"R$ 2.568,08","0,0%","R$ 2.291,55",sim,2.0
PED-102108,28/07/2025,Mouse Sem Fio,Periféricos,SP,Televendas,1,"R$ 176,38","12,2%","R$ 199,50",sim,4.0
PED-102109,06/07/2025,"Monitor 27""",Periféricos,PR,Televendas,5,"R$ 1.639,50","9,4%","R$ 9.567,01",sim,2.0
PED-102110,27/10/2024,Headset,Áudio,SP,Loja Física,3,"R$ 345,38","7,1%","R$ 858,58",nao,5.0
PED-102111,06/09/2024,Teclado Mecânico,Periféricos,SP,Marketplace,3,"R$ 402,57","11,6%","R$ 974,92",sim,4.0
PED-102112,04/06/2025,"Monitor 27""",Periféricos,RJ,Televendas,2,"R$ 1.496,84","7,2%","R$ 3.922,21",sim,1.0
PED-102113,22/11/2024,Teclado Mecânico,Periféricos,RJ,Marketplace,1,"R$ 364,16","15,4%","R$ 289,27",sim,2.0
PED-102114,16/04/2025,Headset,Áudio,SP,E-commerce,5,"R$ 319,31","9,1%","R$ 2.196,53",sim,2.0
PED-102115,14/03/2024,Notebook Pro,Computadores,SP,Loja Física,1,"R$ 6.512,86","12,8%","R$ 6.979,86",sim,4.0
PED-102116,31/03/2025,Mouse Sem Fio,Periféricos,RJ,E-commerce,4,"R$ 177,51","10,5%","R$ 926,11",sim,5.0
PED-102117,26/12/2024,Headset,Áudio,MG,E-commerce,4,"R$ 367,80","11,4%","R$ 1.364,34",sim,2.0
PED-102118,15/05/2024,Mesa Ajustável,Mobiliário,RJ,Loja Física,3,"R$ 2.578,44","9,5%","R$ 8.863,66",sim,5.0
PED-102119,05/05/2025,Notebook Pro,Computadores,RS,Marketplace,3,"R$ 6.535,94","10,6%","R$ 26.216,03",sim,2.0
PED-102120,09/12/2024,Mouse Sem Fio,Periféricos,MG,Marketplace,1,"R$ 183,10","6,7%","R$ 178,77",sim,2.0
PED-102121,13/04/2025,Cadeira Ergo,Mobiliário,PR,E-commerce,1,"R$ 1.929,39","5,0%","R$ 2.771,50",sim,5.0
PED-102122,14/06/2025,Notebook Pro,Computadores,PE,E-commerce,2,"R$ 6.364,32","15,8%","R$ 15.131,42",sim,
PED-102123,13/06/2024,"Monitor 27""",Periféricos,SC,Televendas,1,"R$ 1.443,72","5,9%","R$ 1.627,82",nao,1.0
PED-102124,02/06/2025,Mesa Ajustável,Mobiliário,MG,E-commerce,4,"R$ 2.418,09","20,9%","R$ 10.800,89",sim,4.0
PED-102125,26/09/2025,Mouse Sem Fio,Periféricos,SP,Marketplace,3,"R$ 176,40","2,7%","R$ 550,32",sim,2.0
PED-102126,26/11/2024,Webcam HD,Áudio,SP,Televendas,4,"R$ 312,61","9,2%","R$ 1.066,69",sim,3.0
PED-102127,05/04/2025,Cadeira Ergo,Mobiliário,SP,Loja Física,4,"R$ 1.786,18","7,4%","R$ 10.008,83",sim,2.0
PED-102128,08/05/2025,Cadeira Ergo,Mobiliário,SP,E-commerce,1,"R$ 1.643,39","1,8%","R$ 2.414,06",nao,1.0
PED-102129,28/09/2024,Mesa Ajustável,Mobiliário,RJ,Televendas,2,"R$ 2.412,28","0,0%","R$ 4.405,24",nao,1.0
PED-102130,30/05/2025,Mesa Ajustável,Mobiliário,MG,Marketplace,3,"R$ 2.250,74","5,0%","R$ 9.589,81",sim,2.0
PED-102131,22/09/2024,Cadeira Ergo,Mobiliário,PR,Televendas,1,"R$ 1.981,97","11,9%","R$ 1.594,34",sim,2.0
PED-102132,20/07/2025,Notebook Pro,Computadores,RJ,Loja Física,1,"R$ 6.717,30","0,0%","R$ 8.651,88",sim,2.0
PED-102133,13/05/2025,Mouse Sem Fio,Periféricos,PR,E-commerce,2,"R$ 177,33","10,6%","R$ 474,32",sim,2.0
PED-102134,10/12/2024,Webcam HD,Áudio,SP,Televendas,2,"R$ 253,35","14,4%","R$ 454,14",sim,1.0
PED-102135,22/04/2024,Notebook Pro,Computadores,SP,Marketplace,2,"R$ 6.878,10","11,9%","R$ 15.501,22",nao,2.0
PED-102136,13/06/2025,Mesa Ajustável,Mobiliário,SP,Loja Física,3,"R$ 2.248,43","15,1%","R$ 8.082,69",sim,2.0
PED-102137,13/02/2025,Mesa Ajustável,Mobiliário,MG,Loja Física,1,"R$ 2.344,27","11,4%","R$ 2.783,75",sim,5.0
PED-102138,31/12/2024,Cadeira Ergo,Mobiliário,MG,Loja Física,1,"R$ 2.169,94","10,4%","R$ 2.035,11",sim,2.0
PED-102139,05/04/2025,Cadeira Ergo,Mobiliário,RS,E-commerce,6,"R$ 1.814,73","15,1%","R$ 13.976,89",nao,3.0
PED-102140,28/09/2025,Headset,Áudio,MG,E-commerce,2,"R$ 324,09","6,7%","R$ 645,85",sim,2.0
PED-102141,26/11/2024,Mesa Ajustável,Mobiliário,SC,Marketplace,2,"R$ 2.298,84","4,6%","R$ 4.118,23",nao,2.0
PED-102142,03/09/2024,Mouse Sem Fio,Periféricos,RJ,Marketplace,2,"R$ 182,27","12,6%","R$ 290,82",sim,4.0
PED-102143,12/07/2025,Teclado Mecânico,Periféricos,BA,E-commerce,1,"R$ 407,62","8,1%","R$ 482,34",nao,1.0
PED-102144,19/02/2025,"Monitor 27""",Periféricos,CE,Marketplace,3,"R$ 1.404,33","3,3%","R$ 5.463,83",sim,5.0
PED-102145,26/10/2024,Headset,Áudio,MG,Marketplace,3,"R$ 321,60","7,8%","R$ 793,77",nao,3.0
PED-102146,26/04/2024,Teclado Mecânico,Periféricos,MG,E-commerce,1,"R$ 431,09","11,5%","R$ 487,79",sim,2.0
PED-102147,24/10/2024,"Monitor 27""",Periféricos,SC,Marketplace,2,"R$ 1.394,01","2,1%","R$ 2.434,85",sim,1.0
PED-102148,22/08/2025,Webcam HD,Áudio,RS,Loja Física,2,"R$ 308,00","10,5%","R$ 640,18",nao,1.0
PED-102149,01/07/2024,Cadeira Ergo,Mobiliário,RJ,Televendas,4,"R$ 1.757,68","7,9%","R$ 7.096,56",sim,
PED-102150,05/09/2025,"Monitor 27""",Periféricos,RJ,Televendas,3,"R$ 1.393,21","1,7%","R$ 4.388,98",sim,2.0
PED-102151,11/08/2025,Mesa Ajustável,Mobiliário,PR,Televendas,5,"R$ 2.335,87","4,1%","R$ 12.999,43",sim,3.0
PED-102152,25/06/2025,"Monitor 27""",Periféricos,SP,Televendas,2,"R$ 1.412,22","9,2%","R$ 3.621,26",sim,5.0
PED-102153,21/07/2024,Cadeira Ergo,Mobiliário,CE,Loja Física,3,"R$ 1.951,73","7,5%","R$ 5.933,28",sim,3.0
PED-102154,23/05/2025,Mesa Ajustável,Mobiliário,SP,Televendas,1,"R$ 2.430,16","0,7%","R$ 3.607,30",sim,1.0
PED-102155,20/03/2025,Headset,Áudio,SP,E-commerce,3,"R$ 317,60","18,9%","R$ 1.126,67",nao,1.0
PED-102156,28/07/2025,Notebook Pro,Computadores,SP,Televendas,2,"R$ 7.307,36","15,3%","R$ 15.951,35",sim,3.0
PED-102157,18/09/2024,Mouse Sem Fio,Periféricos,PE,Loja Física,3,"R$ 199,58","8,0%","R$ 502,85",sim,4.0
PED-102158,31/01/2025,Cadeira Ergo,Mobiliário,SP,Marketplace,2,"R$ 1.840,90","7,9%","R$ 4.042,33",sim,1.0
PED-102159,21/08/2025,Teclado Mecânico,Periféricos,MG,Loja Física,1,"R$ 463,38","0,0%","R$ 537,78",sim,1.0
PED-102160,07/08/2025,Teclado Mecânico,Periféricos,SP,Marketplace,2,"R$ 383,83","8,2%","R$ 818,08",sim,2.0
PED-102161,29/08/2025,"Monitor 27""",Periféricos,SP,E-commerce,1,"R$ 1.580,65","11,3%","R$ 1.627,19",sim,1.0
PED-102162,05/03/2024,"Monitor 27""",Periféricos,SP,E-commerce,4,"R$ 1.398,56","11,9%","R$ 6.056,77",nao,4.0
PED-102163,20/01/2024,Mesa Ajustável,Mobiliário,RS,Marketplace,1,"R$ 2.354,31","8,7%","R$ 2.148,83",nao,3.0
PED-102164,01/03/2024,Mesa Ajustável,Mobiliário,RS,E-commerce,3,"R$ 2.192,56","10,0%","R$ 7.269,94",sim,5.0
PED-102165,28/09/2025,"Monitor 27""",Periféricos,RS,Televendas,7,"R$ 1.409,01","9,3%","R$ 9.562,40",sim,1.0
PED-102166,23/09/2024,Notebook Pro,Computadores,MG,Televendas,2,"R$ 6.597,86","6,4%","R$ 11.271,90",sim,3.0
PED-102167,22/01/2025,Teclado Mecânico,Periféricos,SP,Televendas,1,"R$ 385,50","4,1%","R$ 440,61",sim,4.0
PED-102168,23/09/2024,Notebook Pro,Computadores,RJ,E-commerce,4,"R$ 6.799,04","20,1%","R$ 19.844,90",sim,4.0
PED-102169,17/02/2024,Mouse Sem Fio,Periféricos,SP,E-commerce,2,"R$ 174,85","3,6%","R$ 380,15",sim,3.0
PED-102170,06/08/2025,Mouse Sem Fio,Periféricos,PR,E-commerce,1,"R$ 188,25","10,3%","R$ 196,03",sim,5.0
PED-102171,14/11/2024,Headset,Áudio,BA,Televendas,3,"R$ 337,13","8,6%","R$ 867,62",sim,1.0
PED-102172,14/07/2024,Headset,Áudio,SP,Loja Física,1,"R$ 303,93","14,6%","R$ 284,53",sim,2.0
PED-102173,01/02/2024,Notebook Pro,Computadores,BA,E-commerce,4,"R$ 7.562,34","9,5%","R$ 30.857,94",nao,4.0
PED-102174,15/03/2024,Cadeira Ergo,Mobiliário,PE,Marketplace,3,"R$ 2.117,04","12,0%","R$ 6.868,33",nao,2.0
PED-102175,17/12/2024,Notebook Pro,Computadores,GO,E-commerce,2,"R$ 6.565,39","13,2%","R$ 11.927,87",sim,1.0
PED-102176,06/05/2025,Cadeira Ergo,Mobiliário,RJ,E-commerce,1,"R$ 2.008,48","16,6%","R$ 2.505,11",nao,2.0
PED-102177,28/04/2024,Mouse Sem Fio,Periféricos,SC,Marketplace,1,"R$ 169,28","15,4%","R$ 183,15",nao,1.0
PED-102178,05/12/2024,Mesa Ajustável,Mobiliário,RS,Marketplace,1,"R$ 2.334,22","9,6%","R$ 2.208,53",sim,2.0
PED-102179,23/08/2024,Cadeira Ergo,Mobiliário,PE,E-commerce,4,"R$ 1.965,57","14,5%","R$ 3.859,93",sim,2.0
PED-102180,22/02/2025,Mesa Ajustável,Mobiliário,RS,Marketplace,1,"R$ 2.460,85","3,1%","R$ 3.196,92",sim,5.0
PED-102181,14/07/2024,Headset,Áudio,RJ,E-commerce,3,"R$ 339,27","11,3%","R$ 989,54",sim,2.0
PED-102182,19/07/2025,Mesa Ajustável,Mobiliário,RS,Marketplace,2,"R$ 2.529,57","4,3%","R$ 6.237,38",sim,4.0
PED-102183,20/01/2025,Webcam HD,Áudio,SP,E-commerce,1,"R$ 303,09","11,3%","R$ 320,55",sim,2.0
PED-102184,22/04/2024,Headset,Áudio,SP,Marketplace,3,"R$ 342,56","2,2%","R$ 1.284,75",sim,3.0
PED-102185,10/06/2025,Mouse Sem Fio,Periféricos,RS,Televendas,2,"R$ 172,26","7,1%","R$ 451,79",nao,2.0
PED-102186,16/02/2025,Headset,Áudio,RS,Loja Física,4,"R$ 335,39","8,6%","R$ 1.644,02",sim,5.0
PED-102187,22/08/2025,Mesa Ajustável,Mobiliário,RJ,Marketplace,2,"R$ 2.447,63","10,2%","R$ 5.099,21",nao,3.0
PED-102188,13/08/2025,Mouse Sem Fio,Periféricos,MG,Loja Física,5,"R$ 174,73","8,7%","R$ 926,16",nao,2.0
PED-102189,29/07/2024,Teclado Mecânico,Periféricos,RJ,E-commerce,3,"R$ 431,30","9,1%","R$ 1.288,75",sim,4.0
PED-102190,19/03/2025,Headset,Áudio,RJ,Loja Física,2,"R$ 324,90","11,3%","R$ 840,32",sim,5.0
PED-102191,30/12/2024,Headset,Áudio,SP,Loja Física,3,"R$ 321,33","5,8%","R$ 950,14",sim,3.0
PED-102192,04/10/2024,Mesa Ajustável,Mobiliário,SC,Loja Física,1,"R$ 2.385,65","5,5%","R$ 2.011,39",nao,4.0
PED-102193,04/01/2024,"Monitor 27""",Periféricos,RJ,Marketplace,1,"R$ 1.492,66","10,6%","R$ 1.334,86",nao,1.0
PED-102194,04/06/2025,"Monitor 27""",Periféricos,MG,Loja Física,2,"R$ 1.354,03","4,2%","R$ 3.662,58",sim,5.0
PED-102195,26/08/2024,Cadeira Ergo,Mobiliário,PR,E-commerce,2,"R$ 2.027,65","6,0%","R$ 2.187,87",sim,1.0
PED-102196,13/02/2024,Cadeira Ergo,Mobiliário,RS,Televendas,3,"R$ 2.067,17","9,8%","R$ 6.308,41",nao,1.0
PED-102197,06/09/2025,Cadeira Ergo,Mobiliário,SP,Loja Física,3,"R$ 1.876,31","10,5%","R$ 5.382,95",sim,
PED-102198,13/09/2024,Headset,Áudio,MG,Televendas,2,"R$ 321,42","10,8%","R$ 523,34",nao,2.0
PED-102199,17/03/2024,Cadeira Ergo,Mobiliário,SP,Televendas,1,"R$ 1.966,22","14,1%","R$ 2.075,14",sim,2.0
PED-102200,06/10/2024,Cadeira Ergo,Mobiliário,SP,Loja Física,1,"R$ 1.790,32","14,0%","R$ 1.374,46",nao,1.0
PED-102201,10/07/2025,Webcam HD,Áudio,SP,Televendas,2,"R$ 270,37","11,6%","R$ 615,89",sim,2.0
PED-102202,24/04/2025,"Monitor 27""",Periféricos,SP,Loja Física,2,"R$ 1.532,19","0,0%","R$ 4.635,81",nao,3.0
PED-102203,21/02/2025,"Monitor 27""",Periféricos,PE,Loja Física,1,"R$ 1.333,93","7,3%","R$ 1.658,35",sim,1.0
PED-102204,09/07/2024,Headset,Áudio,RJ,Televendas,2,"R$ 321,02","9,8%","R$ 634,48",sim,4.0
PED-102205,07/07/2024,Webcam HD,Áudio,MG,Marketplace,2,"R$ 309,75","1,8%","R$ 666,71",nao,5.0
PED-102206,16/06/2024,Webcam HD,Áudio,PE,Loja Física,1,"R$ 281,71","12,0%","R$ 297,11",nao,5.0
PED-102207,13/05/2025,Teclado Mecânico,Periféricos,RJ,Loja Física,2,"R$ 397,94","0,5%","R$ 1.183,77",sim,2.0
PED-102208,30/05/2025,Teclado Mecânico,Periféricos,RJ,Loja Física,1,"R$ 408,15","2,5%","R$ 595,17",sim,5.0
PED-102209,04/07/2024,Webcam HD,Áudio,SP,E-commerce,2,"R$ 284,03","4,5%","R$ 594,82",nao,3.0
PED-102210,11/07/2024,Teclado Mecânico,Periféricos,RJ,Loja Física,2,"R$ 410,58","7,6%","R$ 832,03",nao,3.0
PED-102211,26/07/2025,Mouse Sem Fio,Periféricos,RJ,Marketplace,2,"R$ 181,87","10,1%","R$ 421,11",sim,1.0
PED-102212,15/09/2025,Headset,Áudio,CE,E-commerce,5,"R$ 309,77","6,2%","R$ 1.552,77",sim,3.0
PED-102213,22/02/2024,Mouse Sem Fio,Periféricos,BA,Televendas,1,"R$ 185,99","9,1%","R$ 190,65",sim,4.0
PED-102214,12/06/2024,Cadeira Ergo,Mobiliário,PE,,1,"R$ 1.977,13","8,4%","R$ 2.171,79",sim,4.0
PED-102215,17/03/2024,Mesa Ajustável,Mobiliário,SP,E-commerce,2,"R$ 2.339,43","11,2%","R$ 5.106,67",sim,4.0
PED-102216,17/08/2024,Cadeira Ergo,Mobiliário,SC,E-commerce,1,"R$ 1.921,28","14,1%","R$ 947,75",sim,4.0
PED-102217,25/04/2025,Mouse Sem Fio,Periféricos,RS,Televendas,4,"R$ 186,23","15,2%","R$ 955,51",sim,1.0
PED-102218,10/01/2025,Mouse Sem Fio,Periféricos,PR,E-commerce,2,"R$ 162,80","2,7%","R$ 377,69",nao,5.0
PED-102219,14/10/2024,"Monitor 27""",Periféricos,SC,Televendas,1,"R$ 1.447,79","4,3%","R$ 1.236,07",nao,1.0
PED-102220,12/05/2024,Cadeira Ergo,Mobiliário,SC,,1,"R$ 1.840,78","24,6%","R$ 1.759,03",sim,2.0
PED-102221,04/04/2024,Mesa Ajustável,Mobiliário,BA,Marketplace,2,"R$ 2.525,05","0,1%","R$ 6.448,51",sim,3.0
PED-102222,01/05/2025,Notebook Pro,Computadores,PE,Marketplace,2,"R$ 6.911,51","13,0%","R$ 17.975,00",nao,4.0
PED-102223,24/11/2024,Notebook Pro,Computadores,RJ,E-commerce,2,"R$ 6.652,80","11,3%","R$ 11.086,86",nao,4.0
PED-102224,14/01/2024,Notebook Pro,Computadores,PR,Televendas,1,"R$ 6.732,08","0,4%","R$ 6.705,39",nao,4.0
PED-102225,09/07/2024,Teclado Mecânico,Periféricos,RS,Televendas,2,"R$ 407,44","7,1%","R$ 829,45",sim,5.0
PED-102226,10/03/2025,Mesa Ajustável,Mobiliário,PR,Marketplace,1,"R$ 2.271,32","7,3%","R$ 3.068,39",sim,1.0
PED-102227,17/12/2024,Cadeira Ergo,Mobiliário,CE,Loja Física,3,"R$ 1.735,24","1,7%","R$ 5.356,87",sim,1.0
PED-102228,11/04/2025,"Monitor 27""",Periféricos,SC,Marketplace,1,"R$ 1.499,55","9,5%","R$ 2.052,64",nao,5.0
PED-102229,20/04/2025,Cadeira Ergo,Mobiliário,SC,Loja Física,2,"R$ 1.937,16","14,0%","R$ 5.038,13",sim,5.0
PED-102230,12/03/2024,Webcam HD,Áudio,RS,E-commerce,2,"R$ 308,44","2,8%","R$ 736,37",nao,5.0
PED-102231,02/07/2025,Webcam HD,Áudio,SP,E-commerce,2,"R$ 250,65","0,0%","R$ 645,68",sim,2.0
PED-102232,17/01/2025,Webcam HD,Áudio,SP,Marketplace,1,"R$ 240,02","6,1%","R$ 268,54",nao,1.0
PED-102233,07/02/2024,Headset,Áudio,MG,Marketplace,3,"R$ 322,03","6,7%","R$ 1.016,74",sim,3.0
PED-102234,04/09/2025,Mesa Ajustável,Mobiliário,CE,Televendas,3,"R$ 2.278,34","7,4%","R$ 6.764,31",sim,5.0
PED-102235,14/01/2025,Mesa Ajustável,Mobiliário,BA,Marketplace,5,"R$ 2.303,57","5,2%","R$ 13.014,01",sim,1.0
PED-102236,01/06/2024,Teclado Mecânico,Periféricos,SP,E-commerce,1,"R$ 393,45","7,7%","R$ 435,23",sim,5.0
PED-102237,21/09/2025,Teclado Mecânico,Periféricos,RS,Loja Física,3,"R$ 422,47","8,9%","R$ 1.233,14",sim,4.0
PED-102238,22/01/2024,Mouse Sem Fio,Periféricos,RS,Televendas,2,"R$ 171,82","5,4%","R$ 325,04",nao,1.0
PED-102239,21/10/2024,Webcam HD,Áudio,SC,Loja Física,2,"R$ 292,45","1,0%","R$ 516,86",sim,4.0
PED-102240,26/01/2024,Mesa Ajustável,Mobiliário,PR,Televendas,2,"R$ 2.716,53","4,6%","R$ 5.183,19",sim,3.0
PED-102241,07/05/2025,Teclado Mecânico,Periféricos,SP,E-commerce,3,"R$ 419,64","7,6%","R$ 1.738,61",sim,3.0
PED-102242,10/05/2025,Mesa Ajustável,Mobiliário,SC,E-commerce,2,"R$ 2.211,23","0,3%","R$ 6.595,90",sim,
PED-102243,03/03/2024,Mesa Ajustável,Mobiliário,RS,E-commerce,3,"R$ 2.202,34","5,6%","R$ 7.666,49",sim,3.0
PED-102244,05/07/2024,Mesa Ajustável,Mobiliário,SP,Televendas,1,"R$ 2.544,76","15,2%","R$ 2.365,62",nao,2.0
PED-102245,13/07/2025,"Monitor 27""",Periféricos,RS,Televendas,4,"R$ 1.440,96","9,1%","R$ 6.750,85",sim,2.0
PED-102246,16/06/2024,Teclado Mecânico,Periféricos,BA,E-commerce,3,"R$ 420,39","9,5%","R$ 1.368,72",nao,4.0
PED-102247,07/01/2025,Cadeira Ergo,Mobiliário,MG,Loja Física,1,"R$ 2.004,80","14,7%","R$ 2.038,79",sim,2.0
PED-102248,14/12/2024,Headset,Áudio,RJ,Televendas,1,"R$ 328,25","0,0%","R$ 343,56",sim,5.0
PED-102249,22/07/2025,Cadeira Ergo,Mobiliário,SP,E-commerce,4,"R$ 2.013,96","8,3%","R$ 9.515,69",nao,3.0
PED-102250,21/04/2025,Notebook Pro,Computadores,SC,Marketplace,5,"R$ 7.131,15","11,3%","R$ 47.841,15",sim,5.0
PED-102251,18/05/2025,Cadeira Ergo,Mobiliário,GO,Loja Física,4,"R$ 1.946,65","12,9%","R$ 10.140,27",sim,3.0
PED-102252,27/02/2024,Webcam HD,Áudio,RJ,E-commerce,2,"R$ 326,16","1,7%","R$ 723,36",sim,3.0
PED-102253,10/07/2025,"Monitor 27""",Periféricos,SP,E-commerce,1,"R$ 1.348,07","13,5%","R$ 1.502,31",sim,3.0
PED-102254,17/10/2024,Mesa Ajustável,Mobiliário,SP,Televendas,1,"R$ 2.376,69","8,8%","R$ 1.934,17",sim,1.0
PED-102255,06/02/2024,"Monitor 27""",Periféricos,SP,Televendas,1,"R$ 1.449,37","17,8%","R$ 1.344,05",nao,1.0
PED-102256,02/03/2024,Webcam HD,Áudio,RJ,E-commerce,3,"R$ 296,14","8,6%","R$ 998,06",sim,2.0
PED-102257,02/04/2025,Headset,Áudio,RJ,Televendas,1,"R$ 306,52","7,7%","R$ 427,87",nao,3.0
PED-102258,22/07/2025,"Monitor 27""",Periféricos,GO,Televendas,1,"R$ 1.524,04","4,7%","R$ 1.871,49",nao,4.0
PED-102259,06/05/2024,Cadeira Ergo,Mobiliário,SP,E-commerce,3,"R$ 1.920,15","11,7%","R$ 6.444,33",sim,2.0
PED-102260,07/07/2024,"Monitor 27""",Periféricos,BA,Televendas,1,"R$ 1.529,83","9,7%","R$ 1.514,72",nao,4.0
PED-102261,19/06/2024,"Monitor 27""",Periféricos,MG,Televendas,3,"R$ 1.472,89","3,1%","R$ 5.133,01",nao,2.0
PED-102262,24/07/2025,Cadeira Ergo,Mobiliário,SP,E-commerce,2,"R$ 1.731,20","6,9%","R$ 4.151,59",sim,5.0
PED-102263,26/07/2024,Mesa Ajustável,Mobiliário,RS,Marketplace,3,"R$ 2.085,71","13,1%","R$ 5.962,39",sim,4.0
PED-102264,20/02/2025,Cadeira Ergo,Mobiliário,SP,Marketplace,1,"R$ 1.929,59","3,4%","R$ 2.499,61",nao,2.0
PED-102265,13/01/2025,Notebook Pro,Computadores,SC,Televendas,4,"R$ 7.634,77","4,6%","R$ 34.713,14",sim,2.0
PED-102266,19/09/2024,Webcam HD,Áudio,SP,Televendas,2,"R$ 297,75","13,8%","R$ 468,82",sim,2.0
PED-102267,05/02/2025,"Monitor 27""",Periféricos,RJ,Marketplace,1,"R$ 1.357,73","6,2%","R$ 1.706,91",nao,3.0
PED-102268,11/05/2024,Notebook Pro,Computadores,SP,,1,"R$ 6.142,50","7,4%","R$ 7.208,27",sim,1.0
PED-102269,19/08/2025,Mouse Sem Fio,Periféricos,SP,Televendas,1,"R$ 182,30","6,3%","R$ 198,15",nao,2.0
PED-102270,09/08/2025,Notebook Pro,Computadores,RJ,Televendas,2,"R$ 6.310,52","5,5%","R$ 13.835,82",sim,2.0
PED-102271,09/01/2024,Teclado Mecânico,Periféricos,SP,Televendas,5,"R$ 419,58","12,5%","R$ 1.835,14",sim,5.0
PED-102272,04/11/2024,Notebook Pro,Computadores,BA,Marketplace,5,"R$ 6.391,69","8,3%","R$ 27.505,92",nao,4.0
PED-102273,03/05/2024,Notebook Pro,Computadores,SC,Loja Física,1,"R$ 7.119,94","12,6%","R$ 7.886,75",sim,1.0
PED-102274,14/10/2024,Notebook Pro,Computadores,RJ,Loja Física,3,"R$ 6.713,25","5,2%","R$ 17.033,01",sim,3.0
PED-102275,19/08/2024,Teclado Mecânico,Periféricos,RJ,Marketplace,1,"R$ 449,03","10,6%","R$ 230,42",sim,5.0
PED-102276,13/07/2025,Cadeira Ergo,Mobiliário,RS,Loja Física,3,"R$ 1.891,82","0,0%","R$ 7.309,99",nao,4.0
PED-102277,07/06/2025,Webcam HD,Áudio,BA,Loja Física,1,"R$ 285,02","14,2%","R$ 345,19",sim,1.0
PED-102278,02/07/2024,Mouse Sem Fio,Periféricos,MG,Televendas,6,"R$ 195,62","11,3%","R$ 1.140,54",nao,2.0
PED-102279,17/12/2024,Cadeira Ergo,Mobiliário,RJ,Marketplace,4,"R$ 1.937,96","9,1%","R$ 7.373,03",sim,4.0
PED-102280,07/09/2024,Mesa Ajustável,Mobiliário,SC,Loja Física,3,"R$ 2.329,21","6,1%","R$ 5.990,58",nao,1.0
PED-102281,23/11/2024,Headset,Áudio,GO,Marketplace,2,"R$ 337,83","4,5%","R$ 605,57",sim,2.0
PED-102282,01/08/2025,Headset,Áudio,SP,Televendas,3,"R$ 320,92","10,3%","R$ 1.002,24",sim,3.0
PED-102283,01/05/2025,"Monitor 27""",Periféricos,SP,Loja Física,3,"R$ 1.451,74","9,6%","R$ 5.885,55",sim,2.0
PED-102284,03/02/2024,Cadeira Ergo,Mobiliário,RS,E-commerce,3,"R$ 1.875,55","10,2%","R$ 5.696,83",sim,2.0
PED-102285,23/02/2025,Webcam HD,Áudio,BA,E-commerce,6,"R$ 291,70","11,7%","R$ 2.071,88",sim,2.0
PED-102286,08/05/2025,Cadeira Ergo,Mobiliário,SP,Loja Física,4,"R$ 2.102,40","6,1%","R$ 11.802,20",sim,2.0
PED-102287,04/07/2024,Notebook Pro,Computadores,SP,E-commerce,3,"R$ 6.647,45","5,2%","R$ 20.721,97",sim,4.0
PED-102288,18/04/2025,Teclado Mecânico,Periféricos,SP,Televendas,1,"R$ 432,39","0,0%","R$ 654,12",sim,1.0
PED-102289,25/02/2024,Mouse Sem Fio,Periféricos,SP,Loja Física,1,"R$ 164,80","7,3%","R$ 172,22",sim,3.0
PED-102290,29/02/2024,Mouse Sem Fio,Periféricos,RS,E-commerce,4,"R$ 180,38","10,3%","R$ 729,57",sim,1.0
PED-102291,22/10/2024,Headset,Áudio,PE,E-commerce,1,"R$ 329,78","11,4%","R$ 260,79",sim,5.0
PED-102292,21/09/2024,Mesa Ajustável,Mobiliário,BA,Marketplace,1,"R$ 2.194,85","2,4%","R$ 1.956,02",sim,4.0
PED-102293,17/07/2025,Teclado Mecânico,Periféricos,MG,Marketplace,2,"R$ 405,69","9,3%","R$ 948,38",nao,5.0
PED-102294,12/06/2025,Cadeira Ergo,Mobiliário,MG,Loja Física,1,"R$ 2.007,88","12,7%","R$ 2.473,88",nao,3.0
PED-102295,17/01/2025,Mesa Ajustável,Mobiliário,MG,Marketplace,1,"R$ 2.296,89","3,2%","R$ 2.650,64",sim,5.0
PED-102296,13/12/2024,Teclado Mecânico,Periféricos,CE,Loja Física,2,"R$ 415,00","7,6%","R$ 802,27",nao,2.0
PED-102297,04/02/2024,Webcam HD,Áudio,SC,Loja Física,1,"R$ 289,23","6,3%","R$ 305,54",sim,3.0
PED-102298,01/05/2024,Notebook Pro,Computadores,SC,E-commerce,2,"R$ 6.999,78","2,2%","R$ 17.336,98",sim,2.0
PED-102299,08/10/2024,Headset,Áudio,GO,E-commerce,2,"R$ 347,11","11,2%","R$ 550,08",sim,2.0
PED-102300,28/09/2024,Webcam HD,Áudio,SP,E-commerce,8,"R$ 293,51","11,4%","R$ 1.899,45",nao,1.0
PED-102301,03/09/2024,Headset,Áudio,RS,Televendas,4,"R$ 335,54","4,8%","R$ 1.167,23",nao,3.0
PED-102302,16/11/2024,Teclado Mecânico,Periféricos,MG,Televendas,2,"R$ 358,57","5,9%","R$ 633,80",sim,4.0
PED-102303,07/01/2025,"Monitor 27""",Periféricos,RJ,,3,"R$ 1.507,26","10,2%","R$ 4.841,02",sim,1.0
PED-102304,06/09/2024,Teclado Mecânico,Periféricos,PR,Loja Física,3,"R$ 440,47","14,8%","R$ 1.027,66",sim,3.0
PED-102305,10/01/2025,"Monitor 27""",Periféricos,RS,E-commerce,5,"R$ 1.433,28","5,7%","R$ 8.057,51",sim,2.0
PED-102306,09/03/2024,Cadeira Ergo,Mobiliário,PR,E-commerce,2,"R$ 2.073,39","12,0%","R$ 4.483,32",sim,2.0
PED-102307,31/08/2025,Mouse Sem Fio,Periféricos,SC,Televendas,1,"R$ 181,48","7,4%","R$ 194,97",nao,
PED-102308,27/11/2024,Notebook Pro,Computadores,SP,Televendas,2,"R$ 7.407,81","12,3%","R$ 12.202,62",nao,4.0
PED-102309,04/08/2024,Mesa Ajustável,Mobiliário,RJ,E-commerce,1,"R$ 2.289,60","16,7%","R$ 1.094,74",sim,4.0
PED-102310,10/10/2024,Cadeira Ergo,Mobiliário,BA,Marketplace,4,"R$ 1.808,08","4,5%","R$ 6.163,06",sim,5.0
PED-102311,18/09/2024,Mouse Sem Fio,Periféricos,PR,Televendas,2,"R$ 168,99","4,9%","R$ 293,46",nao,1.0
PED-102312,02/07/2024,Webcam HD,Áudio,BA,Televendas,5,"R$ 293,96","10,6%","R$ 1.439,82",nao,3.0
PED-102313,27/01/2025,Webcam HD,Áudio,SP,Loja Física,1,"R$ 325,63","6,7%","R$ 361,99",sim,5.0
PED-102314,21/07/2025,"Monitor 27""",Periféricos,SP,Marketplace,5,"R$ 1.392,70","9,0%","R$ 8.159,07",sim,3.0
PED-102315,21/07/2025,Headset,Áudio,SP,Marketplace,4,"R$ 310,88","7,7%","R$ 1.477,60",nao,2.0
PED-102316,16/04/2024,"Monitor 27""",Periféricos,RJ,Loja Física,1,"R$ 1.273,79","2,4%","R$ 1.589,90",sim,1.0
PED-102317,27/03/2025,Webcam HD,Áudio,SP,Televendas,3,"R$ 290,72","8,3%","R$ 1.165,15",sim,5.0
PED-102318,27/04/2025,Mouse Sem Fio,Periféricos,SP,Televendas,1,"R$ 188,04","6,6%","R$ 265,57",sim,2.0
PED-102319,28/10/2024,Cadeira Ergo,Mobiliário,SP,E-commerce,1,"R$ 1.855,69","0,7%","R$ 1.644,51",sim,1.0
PED-102320,16/03/2025,Mesa Ajustável,Mobiliário,GO,E-commerce,3,"R$ 2.538,46","9,2%","R$ 10.080,98",nao,3.0
PED-102321,05/06/2025,Mesa Ajustável,Mobiliário,MG,Televendas,2,"R$ 2.261,38","10,3%","R$ 5.728,91",sim,3.0
PED-102322,07/03/2024,Mesa Ajustável,Mobiliário,PR,Marketplace,3,"R$ 2.433,45","0,0%","R$ 8.969,38",sim,1.0
PED-102323,06/11/2024,"Monitor 27""",Periféricos,SP,Loja Física,1,"R$ 1.504,89","7,5%","R$ 1.306,65",nao,1.0
PED-102324,21/01/2024,Teclado Mecânico,Periféricos,RJ,Televendas,3,"R$ 400,61","11,5%","R$ 1.063,97",sim,3.0
PED-102325,08/09/2025,Notebook Pro,Computadores,SP,Televendas,2,"R$ 7.320,08","8,4%","R$ 14.335,38",sim,5.0
PED-102326,04/12/2024,Webcam HD,Áudio,RJ,Televendas,1,"R$ 284,35","1,1%","R$ 294,45",nao,4.0
PED-102327,29/06/2024,"Monitor 27""",Periféricos,SC,,2,"R$ 1.398,03","3,4%","R$ 980.000,00",sim,4.0
PED-102328,10/02/2024,Teclado Mecânico,Periféricos,RJ,Marketplace,3,"R$ 405,34","6,6%","R$ 1.280,39",sim,1.0
PED-102329,22/03/2024,Teclado Mecânico,Periféricos,PR,Marketplace,1,"R$ 407,17","8,2%","R$ 459,09",sim,2.0
PED-102330,29/06/2024,Mesa Ajustável,Mobiliário,MG,Televendas,3,"R$ 2.289,17","6,0%","R$ 7.741,56",sim,5.0
PED-102331,15/06/2025,Mesa Ajustável,Mobiliário,SP,Loja Física,3,"R$ 2.521,44","5,8%","R$ 10.064,96",sim,3.0
PED-102332,20/09/2025,Headset,Áudio,SC,E-commerce,4,"R$ 356,25","10,4%","R$ 1.363,69",sim,1.0
PED-102333,09/07/2024,Notebook Pro,Computadores,SP,Marketplace,2,"R$ 6.598,86","5,6%","R$ 13.661,60",nao,5.0
PED-102334,05/08/2024,Mesa Ajustável,Mobiliário,PR,Marketplace,3,"R$ 2.264,46","7,0%","R$ 3.626,06",sim,4.0
PED-102335,26/06/2025,Cadeira Ergo,Mobiliário,RS,E-commerce,1,"R$ 1.964,47","5,3%","R$ 2.627,45",sim,3.0
PED-102336,05/03/2024,Cadeira Ergo,Mobiliário,CE,Loja Física,2,"R$ 1.857,23","7,3%","R$ 4.230,06",nao,4.0
PED-102337,25/01/2025,"Monitor 27""",Periféricos,SP,E-commerce,2,"R$ 1.450,77","16,6%","R$ 2.883,49",nao,3.0
PED-102338,18/01/2025,Mouse Sem Fio,Periféricos,RJ,Marketplace,2,"R$ 169,54","18,0%","R$ 331,35",sim,1.0
PED-102339,21/11/2024,Mouse Sem Fio,Periféricos,RJ,Televendas,3,"R$ 172,04","3,3%","R$ 468,59",sim,4.0
PED-102340,18/06/2025,Mesa Ajustável,Mobiliário,RJ,Televendas,1,"R$ 2.600,46","14,1%","R$ 3.155,08",sim,2.0
PED-102341,25/02/2024,Cadeira Ergo,Mobiliário,PE,E-commerce,2,"R$ 2.083,74","8,1%","R$ 4.319,74",sim,4.0
PED-102342,01/07/2024,"Monitor 27""",Periféricos,SP,Marketplace,2,"R$ 1.463,84","5,7%","R$ 3.026,33",nao,5.0
PED-102343,18/05/2025,"Monitor 27""",Periféricos,CE,Televendas,1,"R$ 1.563,79","11,1%","R$ 2.079,04",sim,2.0
PED-102344,12/07/2024,Webcam HD,Áudio,SC,Televendas,4,"R$ 287,14","11,4%","R$ 1.115,30",nao,3.0
PED-102345,12/02/2024,Teclado Mecânico,Periféricos,PR,Loja Física,5,"R$ 421,18","12,0%","R$ 2.091,11",nao,2.0
PED-102346,19/10/2024,Cadeira Ergo,Mobiliário,RJ,Marketplace,2,"R$ 2.035,16","4,6%","R$ 3.463,99",sim,3.0
PED-102347,09/09/2025,Cadeira Ergo,Mobiliário,RJ,Marketplace,1,"R$ 2.045,46","6,7%","R$ 2.039,47",sim,1.0
PED-102348,20/05/2025,Mesa Ajustável,Mobiliário,RJ,E-commerce,1,"R$ 2.586,32","6,2%","R$ 3.625,77",sim,1.0
PED-102349,15/07/2025,Mouse Sem Fio,Periféricos,SP,E-commerce,1,"R$ 176,22","0,5%","R$ 225,85",sim,4.0
PED-102350,01/07/2024,Notebook Pro,Computadores,SC,Marketplace,4,"R$ 6.584,12","8,8%","R$ 26.320,86",sim,3.0
PED-102351,12/07/2024,"Monitor 27""",Periféricos,RJ,Loja Física,2,"R$ 1.341,76","8,7%","R$ 2.685,59",sim,5.0
PED-102352,08/04/2024,Mesa Ajustável,Mobiliário,SP,Marketplace,2,"R$ 2.394,86","0,3%","R$ 6.104,04",sim,2.0
PED-102353,22/03/2024,Cadeira Ergo,Mobiliário,RS,E-commerce,2,"R$ 1.907,54","10,0%","R$ 4.219,13",sim,3.0
PED-102354,27/06/2024,"Monitor 27""",Periféricos,GO,Loja Física,1,"R$ 1.548,82","7,2%","R$ 1.722,54",nao,2.0
PED-102355,20/07/2025,Mouse Sem Fio,Periféricos,SC,E-commerce,3,"R$ 181,63","10,9%","R$ 625,17",sim,3.0
PED-102356,08/03/2025,Teclado Mecânico,Periféricos,MG,Marketplace,2,"R$ 463,25","9,0%","R$ 1.228,06",sim,3.0
PED-102357,03/11/2024,"Monitor 27""",Periféricos,SP,Loja Física,1,"R$ 1.385,69","0,4%","R$ 1.296,18",nao,1.0
PED-102358,28/10/2024,Webcam HD,Áudio,RJ,Televendas,2,"R$ 282,64","4,8%","R$ 480,26",sim,1.0
PED-102359,20/03/2024,"Monitor 27""",Periféricos,CE,E-commerce,2,"R$ 1.313,48","14,7%","R$ 2.751,80",sim,2.0
PED-102360,09/11/2024,Mesa Ajustável,Mobiliário,RS,Marketplace,2,"R$ 2.275,26","6,7%","R$ 3.988,20",sim,4.0
PED-102361,15/11/2024,Cadeira Ergo,Mobiliário,SP,Marketplace,2,"R$ 1.969,73","10,1%","R$ 3.327,36",sim,2.0
PED-102362,05/05/2025,Mesa Ajustável,Mobiliário,SP,Loja Física,1,"R$ 2.431,53","6,9%","R$ 3.385,47",sim,4.0
PED-102363,06/06/2024,Teclado Mecânico,Periféricos,SP,Televendas,4,"R$ 374,48","10,3%","R$ 1.610,22",sim,4.0
PED-102364,06/07/2025,Teclado Mecânico,Periféricos,MG,Televendas,1,"R$ 391,05","14,5%","R$ 430,55",nao,4.0
PED-102365,18/09/2024,Webcam HD,Áudio,CE,Loja Física,1,"R$ 315,06","6,1%","R$ 270,25",nao,5.0
PED-102366,07/02/2024,Cadeira Ergo,Mobiliário,SC,E-commerce,2,"R$ 1.928,23","4,4%","R$ 4.159,64",sim,2.0
PED-102367,13/02/2025,Headset,Áudio,SP,Marketplace,5,"R$ 323,36","13,9%","R$ 1.866,35",nao,5.0
PED-102368,22/01/2025,Headset,Áudio,RS,Loja Física,2,"R$ 344,88","8,6%","R$ 751,37",nao,4.0
PED-102369,08/08/2025,"Monitor 27""",Periféricos,SP,Marketplace,1,"R$ 1.549,50","7,4%","R$ 1.665,43",sim,3.0
PED-102370,19/12/2024,Mouse Sem Fio,Periféricos,SP,Marketplace,2,"R$ 185,89","4,1%","R$ 373,13",sim,3.0
PED-102371,27/05/2025,Notebook Pro,Computadores,SP,Televendas,3,"R$ 7.072,85","8,7%","R$ 28.974,50",nao,5.0
PED-102372,02/06/2024,Cadeira Ergo,Mobiliário,GO,Marketplace,5,"R$ 1.838,19","6,9%","R$ 10.257,56",sim,4.0
PED-102373,13/04/2024,Mesa Ajustável,Mobiliário,SP,Loja Física,2,"R$ 2.365,35","12,0%","R$ 5.322,35",nao,2.0
PED-102374,15/02/2025,Mouse Sem Fio,Periféricos,SP,Marketplace,1,"R$ 170,07","7,0%","R$ 211,99",sim,5.0
PED-102375,01/11/2024,Webcam HD,Áudio,RJ,Televendas,1,"R$ 286,35","11,6%","R$ 237,64",nao,2.0
PED-102376,22/05/2025,Webcam HD,Áudio,CE,Televendas,2,"R$ 315,73","14,5%","R$ 806,87",sim,1.0
PED-102377,10/11/2024,Notebook Pro,Computadores,GO,E-commerce,1,"R$ 7.036,39","1,3%","R$ 6.521,45",nao,3.0
PED-102378,24/05/2025,Cadeira Ergo,Mobiliário,MG,Marketplace,1,"R$ 2.021,97","3,5%","R$ 2.918,43",sim,4.0
PED-102379,25/09/2025,Mouse Sem Fio,Periféricos,MG,Televendas,3,"R$ 188,78","0,0%","R$ 605,14",nao,5.0
PED-102380,11/09/2025,Mouse Sem Fio,Periféricos,SP,Televendas,2,"R$ 185,93","12,0%","R$ 349,51",sim,3.0
PED-102381,25/02/2024,Mesa Ajustável,Mobiliário,RJ,Loja Física,3,"R$ 2.462,51","14,1%","R$ 7.155,37",sim,2.0
PED-102382,12/09/2025,Mesa Ajustável,Mobiliário,CE,E-commerce,3,"R$ 2.302,83","8,1%","R$ 6.783,04",nao,4.0
PED-102383,22/11/2024,Headset,Áudio,RS,Marketplace,1,"R$ 356,73","2,1%","R$ 327,87",nao,2.0
PED-102384,27/08/2024,Teclado Mecânico,Periféricos,BA,Televendas,3,"R$ 445,86","7,9%","R$ 707,34",nao,5.0
PED-102385,08/08/2025,Mouse Sem Fio,Periféricos,SC,Marketplace,2,"R$ 183,74","10,2%","R$ 383,15",nao,5.0
PED-102386,18/04/2024,Mesa Ajustável,Mobiliário,SP,Loja Física,2,"R$ 2.334,10","16,4%","R$ 4.989,70",nao,5.0
PED-102387,12/09/2024,Mouse Sem Fio,Periféricos,GO,Marketplace,2,"R$ 175,12","1,4%","R$ 315,22",sim,1.0
PED-102388,17/06/2025,Webcam HD,Áudio,SP,E-commerce,2,"R$ 300,77","14,7%","R$ 724,88",sim,1.0
PED-102389,16/06/2024,Headset,Áudio,SP,Marketplace,1,"R$ 345,64","3,8%","R$ 398,82",nao,2.0
PED-102390,21/08/2025,Mouse Sem Fio,Periféricos,GO,Loja Física,2,"R$ 184,58","8,2%","R$ 393,43",sim,3.0
PED-102391,21/12/2024,Cadeira Ergo,Mobiliário,SP,Marketplace,3,"R$ 1.929,62","10,8%","R$ 5.402,64",sim,1.0
PED-102392,23/11/2024,Webcam HD,Áudio,MG,Loja Física,3,"R$ 280,25","8,0%","R$ 726,65",sim,1.0
PED-102393,23/07/2024,Headset,Áudio,MG,Marketplace,3,"R$ 306,24","11,0%","R$ 896,21",nao,3.0
PED-102394,21/03/2024,Cadeira Ergo,Mobiliário,SP,Marketplace,2,"R$ 1.966,60","13,7%","R$ 4.170,17",nao,1.0
PED-102395,16/08/2025,Mesa Ajustável,Mobiliário,SP,Marketplace,3,"R$ 2.509,50","13,5%","R$ 7.557,72",nao,5.0
PED-102396,03/01/2024,Webcam HD,Áudio,RJ,Marketplace,1,"R$ 269,13","21,0%","R$ 212,55",nao,5.0
PED-102397,24/02/2024,Notebook Pro,Computadores,MG,Loja Física,2,"R$ 6.850,89","8,1%","R$ 14.204,51",sim,5.0
PED-102398,18/02/2024,Mouse Sem Fio,Periféricos,RS,Marketplace,6,"R$ 187,17","4,3%","R$ 1.211,57",sim,2.0
PED-102399,12/05/2024,Cadeira Ergo,Mobiliário,BA,Marketplace,1,"R$ 2.180,24","10,7%","R$ 2.465,18",sim,2.0
PED-102400,15/04/2025,Notebook Pro,Computadores,MG,Marketplace,2,"R$ 6.022,95","10,4%","R$ 16.321,55",sim,5.0
PED-102401,23/02/2024,Notebook Pro,Computadores,SP,Marketplace,1,"R$ 6.703,20","15,9%","R$ 6.357,97",sim,1.0
PED-102402,04/04/2024,Mouse Sem Fio,Periféricos,MG,Marketplace,2,"R$ 174,66","1,2%","R$ 441,28",sim,2.0
PED-102403,31/03/2025,Webcam HD,Áudio,PR,Marketplace,2,"R$ 262,71","12,9%","R$ 666,56",sim,5.0
PED-102404,22/01/2024,Teclado Mecânico,Periféricos,RS,Televendas,2,"R$ 377,17","15,6%","R$ 636,63",sim,3.0
PED-102405,06/07/2024,"Monitor 27""",Periféricos,SP,Televendas,2,"R$ 1.329,47","2,7%","R$ 2.834,95",sim,4.0
PED-102406,14/06/2025,Headset,Áudio,BA,Marketplace,3,"R$ 358,91","4,6%","R$ 1.449,79",nao,
PED-102407,30/07/2025,Notebook Pro,Computadores,CE,Marketplace,4,"R$ 6.791,27","9,7%","R$ 31.588,33",sim,2.0
PED-102408,13/11/2024,Headset,Áudio,SP,Loja Física,2,"R$ 327,25","12,3%","R$ 539,27",sim,3.0
PED-102409,25/07/2025,Mesa Ajustável,Mobiliário,SP,Marketplace,2,"R$ 2.519,74","13,6%","R$ 5.607,12",sim,2.0
PED-102410,22/07/2025,Mouse Sem Fio,Periféricos,MG,Marketplace,6,"R$ 173,40","18,6%","R$ 1.091,31",nao,1.0
PED-102411,22/08/2025,"Monitor 27""",Periféricos,MG,Loja Física,1,"R$ 1.342,49","11,5%","R$ 1.379,44",sim,3.0
PED-102412,07/06/2024,Mouse Sem Fio,Periféricos,SP,E-commerce,1,"R$ 163,67","8,5%","R$ 179,44",sim,4.0
PED-102413,12/06/2024,Mouse Sem Fio,Periféricos,SP,Loja Física,1,"R$ 188,41","5,8%","R$ 212,78",nao,5.0
PED-102414,26/02/2025,Mesa Ajustável,Mobiliário,CE,Marketplace,1,"R$ 2.417,61","5,0%","R$ 3.079,94",sim,4.0
PED-102415,01/01/2024,Webcam HD,Áudio,RJ,E-commerce,1,"R$ 264,24","12,9%","R$ 230,23",sim,5.0
PED-102416,18/06/2024,Mouse Sem Fio,Periféricos,BA,Televendas,2,"R$ 180,08","0,0%","R$ 431,75",nao,3.0
PED-102417,05/09/2024,Mesa Ajustável,Mobiliário,RS,Loja Física,3,"R$ 2.527,56","14,2%","R$ 5.940,98",sim,5.0
PED-102418,23/07/2025,Webcam HD,Áudio,PE,E-commerce,3,"R$ 272,90","8,2%","R$ 967,77",sim,4.0
PED-102419,08/09/2025,Headset,Áudio,SP,Marketplace,2,"R$ 326,37","4,6%","R$ 665,29",sim,5.0
PED-102420,06/08/2024,Mesa Ajustável,Mobiliário,SP,Loja Física,2,"R$ 2.348,01","8,6%","R$ 2.465,11",nao,4.0
PED-102421,03/05/2025,Teclado Mecânico,Periféricos,RJ,E-commerce,2,"R$ 459,98","4,5%","R$ 1.313,39",nao,1.0
PED-102422,14/12/2024,Teclado Mecânico,Periféricos,PR,Televendas,1,"R$ 403,49","0,0%","R$ 422,30",sim,2.0
PED-102423,08/02/2024,Headset,Áudio,RS,Loja Física,1,"R$ 323,42","7,9%","R$ 336,01",nao,2.0
PED-102424,11/09/2024,Webcam HD,Áudio,CE,Televendas,2,"R$ 308,13","8,3%","R$ 515,90",sim,4.0
PED-102425,25/03/2025,Mesa Ajustável,Mobiliário,SC,Marketplace,1,"R$ 2.590,36","9,7%","R$ 3.407,28",sim,4.0
PED-102426,27/03/2025,Mouse Sem Fio,Periféricos,RJ,Marketplace,3,"R$ 186,52","10,0%","R$ 734,13",sim,2.0
PED-102427,09/08/2025,Mesa Ajustável,Mobiliário,RJ,Televendas,5,"R$ 2.547,05","22,1%","R$ 11.520,62",sim,
PED-102428,05/02/2025,Mouse Sem Fio,Periféricos,PR,E-commerce,3,"R$ 175,27","14,6%","R$ 601,85",nao,5.0
PED-102429,11/09/2025,Mesa Ajustável,Mobiliário,RJ,Loja Física,3,"R$ 2.394,99","11,3%","R$ 6.810,60",nao,1.0
PED-102430,16/10/2024,"Monitor 27""",Periféricos,SC,Marketplace,7,"R$ 1.314,53","3,8%","R$ 7.897,35",sim,1.0
PED-102431,03/04/2025,"Monitor 27""",Periféricos,SP,Loja Física,4,"R$ 1.425,67","1,7%","R$ 8.476,52",nao,5.0
PED-102432,31/01/2025,Webcam HD,Áudio,RS,Marketplace,2,"R$ 286,36","6,8%","R$ 635,98",nao,1.0
PED-102433,06/07/2025,"Monitor 27""",Periféricos,SP,Televendas,3,"R$ 1.661,84","11,1%","R$ 5.709,71",sim,2.0
PED-102434,17/08/2025,Notebook Pro,Computadores,SP,Marketplace,3,"R$ 6.858,05","9,4%","R$ 21.627,69",nao,5.0
PED-102435,22/06/2025,Cadeira Ergo,Mobiliário,RJ,Televendas,4,"R$ 1.920,81","4,9%","R$ 10.321,81",sim,5.0
PED-102436,03/09/2025,Headset,Áudio,SP,Marketplace,3,"R$ 315,92","2,9%","R$ 983,78",sim,2.0
PED-102437,17/08/2024,Notebook Pro,Computadores,RJ,Loja Física,3,"R$ 6.451,69","4,8%","R$ 10.574,51",sim,3.0
PED-102438,27/09/2025,Teclado Mecânico,Periféricos,SC,E-commerce,3,"R$ 444,12","2,6%","R$ 1.385,95",sim,3.0
PED-102439,04/03/2024,Webcam HD,Áudio,SC,Televendas,3,"R$ 268,09","9,2%","R$ 897,52",sim,4.0
PED-102440,23/08/2024,"Monitor 27""",Periféricos,SC,E-commerce,1,"R$ 1.393,14","13,2%","R$ 694,34",nao,1.0
PED-102441,10/04/2025,Notebook Pro,Computadores,RS,Loja Física,1,"R$ 6.535,48","16,6%","R$ 8.243,46",sim,1.0
PED-102442,31/01/2025,Mesa Ajustável,Mobiliário,SP,Televendas,3,"R$ 2.494,31","2,3%","R$ 8.710,43",nao,3.0
PED-102443,28/03/2024,Headset,Áudio,SP,Marketplace,6,"R$ 347,91","8,3%","R$ 2.351,02",sim,1.0
PED-102444,11/03/2025,Cadeira Ergo,Mobiliário,RJ,Marketplace,2,"R$ 1.929,46","5,2%","R$ 980.000,00",nao,3.0
PED-102445,02/09/2024,Notebook Pro,Computadores,RJ,Marketplace,3,"R$ 6.530,37","3,7%","R$ 17.220,89",sim,5.0
PED-102446,24/05/2025,Mesa Ajustável,Mobiliário,RJ,Loja Física,2,"R$ 2.234,67","12,2%","R$ 5.867,21",nao,1.0
PED-102447,29/09/2025,Mouse Sem Fio,Periféricos,RJ,Loja Física,4,"R$ 192,12","7,4%","R$ 760,17",sim,1.0
PED-102448,09/05/2024,Notebook Pro,Computadores,SP,Marketplace,2,"R$ 7.005,79","0,0%","R$ 17.748,73",sim,1.0
PED-102449,24/12/2024,Mesa Ajustável,Mobiliário,GO,Televendas,1,"R$ 2.752,34","6,5%","R$ 2.693,17",sim,2.0
PED-102450,18/01/2024,Notebook Pro,Computadores,CE,Televendas,1,"R$ 6.338,06","14,2%","R$ 5.440,39",sim,2.0
PED-102451,29/11/2024,Notebook Pro,Computadores,MG,E-commerce,2,"R$ 7.127,08","13,0%","R$ 11.643,51",sim,3.0
PED-102452,22/06/2025,Notebook Pro,Computadores,RS,Televendas,3,"R$ 7.042,49","13,0%","R$ 25.954,44",nao,3.0
PED-102453,29/08/2025,Teclado Mecânico,Periféricos,SP,Televendas,2,"R$ 455,29","0,0%","R$ 1.056,78",sim,5.0
PED-102454,21/05/2025,Teclado Mecânico,Periféricos,SP,Loja Física,1,"R$ 403,27","12,8%","R$ 525,87",nao,1.0
PED-102455,30/06/2024,Cadeira Ergo,Mobiliário,PR,Loja Física,1,"R$ 1.774,81","9,4%","R$ 1.928,26",nao,4.0
PED-102456,28/08/2024,Cadeira Ergo,Mobiliário,SP,Marketplace,3,"R$ 2.003,30","9,2%","R$ 3.131,17",sim,2.0
PED-102457,01/10/2025,"Monitor 27""",Periféricos,MG,Loja Física,1,"R$ 1.570,76","7,5%","R$ 1.514,27",sim,1.0
PED-102458,21/05/2025,Mesa Ajustável,Mobiliário,RS,Marketplace,1,"R$ 2.463,63","16,0%","R$ 3.095,56",nao,2.0
PED-102459,06/08/2025,"Monitor 27""",Periféricos,MG,Loja Física,3,"R$ 1.431,09","13,5%","R$ 4.307,45",nao,2.0
PED-102460,06/06/2024,Mouse Sem Fio,Periféricos,MG,Loja Física,6,"R$ 176,98","4,2%","R$ 1.219,34",sim,1.0
PED-102461,20/08/2024,"Monitor 27""",Periféricos,SC,Marketplace,3,"R$ 1.557,93","12,1%","R$ 2.357,11",sim,1.0
PED-102462,11/06/2025,Webcam HD,Áudio,PE,Loja Física,1,"R$ 291,25","14,2%","R$ 352,72",sim,5.0
PED-102463,28/07/2024,Notebook Pro,Computadores,MG,Televendas,3,"R$ 6.805,96","14,0%","R$ 19.253,57",sim,1.0
PED-102464,27/04/2025,Notebook Pro,Computadores,SP,E-commerce,2,"R$ 6.633,82","8,6%","R$ 18.338,19",sim,1.0
PED-102465,22/03/2024,Mesa Ajustável,Mobiliário,BA,Loja Física,2,"R$ 2.424,96","11,0%","R$ 5.303,75",sim,4.0
PED-102466,10/02/2024,Headset,Áudio,BA,Loja Física,1,"R$ 348,09","12,3%","R$ 344,18",sim,5.0
PED-102467,09/08/2025,Mesa Ajustável,Mobiliário,MG,Televendas,4,"R$ 2.579,14","8,0%","R$ 11.010,43",sim,3.0
PED-102468,12/07/2024,Notebook Pro,Computadores,BA,Marketplace,1,"R$ 6.723,71","0,9%","R$ 7.302,93",nao,4.0
PED-102469,28/04/2024,Mouse Sem Fio,Periféricos,BA,Marketplace,2,"R$ 167,06","1,5%","R$ 421,00",sim,5.0
PED-102470,12/06/2024,Mouse Sem Fio,Periféricos,SP,Televendas,1,"R$ 194,12","6,5%","R$ 217,49",sim,4.0
PED-102471,06/01/2024,"Monitor 27""",Periféricos,RJ,Marketplace,2,"R$ 1.521,93","0,0%","R$ 3.043,85",nao,5.0
PED-102472,01/05/2025,Teclado Mecânico,Periféricos,SP,E-commerce,4,"R$ 436,56","4,0%","R$ 2.507,89",nao,5.0
PED-102473,23/07/2025,Headset,Áudio,SP,E-commerce,1,"R$ 331,05","12,0%","R$ 375,05",sim,1.0
PED-102474,11/01/2024,Cadeira Ergo,Mobiliário,BA,E-commerce,5,"R$ 1.854,53","3,3%","R$ 8.966,41",sim,4.0
PED-102475,17/01/2025,Webcam HD,Áudio,SP,Televendas,3,"R$ 321,69","14,1%","R$ 988,26",nao,3.0
PED-102476,21/08/2024,Cadeira Ergo,Mobiliário,PR,E-commerce,2,"R$ 1.770,94","0,5%","R$ 2.023,32",sim,1.0
PED-102477,05/03/2025,Mouse Sem Fio,Periféricos,SP,Marketplace,1,"R$ 182,08","9,9%","R$ 239,01",nao,4.0
PED-102478,24/03/2025,Cadeira Ergo,Mobiliário,RS,Loja Física,1,"R$ 1.886,57","6,6%","R$ 2.568,20",sim,1.0
PED-102479,14/04/2025,Headset,Áudio,PR,Marketplace,1,"R$ 324,36","7,1%","R$ 455,89",sim,4.0
PED-102480,30/01/2024,"Monitor 27""",Periféricos,PR,Televendas,1,"R$ 1.361,83","8,9%","R$ 1.240,85",sim,1.0
PED-102481,28/01/2024,Webcam HD,Áudio,GO,E-commerce,4,"R$ 284,73","9,9%","R$ 1.026,37",sim,4.0
PED-102482,27/08/2025,Mesa Ajustável,Mobiliário,SP,Televendas,2,"R$ 2.336,91","3,7%","R$ 5.220,85",sim,5.0
PED-102483,28/02/2024,"Monitor 27""",Periféricos,BA,Marketplace,3,"R$ 1.387,75","4,2%","R$ 4.499,77",sim,2.0
PED-102484,20/11/2024,Mouse Sem Fio,Periféricos,SP,E-commerce,3,"R$ 197,27","9,3%","R$ 504,23",sim,3.0
PED-102485,15/11/2024,Notebook Pro,Computadores,PR,Marketplace,2,"R$ 6.708,54","7,3%","R$ 11.674,87",sim,2.0
PED-102486,30/08/2024,Webcam HD,Áudio,RJ,E-commerce,3,"R$ 253,14","1,2%","R$ 430,58",sim,1.0
PED-102487,02/02/2024,Mouse Sem Fio,Periféricos,SP,Televendas,1,"R$ 181,00","13,7%","R$ 176,21",sim,1.0
PED-102488,17/04/2024,Mesa Ajustável,Mobiliário,MG,Televendas,2,"R$ 2.270,62","6,7%","R$ 5.415,22",sim,5.0
PED-102489,18/11/2024,"Monitor 27""",Periféricos,SP,Loja Física,1,"R$ 1.468,44","5,8%","R$ 1.298,74",sim,5.0
PED-102490,11/03/2024,Webcam HD,Áudio,PE,E-commerce,1,"R$ 316,94","14,6%","R$ 332,58",sim,4.0
PED-102491,16/04/2025,Mesa Ajustável,Mobiliário,SP,Loja Física,3,"R$ 2.391,32","12,1%","R$ 9.537,99",sim,1.0
PED-102492,04/07/2025,Cadeira Ergo,Mobiliário,GO,Loja Física,3,"R$ 1.846,42","11,6%","R$ 6.303,94",sim,5.0
PED-102493,24/02/2025,Mesa Ajustável,Mobiliário,MG,Televendas,2,"R$ 2.340,80","3,2%","R$ 6.075,53",nao,4.0
PED-102494,15/06/2025,Teclado Mecânico,Periféricos,RS,E-commerce,2,"R$ 428,57","5,8%","R$ 1.140,40",nao,1.0
PED-102495,29/01/2025,Notebook Pro,Computadores,BA,Televendas,3,"R$ 6.525,80","11,0%","R$ 20.760,70",sim,2.0
PED-102496,19/03/2025,Mouse Sem Fio,Periféricos,PE,E-commerce,5,"R$ 170,72","1,9%","R$ 1.220,56",nao,4.0
PED-102497,30/01/2024,Mouse Sem Fio,Periféricos,SP,Televendas,3,"R$ 188,63","0,3%","R$ 564,06",sim,4.0
PED-102498,15/12/2024,Mouse Sem Fio,Periféricos,SP,Marketplace,1,"R$ 195,88","13,7%","R$ 176,99",sim,4.0
PED-102499,31/05/2024,Mesa Ajustável,Mobiliário,RJ,Loja Física,1,"R$ 2.463,53","6,4%","R$ 2.922,42",nao,3.0
PED-102500,28/04/2024,Webcam HD,Áudio,RJ,E-commerce,1,"R$ 278,63","4,9%","R$ 338,65",sim,5.0
PED-102501,28/07/2025,Notebook Pro,Computadores,SP,E-commerce,1,"R$ 6.671,70","12,4%","R$ 7.523,42",sim,4.0
PED-102502,13/06/2025,Cadeira Ergo,Mobiliário,MG,Loja Física,4,"R$ 2.080,71","3,8%","R$ 11.309,10",nao,1.0
PED-102503,19/03/2024,Webcam HD,Áudio,PE,E-commerce,1,"R$ 283,54","14,7%","R$ 297,05",sim,5.0
PED-102504,23/09/2025,"Monitor 27""",Periféricos,MG,Marketplace,1,"R$ 1.390,64","7,1%","R$ 1.380,96",nao,4.0
PED-102505,07/12/2024,Mouse Sem Fio,Periféricos,PR,Loja Física,4,"R$ 184,54","6,4%","R$ 723,44",sim,1.0
PED-102506,01/02/2025,Teclado Mecânico,Periféricos,SC,Marketplace,2,"R$ 426,46","5,2%","R$ 1.084,10",sim,2.0
PED-102507,02/02/2024,Headset,Áudio,MG,Televendas,1,"R$ 369,38","0,0%","R$ 416,57",nao,3.0
PED-102508,19/07/2025,Teclado Mecânico,Periféricos,RJ,Marketplace,2,"R$ 423,04","6,8%","R$ 1.015,31",sim,
PED-102509,24/08/2025,Mesa Ajustável,Mobiliário,SC,Loja Física,4,"R$ 2.366,02","10,5%","R$ 9.828,07",nao,4.0
PED-102510,06/05/2025,Teclado Mecânico,Periféricos,MG,Loja Física,3,"R$ 457,35","12,2%","R$ 1.800,98",sim,3.0
PED-102511,19/04/2024,Teclado Mecânico,Periféricos,MG,Loja Física,2,"R$ 442,85","5,2%","R$ 1.073,74",nao,5.0
PED-102512,02/12/2024,Webcam HD,Áudio,MG,Loja Física,2,"R$ 304,69","17,5%","R$ 526,32",sim,5.0
PED-102513,19/09/2024,Headset,Áudio,RJ,Televendas,4,"R$ 358,16","5,3%","R$ 1.239,08",sim,4.0
PED-102514,07/09/2024,Cadeira Ergo,Mobiliário,RJ,Loja Física,5,"R$ 1.881,56","0,0%","R$ 8.590,13",sim,1.0
PED-102515,15/12/2024,Notebook Pro,Computadores,SP,Televendas,1,"R$ 7.098,71","3,9%","R$ 7.142,76",nao,5.0
PED-102516,02/04/2025,Headset,Áudio,SP,Loja Física,3,"R$ 364,56","6,3%","R$ 1.550,95",nao,5.0
PED-102517,04/04/2025,Webcam HD,Áudio,RJ,Loja Física,1,"R$ 296,25","0,0%","R$ 448,17",sim,2.0
PED-102518,03/06/2024,Headset,Áudio,RJ,Loja Física,5,"R$ 351,32","12,3%","R$ 1.846,71",sim,4.0
PED-102519,22/08/2025,Webcam HD,Áudio,RJ,Televendas,1,"R$ 248,66","6,6%","R$ 269,56",nao,1.0
PED-102520,06/10/2024,Mouse Sem Fio,Periféricos,MG,Loja Física,2,"R$ 182,97","12,5%","R$ 285,60",sim,2.0
PED-102521,16/04/2025,Webcam HD,Áudio,PR,Marketplace,3,"R$ 308,11","1,4%","R$ 1.379,16",sim,4.0
PED-102522,08/07/2025,Cadeira Ergo,Mobiliário,SP,Loja Física,3,"R$ 1.864,56","9,0%","R$ 6.557,68",sim,4.0
PED-102523,10/08/2024,Headset,Áudio,SP,E-commerce,1,"R$ 349,00","0,5%","R$ 199,25",sim,3.0
PED-102524,02/07/2025,"Monitor 27""",Periféricos,GO,Marketplace,3,"R$ 1.421,06","10,4%","R$ 4.920,42",nao,1.0
PED-102525,18/02/2024,Mesa Ajustável,Mobiliário,RJ,Marketplace,3,"R$ 2.430,13","2,3%","R$ 8.032,40",nao,4.0
PED-102526,10/07/2024,Mouse Sem Fio,Periféricos,SP,Marketplace,1,"R$ 184,90","11,6%","R$ 179,21",sim,3.0
PED-102527,28/03/2025,Webcam HD,Áudio,SP,E-commerce,1,"R$ 269,09","0,7%","R$ 389,29",nao,5.0
PED-102528,27/04/2025,"Monitor 27""",Periféricos,SP,E-commerce,3,"R$ 1.586,60","4,4%","R$ 6.881,36",sim,4.0
PED-102529,14/09/2025,Teclado Mecânico,Periféricos,RJ,Marketplace,1,"R$ 405,55","6,5%","R$ 405,08",nao,2.0
PED-102530,26/09/2024,"Monitor 27""",Periféricos,SP,Televendas,2,"R$ 1.365,73","15,5%","R$ 2.106,45",sim,1.0
PED-102531,11/01/2024,Mouse Sem Fio,Periféricos,SP,Televendas,3,"R$ 176,79","12,1%","R$ 466,26",nao,5.0
PED-102532,11/10/2024,Webcam HD,Áudio,BA,Televendas,1,"R$ 294,58","1,7%","R$ 258,44",sim,5.0
PED-102533,10/05/2025,Headset,Áudio,MG,Marketplace,2,"R$ 320,09","2,8%","R$ 930,82",sim,2.0
PED-102534,15/03/2024,Cadeira Ergo,Mobiliário,SP,Marketplace,2,"R$ 1.961,07","4,1%","R$ 4.619,92",nao,2.0
PED-102535,22/04/2024,Headset,Áudio,SP,E-commerce,3,"R$ 348,55","13,5%","R$ 1.156,77",nao,2.0
PED-102536,21/09/2024,Mouse Sem Fio,Periféricos,PR,Marketplace,3,"R$ 167,91","11,8%","R$ 405,84",sim,4.0
PED-102537,21/10/2024,Headset,Áudio,SP,Marketplace,3,"R$ 328,30","5,5%","R$ 830,29",nao,3.0
PED-102538,06/10/2024,"Monitor 27""",Periféricos,RJ,Loja Física,3,"R$ 1.623,61","10,0%","R$ 3.913,82",sim,3.0
PED-102539,30/11/2024,"Monitor 27""",Periféricos,SP,Televendas,3,"R$ 1.441,54","0,0%","R$ 4.060,77",sim,5.0
PED-102540,27/01/2025,Teclado Mecânico,Periféricos,PR,Televendas,5,"R$ 393,54","15,4%","R$ 1.983,86",sim,1.0
PED-102541,28/01/2025,Headset,Áudio,SP,Loja Física,2,"R$ 348,38","13,4%","R$ 719,35",nao,5.0
PED-102542,20/09/2024,Teclado Mecânico,Periféricos,MG,Marketplace,1,"R$ 416,48","7,3%","R$ 352,42",sim,2.0
PED-102543,25/09/2025,"Monitor 27""",Periféricos,MG,Loja Física,2,"R$ 1.423,32","0,0%","R$ 3.041,64",sim,4.0
PED-102544,09/11/2024,Mouse Sem Fio,Periféricos,SC,Marketplace,4,"R$ 162,99","10,1%","R$ 550,26",nao,4.0
PED-102545,15/03/2025,Mesa Ajustável,Mobiliário,SP,Loja Física,2,"R$ 2.421,64","4,6%","R$ 6.730,50",nao,3.0
PED-102546,02/03/2025,Cadeira Ergo,Mobiliário,CE,Televendas,2,"R$ 2.013,87","11,2%","R$ 5.209,39",sim,4.0
PED-102547,08/09/2024,Notebook Pro,Computadores,SP,Marketplace,2,"R$ 7.594,53","1,9%","R$ 13.605,52",sim,4.0
PED-102548,14/02/2025,Notebook Pro,Computadores,RS,Marketplace,1,"R$ 7.436,03","3,4%","R$ 9.629,16",sim,3.0
PED-102549,02/04/2025,Notebook Pro,Computadores,RJ,E-commerce,2,"R$ 7.009,23","6,1%","R$ 19.903,02",sim,1.0
PED-102550,04/11/2024,Teclado Mecânico,Periféricos,RS,Marketplace,1,"R$ 390,45","8,7%","R$ 334,77",sim,4.0
PED-102551,25/10/2024,"Monitor 27""",Periféricos,PR,Loja Física,4,"R$ 1.368,59","4,9%","R$ 4.644,63",sim,2.0
PED-102552,17/01/2025,Teclado Mecânico,Periféricos,PR,Marketplace,1,"R$ 418,64","9,8%","R$ 450,02",sim,3.0
PED-102553,21/09/2024,Teclado Mecânico,Periféricos,SP,Loja Física,1,"R$ 426,86","14,3%","R$ 334,19",sim,2.0
PED-102554,29/04/2025,Teclado Mecânico,Periféricos,PR,Televendas,1,"R$ 415,68","10,5%","R$ 563,07",sim,3.0
PED-102555,22/08/2024,Teclado Mecânico,Periféricos,PR,Loja Física,1,"R$ 424,05","8,3%","R$ 223,27",sim,4.0
PED-102556,01/03/2024,Cadeira Ergo,Mobiliário,SP,Loja Física,1,"R$ 1.974,85","3,8%","R$ 2.335,03",nao,5.0
PED-102557,11/11/2024,Webcam HD,Áudio,SP,Loja Física,1,"R$ 283,75","10,7%","R$ 238,02",sim,1.0
PED-102558,31/07/2025,Webcam HD,Áudio,CE,,2,"R$ 291,01","14,0%","R$ 645,02",nao,4.0
PED-102559,28/06/2024,Webcam HD,Áudio,SP,Televendas,1,"R$ 283,42","10,0%","R$ 305,67",nao,2.0
PED-102560,17/07/2024,"Monitor 27""",Periféricos,CE,E-commerce,2,"R$ 1.496,33","4,0%","R$ 3.149,84",nao,3.0
PED-102561,03/06/2024,Headset,Áudio,SP,E-commerce,1,"R$ 336,07","2,6%","R$ 392,43",sim,3.0
PED-102562,17/08/2025,Webcam HD,Áudio,SP,Marketplace,2,"R$ 276,56","8,1%","R$ 589,74",sim,4.0
PED-102563,05/04/2024,Notebook Pro,Computadores,SC,E-commerce,2,"R$ 6.440,52","6,3%","R$ 15.433,51",sim,3.0
PED-102564,10/10/2024,Teclado Mecânico,Periféricos,MG,Televendas,2,"R$ 447,21","12,1%","R$ 701,67",sim,3.0
PED-102565,08/10/2024,Webcam HD,Áudio,MG,E-commerce,4,"R$ 315,71","3,4%","R$ 1.088,11",sim,1.0
PED-102566,27/12/2024,Headset,Áudio,SP,E-commerce,1,"R$ 360,09","3,6%","R$ 363,14",sim,3.0
PED-102567,06/07/2024,Webcam HD,Áudio,SP,Marketplace,3,"R$ 294,94","0,5%","R$ 964,66",nao,1.0
PED-102568,03/05/2025,Teclado Mecânico,Periféricos,RJ,Televendas,6,"R$ 399,91","14,2%","R$ 3.080,04",sim,1.0
PED-102569,19/06/2025,Notebook Pro,Computadores,BA,Marketplace,2,"R$ 7.251,07","12,2%","R$ 17.978,25",sim,2.0
PED-102570,05/10/2024,Webcam HD,Áudio,PE,E-commerce,1,"R$ 277,24","9,0%","R$ 225,21",nao,2.0
PED-102571,26/06/2025,Webcam HD,Áudio,MG,E-commerce,3,"R$ 290,32","8,7%","R$ 1.122,19",sim,1.0
PED-102572,18/03/2024,Cadeira Ergo,Mobiliário,RS,,3,"R$ 1.907,12","10,6%","R$ 6.285,35",nao,4.0
PED-102573,08/08/2024,Webcam HD,Áudio,RS,Televendas,2,"R$ 264,31","10,1%","R$ 272,78",sim,3.0
PED-102574,20/07/2025,Teclado Mecânico,Periféricos,RJ,E-commerce,3,"R$ 395,27","7,3%","R$ 1.416,39",sim,1.0
PED-102575,31/01/2025,"Monitor 27""",Periféricos,RS,Loja Física,1,"R$ 1.434,74","3,5%","R$ 1.650,17",nao,4.0
PED-102576,19/04/2024,Cadeira Ergo,Mobiliário,SP,E-commerce,2,"R$ 1.821,39","2,4%","R$ 4.543,60",sim,1.0
PED-102577,31/07/2025,Headset,Áudio,SP,Loja Física,1,"R$ 336,24","8,5%","R$ 396,27",sim,4.0
PED-102578,15/07/2025,"Monitor 27""",Periféricos,PR,Loja Física,2,"R$ 1.437,38","10,0%","R$ 3.334,01",sim,1.0
PED-102579,17/08/2024,"Monitor 27""",Periféricos,SP,Loja Física,1,"R$ 1.411,55","16,4%","R$ 677,38",nao,5.0
PED-102580,29/04/2024,Mesa Ajustável,Mobiliário,RJ,E-commerce,1,"R$ 2.307,02","10,1%","R$ 2.652,41",sim,1.0
PED-102581,21/12/2024,Notebook Pro,Computadores,BA,Loja Física,1,"R$ 7.069,47","5,7%","R$ 6.979,04",sim,3.0
PED-102582,10/01/2025,Mouse Sem Fio,Periféricos,MG,Loja Física,1,"R$ 173,01","3,8%","R$ 198,49",sim,4.0
PED-102583,10/10/2024,Teclado Mecânico,Periféricos,PR,Loja Física,4,"R$ 448,37","7,8%","R$ 1.476,21",nao,2.0
PED-102584,31/03/2025,Cadeira Ergo,Mobiliário,MG,Televendas,2,"R$ 1.858,47","16,1%","R$ 4.544,41",sim,5.0
PED-102585,20/02/2025,Notebook Pro,Computadores,RJ,Loja Física,1,"R$ 7.378,97","2,0%","R$ 9.692,71",nao,5.0
PED-102586,17/05/2025,Webcam HD,Áudio,RJ,Marketplace,2,"R$ 294,69","5,4%","R$ 833,29",nao,5.0
PED-102587,06/09/2025,Mesa Ajustável,Mobiliário,RJ,E-commerce,3,"R$ 2.003,48","9,5%","R$ 5.813,88",sim,3.0
PED-102588,26/04/2025,Cadeira Ergo,Mobiliário,SP,Loja Física,2,"R$ 1.965,09","7,1%","R$ 5.521,87",nao,2.0
PED-102589,29/03/2024,Mesa Ajustável,Mobiliário,RJ,Loja Física,3,"R$ 2.440,23","8,8%","R$ 8.205,70",nao,5.0
PED-102590,05/01/2024,Webcam HD,Áudio,GO,E-commerce,2,"R$ 295,89","12,0%","R$ 520,89",nao,3.0
PED-102591,09/09/2025,Mesa Ajustável,Mobiliário,SP,Loja Física,1,"R$ 2.249,25","13,6%","R$ 2.075,44",sim,3.0
PED-102592,31/05/2025,Webcam HD,Áudio,RS,Televendas,1,"R$ 270,85","10,7%","R$ 361,67",nao,1.0
PED-102593,02/03/2025,Cadeira Ergo,Mobiliário,MG,Marketplace,2,"R$ 1.957,19","7,4%","R$ 5.283,17",nao,2.0
PED-102594,10/06/2024,Notebook Pro,Computadores,MG,Televendas,1,"R$ 7.125,47","6,6%","R$ 7.976,72",sim,1.0
PED-102595,24/05/2025,"Monitor 27""",Periféricos,CE,Televendas,3,"R$ 1.520,59","0,0%","R$ 6.821,19",sim,4.0
PED-102596,10/03/2024,"Monitor 27""",Periféricos,PE,Televendas,2,"R$ 1.448,19","6,7%","R$ 3.318,79",sim,3.0
PED-102597,10/02/2025,Mouse Sem Fio,Periféricos,BA,Marketplace,1,"R$ 190,94","3,6%","R$ 246,76",nao,4.0
PED-102598,28/08/2024,Mesa Ajustável,Mobiliário,SC,E-commerce,4,"R$ 2.670,21","14,0%","R$ 5.274,79",sim,3.0
PED-102599,11/07/2025,Mesa Ajustável,Mobiliário,BA,Marketplace,3,"R$ 2.341,89","13,4%","R$ 7.836,89",nao,3.0
PED-102600,12/03/2025,Webcam HD,Áudio,SP,Televendas,1,"R$ 295,86","3,4%","R$ 416,61",nao,3.0
PED-102601,27/07/2024,Mouse Sem Fio,Periféricos,SC,Televendas,2,"R$ 198,58","2,4%","R$ 424,94",sim,1.0
PED-102602,20/05/2025,Cadeira Ergo,Mobiliário,RJ,E-commerce,2,"R$ 1.815,81","14,7%","R$ 4.632,15",nao,3.0
PED-102603,29/03/2025,Webcam HD,Áudio,PR,Loja Física,4,"R$ 280,97","3,3%","R$ 1.584,23",nao,4.0
PED-102604,10/06/2024,Cadeira Ergo,Mobiliário,SP,Loja Física,1,"R$ 1.746,05","5,6%","R$ 1.975,11",sim,2.0
PED-102605,18/06/2024,Mouse Sem Fio,Periféricos,SP,Loja Física,1,"R$ 179,29","13,7%","R$ 185,51",sim,3.0
PED-102606,04/09/2024,Webcam HD,Áudio,MG,E-commerce,2,"R$ 308,72","3,6%","R$ 543,22",sim,3.0
PED-102607,21/11/2024,Headset,Áudio,RS,Marketplace,4,"R$ 366,58","0,0%","R$ 1.376,87",sim,4.0
PED-102608,26/06/2024,Notebook Pro,Computadores,RS,Televendas,1,"R$ 6.289,08","10,4%","R$ 6.752,66",sim,4.0
PED-102609,12/03/2025,Cadeira Ergo,Mobiliário,SP,Marketplace,1,"R$ 1.691,70","4,6%","R$ 2.351,38",nao,4.0
PED-102610,01/12/2024,Teclado Mecânico,Periféricos,SP,Televendas,3,"R$ 425,29","10,7%","R$ 1.192,51",sim,4.0
PED-102611,08/05/2024,Mesa Ajustável,Mobiliário,GO,Marketplace,7,"R$ 2.404,26","12,7%","R$ 18.618,64",sim,1.0
PED-102612,25/03/2025,Notebook Pro,Computadores,SP,E-commerce,1,"R$ 6.937,25","12,1%","R$ 8.881,49",sim,
PED-102613,09/02/2024,Webcam HD,Áudio,RJ,Loja Física,3,"R$ 280,89","12,2%","R$ 834,19",nao,3.0
PED-102614,17/08/2025,Notebook Pro,Computadores,MG,Televendas,3,"R$ 6.996,85","7,8%","R$ 22.470,53",sim,2.0
PED-102615,21/05/2025,Mouse Sem Fio,Periféricos,PR,Marketplace,3,"R$ 164,47","12,0%","R$ 649,48",sim,4.0
PED-102616,27/02/2024,"Monitor 27""",Periféricos,SP,Marketplace,3,"R$ 1.341,07","6,7%","R$ 4.231,81",sim,3.0
PED-102617,01/06/2025,Webcam HD,Áudio,SP,Marketplace,2,"R$ 308,81","13,1%","R$ 758,06",sim,5.0
PED-102618,31/07/2024,"Monitor 27""",Periféricos,SP,Marketplace,6,"R$ 1.512,83","14,4%","R$ 8.514,95",sim,4.0
PED-102619,02/03/2025,Webcam HD,Áudio,PE,Marketplace,3,"R$ 305,32","10,4%","R$ 1.195,96",sim,3.0
PED-102620,31/05/2024,Teclado Mecânico,Periféricos,SC,E-commerce,1,"R$ 447,99","4,8%","R$ 539,96",nao,4.0
PED-102621,24/07/2024,"Monitor 27""",Periféricos,RJ,Televendas,3,"R$ 1.434,98","0,0%","R$ 4.718,21",nao,3.0
PED-102622,10/01/2024,Webcam HD,Áudio,MG,Loja Física,2,"R$ 286,77","2,2%","R$ 560,74",nao,4.0
PED-102623,25/02/2025,"Monitor 27""",Periféricos,CE,E-commerce,4,"R$ 1.691,87","4,6%","R$ 8.655,89",sim,4.0
PED-102624,12/01/2025,Mouse Sem Fio,Periféricos,MG,Televendas,4,"R$ 167,12","0,0%","R$ 796,81",nao,2.0
PED-102625,23/02/2024,Headset,Áudio,SC,Marketplace,1,"R$ 336,23","9,8%","R$ 341,97",sim,2.0
PED-102626,25/06/2024,Notebook Pro,Computadores,SC,E-commerce,2,"R$ 7.132,10","12,1%","R$ 15.022,76",nao,3.0
PED-102627,28/02/2025,Headset,Áudio,BA,Marketplace,2,"R$ 388,91","4,7%","R$ 994,20",sim,5.0
PED-102628,25/05/2025,Cadeira Ergo,Mobiliário,SP,Marketplace,1,"R$ 1.690,08","11,1%","R$ 2.245,72",sim,4.0
PED-102629,03/01/2025,Webcam HD,Áudio,SP,Televendas,1,"R$ 301,06","2,8%","R$ 348,90",sim,4.0
PED-102630,15/04/2024,Headset,Áudio,RJ,,2,"R$ 353,87","3,3%","R$ 874,92",sim,2.0
PED-102631,30/01/2025,Webcam HD,Áudio,MG,E-commerce,1,"R$ 286,43","5,6%","R$ 322,43",nao,1.0
PED-102632,22/05/2024,Notebook Pro,Computadores,MG,Loja Física,1,"R$ 6.351,36","10,7%","R$ 7.183,47",nao,4.0
PED-102633,13/10/2024,Mesa Ajustável,Mobiliário,RJ,E-commerce,2,"R$ 2.685,06","5,6%","R$ 4.525,32",nao,1.0
PED-102634,02/11/2024,Webcam HD,Áudio,CE,E-commerce,2,"R$ 271,22","2,6%","R$ 496,30",nao,3.0
PED-102635,24/05/2024,Headset,Áudio,SP,Marketplace,1,"R$ 342,18","13,3%","R$ 376,02",sim,2.0
PED-102636,04/06/2025,Teclado Mecânico,Periféricos,SP,E-commerce,1,"R$ 478,04","4,9%","R$ 642,15",nao,1.0
PED-102637,09/04/2025,Mesa Ajustável,Mobiliário,SP,Televendas,2,"R$ 2.630,54","12,5%","R$ 6.961,22",sim,2.0
PED-102638,11/03/2024,Teclado Mecânico,Periféricos,RJ,Marketplace,2,"R$ 390,52","4,0%","R$ 920,86",nao,3.0
PED-102639,24/10/2024,Webcam HD,Áudio,RJ,Televendas,5,"R$ 291,32","15,7%","R$ 1.095,48",nao,3.0
PED-102640,14/03/2024,Headset,Áudio,PR,Televendas,1,"R$ 329,52","18,1%","R$ 331,56",nao,4.0
PED-102641,22/04/2025,Mouse Sem Fio,Periféricos,PR,E-commerce,2,"R$ 189,54","5,5%","R$ 541,78",sim,2.0
PED-102642,03/09/2024,Notebook Pro,Computadores,RJ,Loja Física,3,"R$ 6.614,38","0,0%","R$ 18.118,52",sim,2.0
PED-102643,21/08/2024,Webcam HD,Áudio,CE,Loja Física,3,"R$ 286,45","2,9%","R$ 478,84",sim,2.0
PED-102644,06/06/2024,Cadeira Ergo,Mobiliário,PE,Marketplace,1,"R$ 1.830,56","5,4%","R$ 2.076,81",sim,4.0
PED-102645,26/02/2024,Mouse Sem Fio,Periféricos,MG,E-commerce,4,"R$ 179,00","14,5%","R$ 690,64",nao,3.0
PED-102646,26/03/2024,"Monitor 27""",Periféricos,MG,Loja Física,1,"R$ 1.480,32","7,0%","R$ 1.690,67",sim,1.0
PED-102647,13/12/2024,Headset,Áudio,RS,Televendas,1,"R$ 349,57","16,0%","R$ 307,42",nao,4.0
PED-102648,09/04/2025,Teclado Mecânico,Periféricos,RJ,E-commerce,7,"R$ 448,50","9,9%","R$ 4.279,92",sim,5.0
PED-102649,02/02/2025,Webcam HD,Áudio,RJ,Marketplace,2,"R$ 299,93","5,0%","R$ 764,43",sim,5.0
PED-102650,24/05/2024,Notebook Pro,Computadores,MG,Televendas,2,"R$ 6.979,48","12,5%","R$ 15.477,29",sim,2.0
PED-102651,12/08/2025,Mouse Sem Fio,Periféricos,SC,Loja Física,3,"R$ 188,64","8,4%","R$ 601,68",nao,5.0
PED-102652,20/02/2025,"Monitor 27""",Periféricos,SP,Televendas,1,"R$ 1.460,06","13,0%","R$ 1.704,05",sim,3.0
PED-102653,22/07/2025,"Monitor 27""",Periféricos,RS,Loja Física,4,"R$ 1.379,06","16,7%","R$ 5.920,02",sim,5.0
PED-102654,04/01/2024,Mouse Sem Fio,Periféricos,PR,Loja Física,4,"R$ 192,67","9,7%","R$ 695,97",sim,4.0
PED-102655,06/02/2024,Mesa Ajustável,Mobiliário,PR,E-commerce,2,"R$ 2.175,89","4,6%","R$ 4.684,06",sim,5.0
PED-102656,08/02/2024,Cadeira Ergo,Mobiliário,SP,Marketplace,1,"R$ 2.040,03","0,1%","R$ 2.298,10",sim,1.0
PED-102657,08/05/2025,Teclado Mecânico,Periféricos,CE,Televendas,1,"R$ 423,24","2,7%","R$ 615,90",sim,1.0
PED-102658,22/08/2024,Teclado Mecânico,Periféricos,MG,Marketplace,1,"R$ 436,69","10,3%","R$ 224,85",sim,3.0
PED-102659,16/06/2024,Mesa Ajustável,Mobiliário,PE,Loja Física,1,"R$ 2.127,99","0,0%","R$ 2.551,04",nao,1.0
PED-102660,16/01/2025,"Monitor 27""",Periféricos,MG,E-commerce,1,"R$ 1.485,45","3,2%","R$ 1.714,13",sim,3.0
PED-102661,22/03/2025,Mesa Ajustável,Mobiliário,RJ,E-commerce,1,"R$ 2.396,65","9,4%","R$ 3.163,94",sim,5.0
PED-102662,13/10/2024,Mouse Sem Fio,Periféricos,RS,Marketplace,2,"R$ 169,35","10,0%","R$ 272,14",sim,
PED-102663,30/08/2024,"Monitor 27""",Periféricos,SP,Televendas,1,"R$ 1.427,72","12,3%","R$ 718,58",sim,2.0
PED-102664,05/09/2024,Mesa Ajustável,Mobiliário,SC,Televendas,1,"R$ 2.701,30","16,1%","R$ 2.069,34",nao,1.0
PED-102665,25/07/2024,Teclado Mecânico,Periféricos,SP,Televendas,1,"R$ 378,20","16,6%","R$ 345,79",sim,5.0
PED-102666,31/08/2024,Teclado Mecânico,Periféricos,SP,Televendas,6,"R$ 443,61","7,8%","R$ 1.408,69",sim,4.0
PED-102667,08/11/2024,"Monitor 27""",Periféricos,BA,Loja Física,2,"R$ 1.604,80","11,5%","R$ 2.667,35",sim,3.0
PED-102668,27/07/2024,Webcam HD,Áudio,SC,Loja Física,3,"R$ 287,88","6,1%","R$ 888,75",nao,3.0
PED-102669,05/12/2024,Mouse Sem Fio,Periféricos,MG,Loja Física,1,"R$ 184,89","5,5%","R$ 182,80",sim,5.0
PED-102670,18/02/2025,Cadeira Ergo,Mobiliário,BA,Televendas,1,"R$ 1.807,90","12,4%","R$ 2.122,88",sim,4.0
PED-102671,20/03/2025,Teclado Mecânico,Periféricos,MG,Loja Física,5,"R$ 427,20","11,6%","R$ 2.752,26",sim,4.0
PED-102672,06/01/2024,Webcam HD,Áudio,GO,Marketplace,2,"R$ 278,22","1,7%","R$ 546,79",sim,5.0
PED-102673,12/02/2025,"Monitor 27""",Periféricos,PE,Marketplace,2,"R$ 1.427,63","7,0%","R$ 3.561,76",sim,1.0
PED-102674,21/07/2024,Mesa Ajustável,Mobiliário,MG,Loja Física,4,"R$ 2.316,21","8,9%","R$ 9.248,93",nao,
PED-102675,10/03/2025,Mesa Ajustável,Mobiliário,RJ,Televendas,1,"R$ 2.451,45","1,0%","R$ 3.537,74",sim,5.0
PED-102676,07/09/2025,Cadeira Ergo,Mobiliário,RJ,E-commerce,4,"R$ 1.919,87","9,5%","R$ 7.424,33",nao,5.0
PED-102677,02/09/2024,Notebook Pro,Computadores,MG,Televendas,1,"R$ 6.340,58","2,7%","R$ 5.634,44",sim,5.0
PED-102678,12/03/2024,Notebook Pro,Computadores,RS,Loja Física,4,"R$ 6.503,49","9,3%","R$ 29.000,67",sim,2.0
PED-102679,09/03/2025,Webcam HD,Áudio,GO,Televendas,1,"R$ 262,74","14,2%","R$ 328,34",sim,5.0
PED-102680,30/07/2024,Mouse Sem Fio,Periféricos,RJ,Marketplace,3,"R$ 183,66","9,8%","R$ 544,93",nao,1.0
PED-102681,09/08/2024,Mouse Sem Fio,Periféricos,SC,Marketplace,2,"R$ 167,30","2,4%","R$ 187,37",sim,4.0
PED-102682,29/01/2025,Notebook Pro,Computadores,SP,Loja Física,1,"R$ 7.159,95","6,2%","R$ 8.005,91",sim,4.0
PED-102683,23/01/2025,Notebook Pro,Computadores,SP,E-commerce,5,"R$ 6.964,62","12,5%","R$ 36.329,45",nao,4.0
PED-102684,17/01/2024,Headset,Áudio,SP,E-commerce,3,"R$ 354,37","1,5%","R$ 1.047,45",nao,4.0
PED-102685,21/10/2024,"Monitor 27""",Periféricos,BA,E-commerce,4,"R$ 1.445,75","5,9%","R$ 4.854,68",sim,4.0
PED-102686,30/08/2024,Cadeira Ergo,Mobiliário,CE,Televendas,1,"R$ 1.999,46","4,3%","R$ 1.098,77",sim,4.0
PED-102687,26/12/2024,Notebook Pro,Computadores,PE,Televendas,2,"R$ 6.657,53","15,8%","R$ 11.732,71",sim,5.0
PED-102688,05/02/2025,Notebook Pro,Computadores,SP,Loja Física,1,"R$ 6.620,29","9,1%","R$ 8.068,95",nao,1.0
PED-102689,12/01/2024,Mesa Ajustável,Mobiliário,BA,Marketplace,3,"R$ 2.396,06","9,2%","R$ 6.524,63",nao,3.0
PED-102690,09/02/2024,Headset,Áudio,PE,Televendas,1,"R$ 338,71","9,4%","R$ 346,18",sim,3.0
PED-102691,15/11/2024,Headset,Áudio,BA,Marketplace,1,"R$ 358,26","4,9%","R$ 319,78",sim,3.0
PED-102692,21/06/2025,Notebook Pro,Computadores,SC,E-commerce,5,"R$ 6.583,71","5,8%","R$ 43.796,88",sim,5.0
PED-102693,20/05/2024,Mesa Ajustável,Mobiliário,SP,E-commerce,1,"R$ 2.363,82","17,9%","R$ 2.458,18",nao,2.0
PED-102694,15/03/2024,Cadeira Ergo,Mobiliário,SP,E-commerce,2,"R$ 2.188,83","10,2%","R$ 4.831,02",nao,5.0
PED-102695,03/09/2024,Mesa Ajustável,Mobiliário,SP,E-commerce,4,"R$ 2.489,11","3,8%","R$ 8.749,40",sim,4.0
PED-102696,19/06/2024,Headset,Áudio,SC,E-commerce,3,"R$ 334,34","8,5%","R$ 1.100,61",sim,2.0
PED-102697,17/02/2024,"Monitor 27""",Periféricos,RS,Loja Física,3,"R$ 1.581,23","8,8%","R$ 4.879,31",sim,3.0
PED-102698,16/08/2025,Mouse Sem Fio,Periféricos,CE,E-commerce,2,"R$ 171,91","5,5%","R$ 377,18",nao,3.0
PED-102699,24/02/2025,Webcam HD,Áudio,PR,E-commerce,1,"R$ 264,45","5,0%","R$ 336,84",nao,5.0
PED-102700,22/05/2025,Cadeira Ergo,Mobiliário,BA,Loja Física,1,"R$ 1.868,74","1,5%","R$ 2.753,52",nao,3.0
PED-102701,25/07/2025,Notebook Pro,Computadores,PR,E-commerce,1,"R$ 6.800,22","11,1%","R$ 7.787,37",sim,3.0
PED-102702,09/02/2025,Mouse Sem Fio,Periféricos,BA,Loja Física,2,"R$ 168,76","6,6%","R$ 422,86",sim,1.0
PED-102703,14/08/2024,Webcam HD,Áudio,GO,Marketplace,2,"R$ 287,47","19,9%","R$ 264,44",sim,1.0
PED-102704,01/01/2024,Notebook Pro,Computadores,SP,Marketplace,1,"R$ 7.421,32","9,6%","R$ 6.706,37",sim,1.0
PED-102705,08/03/2024,Teclado Mecânico,Periféricos,PE,Televendas,2,"R$ 453,83","12,3%","R$ 978,55",sim,1.0
PED-102706,20/07/2024,Headset,Áudio,BA,E-commerce,1,"R$ 347,28","3,7%","R$ 366,44",sim,5.0
PED-102707,31/01/2025,Webcam HD,Áudio,SP,Televendas,2,"R$ 283,97","3,4%","R$ 653,79",sim,1.0
PED-102708,26/02/2025,Mesa Ajustável,Mobiliário,MG,Loja Física,4,"R$ 2.450,40","6,0%","R$ 12.354,35",sim,5.0
PED-102709,22/03/2024,Notebook Pro,Computadores,SP,Marketplace,1,"R$ 6.598,17","7,8%","R$ 7.471,15",nao,4.0
PED-102710,15/06/2024,Cadeira Ergo,Mobiliário,PE,Loja Física,2,"R$ 2.172,68","8,1%","R$ 4.789,20",sim,2.0
PED-102711,24/07/2025,Cadeira Ergo,Mobiliário,CE,E-commerce,3,"R$ 1.765,86","5,7%","R$ 6.436,51",sim,5.0
PED-102712,06/07/2024,"Monitor 27""",Periféricos,SP,E-commerce,5,"R$ 1.380,55","0,0%","R$ 7.565,40",sim,5.0
PED-102713,19/03/2024,"Monitor 27""",Periféricos,SP,Televendas,3,"R$ 1.435,24","14,4%","R$ 4.530,60",sim,3.0
PED-102714,06/06/2024,"Monitor 27""",Periféricos,MG,E-commerce,2,"R$ 1.451,48","11,0%","R$ 3.098,30",sim,5.0
PED-102715,19/08/2024,Notebook Pro,Computadores,CE,Loja Física,7,"R$ 6.282,86","10,0%","R$ 22.711,46",nao,3.0
PED-102716,13/11/2024,Mouse Sem Fio,Periféricos,RS,Televendas,4,"R$ 173,49","12,3%","R$ 571,73",sim,3.0
PED-102717,12/11/2024,Mouse Sem Fio,Periféricos,GO,Marketplace,1,"R$ 176,86","9,2%","R$ 150,87",sim,5.0
PED-102718,09/03/2024,Teclado Mecânico,Periféricos,GO,Marketplace,4,"R$ 452,34","12,5%","R$ 1.946,23",nao,1.0
PED-102719,16/03/2024,Mesa Ajustável,Mobiliário,RJ,Loja Física,4,"R$ 2.501,53","0,0%","R$ 12.293,72",sim,2.0
PED-102720,11/05/2024,Headset,Áudio,SP,Televendas,1,"R$ 350,97","10,8%","R$ 396,60",sim,4.0
PED-102721,22/07/2024,Headset,Áudio,RJ,Loja Física,1,"R$ 354,08","17,4%","R$ 320,55",nao,2.0
PED-102722,10/09/2025,Mouse Sem Fio,Periféricos,RS,Televendas,5,"R$ 184,90","8,8%","R$ 900,46",sim,4.0
PED-102723,25/06/2024,Webcam HD,Áudio,SP,E-commerce,3,"R$ 305,72","14,2%","R$ 943,69",nao,2.0
PED-102724,14/08/2024,Teclado Mecânico,Periféricos,GO,E-commerce,3,"R$ 453,13","5,5%","R$ 737,33",sim,4.0
PED-102725,01/04/2025,Mouse Sem Fio,Periféricos,SP,Loja Física,1,"R$ 180,89","7,3%","R$ 253,80",sim,1.0
PED-102726,04/08/2024,Teclado Mecânico,Periféricos,BA,Televendas,4,"R$ 349,86","11,3%","R$ 712,70",sim,1.0
PED-102727,23/09/2025,Notebook Pro,Computadores,GO,Marketplace,1,"R$ 6.534,21","14,2%","R$ 5.991,62",sim,4.0
PED-102728,08/11/2024,Cadeira Ergo,Mobiliário,SC,Loja Física,1,"R$ 1.926,32","2,9%","R$ 1.756,30",sim,4.0
PED-102729,20/08/2024,Notebook Pro,Computadores,PE,Marketplace,2,"R$ 6.515,55","4,3%","R$ 7.160,94",nao,1.0
PED-102730,08/05/2025,Mouse Sem Fio,Periféricos,SP,Marketplace,2,"R$ 182,23","4,1%","R$ 522,52",sim,2.0
PED-102731,21/05/2025,Cadeira Ergo,Mobiliário,SC,Marketplace,2,"R$ 1.854,95","6,7%","R$ 5.175,54",sim,3.0
PED-102732,27/02/2025,Webcam HD,Áudio,BA,Marketplace,3,"R$ 320,06","4,9%","R$ 1.224,03",sim,1.0
PED-102733,30/03/2024,Notebook Pro,Computadores,RS,Marketplace,4,"R$ 6.997,02","2,9%","R$ 33.393,13",nao,1.0
PED-102734,07/07/2024,Mesa Ajustável,Mobiliário,PE,E-commerce,3,"R$ 2.476,70","0,6%","R$ 8.096,08",nao,3.0
PED-102735,06/01/2025,Mouse Sem Fio,Periféricos,PR,E-commerce,3,"R$ 161,38","8,5%","R$ 527,79",sim,5.0
PED-102736,24/08/2024,Mesa Ajustável,Mobiliário,SP,Loja Física,2,"R$ 2.229,03","2,9%","R$ 2.485,70",sim,1.0
PED-102737,03/10/2024,Teclado Mecânico,Periféricos,BA,E-commerce,1,"R$ 400,90","19,1%","R$ 289,33",nao,3.0
PED-102738,30/06/2024,Mesa Ajustável,Mobiliário,SP,E-commerce,5,"R$ 2.326,78","6,0%","R$ 13.112,72",sim,2.0
PED-102739,03/07/2024,Webcam HD,Áudio,RJ,Loja Física,3,"R$ 292,35","9,2%","R$ 873,22",nao,5.0
PED-102740,04/11/2024,Mouse Sem Fio,Periféricos,PE,Televendas,2,"R$ 178,54","10,4%","R$ 300,47",nao,5.0
PED-102741,09/06/2025,"Monitor 27""",Periféricos,CE,E-commerce,1,"R$ 1.302,09","11,8%","R$ 1.621,39",sim,1.0
PED-102742,21/08/2024,Headset,Áudio,RS,E-commerce,1,"R$ 368,19","10,1%","R$ 190,10",sim,4.0
PED-102743,22/04/2025,Teclado Mecânico,Periféricos,SP,Televendas,2,"R$ 419,27","14,9%","R$ 1.079,10",sim,2.0
PED-102744,20/09/2025,"Monitor 27""",Periféricos,SP,Loja Física,3,"R$ 1.399,41","14,9%","R$ 3.819,49",nao,5.0
PED-102745,26/03/2024,Cadeira Ergo,Mobiliário,RJ,Marketplace,4,"R$ 2.108,33","8,4%","R$ 9.494,13",sim,3.0
PED-102746,15/08/2025,Headset,Áudio,SC,Televendas,1,"R$ 331,77","11,2%","R$ 342,08",nao,3.0
PED-102747,06/07/2024,"Monitor 27""",Periféricos,PR,Televendas,3,"R$ 1.375,02","9,4%","R$ 4.098,19",sim,5.0
PED-102748,03/03/2024,Headset,Áudio,MG,Televendas,5,"R$ 364,78","6,2%","R$ 2.101,82",sim,4.0
PED-102749,08/06/2025,"Monitor 27""",Periféricos,SC,Televendas,1,"R$ 1.475,03","13,6%","R$ 1.800,07",nao,4.0
PED-102750,05/01/2024,Teclado Mecânico,Periféricos,SP,Loja Física,1,"R$ 434,91","10,9%","R$ 387,56",sim,5.0
PED-102751,27/09/2025,Headset,Áudio,SP,Loja Física,2,"R$ 345,31","6,6%","R$ 689,40",nao,4.0
PED-102752,12/05/2024,Teclado Mecânico,Periféricos,RJ,Loja Física,2,"R$ 388,40","0,0%","R$ 983,53",sim,2.0
PED-102753,26/01/2025,Teclado Mecânico,Periféricos,RS,Loja Física,3,"R$ 401,99","3,9%","R$ 1.381,57",sim,3.0
PED-102754,08/06/2024,Teclado Mecânico,Periféricos,PR,Loja Física,1,"R$ 396,81","1,3%","R$ 469,49",sim,2.0
PED-102755,11/07/2025,"Monitor 27""",Periféricos,GO,Televendas,4,"R$ 1.372,57","5,6%","R$ 6.672,59",sim,4.0
PED-102756,28/03/2025,Webcam HD,Áudio,RJ,E-commerce,3,"R$ 264,86","4,6%","R$ 1.105,06",sim,1.0
PED-102757,21/09/2025,"Monitor 27""",Periféricos,RJ,E-commerce,3,"R$ 1.485,37","0,0%","R$ 4.761,39",sim,2.0
PED-102758,20/05/2025,"Monitor 27""",Periféricos,SP,E-commerce,1,"R$ 1.397,72","0,2%","R$ 2.086,20",sim,2.0
PED-102759,18/04/2025,Webcam HD,Áudio,BA,Loja Física,1,"R$ 284,19","0,0%","R$ 429,93",nao,4.0
PED-102760,27/08/2025,Cadeira Ergo,Mobiliário,SC,Marketplace,4,"R$ 1.699,85","1,7%","R$ 7.758,45",sim,5.0
PED-102761,16/02/2025,Cadeira Ergo,Mobiliário,SP,Televendas,1,"R$ 2.049,80","8,1%","R$ 2.526,59",nao,3.0
PED-102762,15/05/2024,Teclado Mecânico,Periféricos,SP,E-commerce,4,"R$ 471,73","13,5%","R$ 2.067,85",sim,2.0
PED-102763,21/05/2024,Mouse Sem Fio,Periféricos,RJ,Loja Física,1,"R$ 182,15","3,2%","R$ 223,46",sim,4.0
PED-102764,23/02/2025,Cadeira Ergo,Mobiliário,RJ,Televendas,3,"R$ 1.886,15","13,9%","R$ 6.529,12",sim,2.0
PED-102765,25/08/2024,Cadeira Ergo,Mobiliário,SC,Televendas,2,"R$ 1.853,93","11,0%","R$ 1.894,09",sim,2.0
PED-102766,30/04/2025,"Monitor 27""",Periféricos,MG,Televendas,3,"R$ 1.430,41","2,5%","R$ 6.331,04",sim,3.0
PED-102767,03/02/2025,Cadeira Ergo,Mobiliário,SP,Marketplace,3,"R$ 2.107,50","8,6%","R$ 7.749,37",nao,5.0
PED-102768,25/01/2024,Headset,Áudio,RJ,Televendas,1,"R$ 360,37","11,3%","R$ 319,73",nao,2.0
PED-102769,15/08/2025,Headset,Áudio,BA,Televendas,3,"R$ 335,37","10,2%","R$ 1.048,70",nao,4.0
PED-102770,14/09/2025,Notebook Pro,Computadores,CE,Televendas,4,"R$ 6.641,37","16,9%","R$ 23.588,85",sim,1.0
PED-102771,12/07/2024,Webcam HD,Áudio,MG,E-commerce,1,"R$ 276,60","11,1%","R$ 269,57",nao,4.0
PED-102772,30/06/2024,Mesa Ajustável,Mobiliário,SC,Loja Física,4,"R$ 2.388,73","13,8%","R$ 9.878,18",nao,1.0
PED-102773,09/09/2024,Headset,Áudio,RJ,Marketplace,3,"R$ 323,29","9,4%","R$ 801,95",sim,2.0
PED-102774,03/06/2025,Mesa Ajustável,Mobiliário,SP,Televendas,4,"R$ 2.241,32","11,4%","R$ 11.217,23",sim,1.0
PED-102775,15/01/2024,"Monitor 27""",Periféricos,MG,Loja Física,1,"R$ 1.436,52","4,6%","R$ 1.370,30",sim,2.0
PED-102776,24/04/2024,Mesa Ajustável,Mobiliário,SC,Marketplace,1,"R$ 2.546,22","7,9%","R$ 2.996,88",sim,1.0
PED-102777,21/03/2025,Headset,Áudio,PE,Marketplace,2,"R$ 334,85","4,8%","R$ 929,20",sim,2.0
PED-102778,23/09/2024,Teclado Mecânico,Periféricos,SP,Televendas,3,"R$ 400,75","10,2%","R$ 985,47",sim,3.0
PED-102779,10/10/2024,"Monitor 27""",Periféricos,SP,Marketplace,1,"R$ 1.529,68","5,0%","R$ 1.296,56",sim,3.0
PED-102780,22/08/2025,Teclado Mecânico,Periféricos,SP,Marketplace,3,"R$ 460,82","5,4%","R$ 1.518,36",sim,2.0
PED-102781,25/05/2025,Webcam HD,Áudio,PE,Televendas,2,"R$ 284,65","7,3%","R$ 789,31",sim,4.0
PED-102782,12/03/2024,Notebook Pro,Computadores,RJ,Loja Física,2,"R$ 7.138,33","0,0%","R$ 17.540,63",sim,1.0
PED-102783,29/05/2024,Mouse Sem Fio,Periféricos,PE,Marketplace,2,"R$ 186,86","3,6%","R$ 456,46",sim,5.0
PED-102784,16/06/2024,Cadeira Ergo,Mobiliário,MG,Marketplace,3,"R$ 1.786,72","0,0%","R$ 6.425,77",sim,2.0
PED-102785,26/02/2025,Teclado Mecânico,Periféricos,SP,Televendas,5,"R$ 410,97","6,3%","R$ 2.582,72",nao,1.0
PED-102786,01/10/2024,Notebook Pro,Computadores,SP,Loja Física,1,"R$ 7.020,35","13,0%","R$ 5.452,18",sim,1.0
PED-102787,06/03/2025,Notebook Pro,Computadores,RS,Loja Física,1,"R$ 6.712,71","12,1%","R$ 8.594,87",nao,
PED-102788,23/05/2024,"Monitor 27""",Periféricos,PE,Marketplace,2,"R$ 1.387,39","1,3%","R$ 3.467,94",sim,4.0
PED-102789,24/10/2024,Cadeira Ergo,Mobiliário,RJ,Televendas,3,"R$ 2.028,74","1,6%","R$ 5.345,23",sim,3.0
PED-102790,21/08/2024,Cadeira Ergo,Mobiliário,RJ,Marketplace,1,"R$ 2.046,49","10,2%","R$ 1.055,17",sim,1.0
PED-102791,30/04/2024,Headset,Áudio,SP,,2,"R$ 365,11","8,2%","R$ 857,25",sim,5.0
PED-102792,10/05/2024,Mesa Ajustável,Mobiliário,PR,Marketplace,1,"R$ 2.554,12","9,1%","R$ 2.942,48",sim,3.0
PED-102793,14/09/2024,Mesa Ajustável,Mobiliário,SP,E-commerce,3,"R$ 2.367,83","16,7%","R$ 5.400,22",sim,2.0
PED-102794,09/03/2025,Mesa Ajustável,Mobiliário,RS,E-commerce,1,"R$ 2.348,73","11,3%","R$ 3.035,83",sim,3.0
PED-102795,21/04/2025,Headset,Áudio,MG,E-commerce,1,"R$ 323,11","4,1%","R$ 468,67",sim,4.0
PED-102796,10/05/2025,"Monitor 27""",Periféricos,SP,Marketplace,1,"R$ 1.327,15","11,2%","R$ 1.761,68",sim,1.0
PED-102797,01/05/2024,Mouse Sem Fio,Periféricos,SC,Televendas,2,"R$ 189,29","9,8%","R$ 432,51",sim,3.0
PED-102798,05/01/2025,Mesa Ajustável,Mobiliário,RJ,Marketplace,2,"R$ 2.294,10","10,6%","R$ 4.891,49",sim,1.0
PED-102799,27/02/2024,Teclado Mecânico,Periféricos,PR,Televendas,3,"R$ 400,89","5,2%","R$ 1.286,02",sim,2.0
PED-102800,25/03/2024,Notebook Pro,Computadores,MG,Loja Física,1,"R$ 6.744,36","0,4%","R$ 8.254,99",nao,5.0
PED-102801,23/10/2024,Mouse Sem Fio,Periféricos,RS,Televendas,2,"R$ 183,33","11,1%","R$ 291,01",nao,3.0
PED-102802,23/03/2025,Teclado Mecânico,Periféricos,SP,Loja Física,3,"R$ 462,82","12,9%","R$ 1.762,60",sim,2.0
PED-102803,30/05/2024,Headset,Áudio,RJ,Televendas,1,"R$ 370,73","5,8%","R$ 442,46",sim,1.0
PED-102804,19/04/2024,"Monitor 27""",Periféricos,RJ,Televendas,1,"R$ 1.370,83","11,5%","R$ 1.550,85",sim,4.0
PED-102805,27/05/2025,Mouse Sem Fio,Periféricos,MG,Marketplace,2,"R$ 172,76","12,0%","R$ 454,83",sim,4.0
PED-102806,18/01/2025,Headset,Áudio,MG,E-commerce,4,"R$ 365,34","4,6%","R$ 1.661,75",sim,2.0
PED-102807,07/06/2025,Teclado Mecânico,Periféricos,BA,Loja Física,2,"R$ 435,73","0,0%","R$ 1.230,30",nao,4.0
PED-102808,26/02/2024,Teclado Mecânico,Periféricos,GO,Televendas,2,"R$ 388,05","0,0%","R$ 875,26",sim,2.0
PED-102809,27/08/2025,Mesa Ajustável,Mobiliário,RJ,E-commerce,5,"R$ 2.389,90","5,2%","R$ 13.151,78",sim,5.0
PED-102810,31/05/2025,Mouse Sem Fio,Periféricos,RJ,Marketplace,2,"R$ 161,89","4,2%","R$ 464,02",sim,1.0
PED-102811,21/06/2025,Headset,Áudio,RS,E-commerce,3,"R$ 329,20","7,5%","R$ 1.290,26",sim,1.0
PED-102812,06/03/2024,Mesa Ajustável,Mobiliário,SP,E-commerce,1,"R$ 2.513,96","0,0%","R$ 3.088,70",sim,5.0
PED-102813,18/02/2025,Cadeira Ergo,Mobiliário,RS,Marketplace,1,"R$ 1.767,80","7,9%","R$ 2.183,01",sim,5.0
PED-102814,12/12/2024,Teclado Mecânico,Periféricos,RJ,Marketplace,2,"R$ 389,17","3,9%","R$ 782,94",nao,4.0
PED-102815,29/04/2024,"Monitor 27""",Periféricos,SP,Loja Física,1,"R$ 1.424,32","12,7%","R$ 1.589,41",sim,4.0
PED-102816,08/08/2025,Mouse Sem Fio,Periféricos,SP,Televendas,2,"R$ 177,55","10,0%","R$ 370,98",sim,3.0
PED-102817,10/06/2025,"Monitor 27""",Periféricos,RS,Marketplace,5,"R$ 1.484,45","0,0%","R$ 10.479,63",sim,5.0
PED-102818,14/06/2025,Webcam HD,Áudio,PR,Televendas,1,"R$ 285,27","0,0%","R$ 402,77",sim,3.0
PED-102819,10/04/2025,Teclado Mecânico,Periféricos,RJ,Loja Física,4,"R$ 464,57","9,8%","R$ 2.536,82",sim,4.0
PED-102820,23/04/2024,Cadeira Ergo,Mobiliário,SP,E-commerce,3,"R$ 1.878,87","2,3%","R$ 7.043,23",nao,3.0
PED-102821,22/04/2025,Mesa Ajustável,Mobiliário,RJ,E-commerce,2,"R$ 2.665,18","14,0%","R$ 6.938,06",sim,1.0
PED-102822,22/10/2024,"Monitor 27""",Periféricos,SC,Televendas,1,"R$ 1.448,76","19,5%","R$ 1.040,33",sim,3.0
PED-102823,22/03/2025,Mouse Sem Fio,Periféricos,RJ,E-commerce,1,"R$ 193,48","0,0%","R$ 281,94",sim,2.0
PED-102824,15/01/2025,Mouse Sem Fio,Periféricos,SP,E-commerce,4,"R$ 190,53","9,8%","R$ 819,78",sim,4.0
PED-102825,15/06/2025,"Monitor 27""",Periféricos,RJ,E-commerce,3,"R$ 1.203,90","3,7%","R$ 4.908,35",sim,3.0
PED-102826,28/11/2024,Webcam HD,Áudio,PR,E-commerce,5,"R$ 309,82","6,5%","R$ 1.360,04",nao,3.0
PED-102827,09/07/2024,Notebook Pro,Computadores,SP,Loja Física,4,"R$ 6.281,04","11,1%","R$ 24.489,04",nao,5.0
PED-102828,27/02/2025,"Monitor 27""",Periféricos,SP,Televendas,2,"R$ 1.367,42","10,1%","R$ 3.296,00",nao,4.0
PED-102829,06/03/2025,Mesa Ajustável,Mobiliário,RJ,Marketplace,1,"R$ 2.295,68","12,7%","R$ 2.922,00",sim,2.0
PED-102830,05/07/2024,Webcam HD,Áudio,SP,E-commerce,5,"R$ 276,60","0,0%","R$ 1.515,79",sim,5.0
PED-102831,27/11/2024,Cadeira Ergo,Mobiliário,SP,E-commerce,5,"R$ 1.812,23","6,0%","R$ 7.995,81",sim,2.0
PED-102832,01/03/2025,Notebook Pro,Computadores,MG,Loja Física,1,"R$ 7.376,29","13,2%","R$ 9.329,13",sim,5.0
PED-102833,04/08/2024,Notebook Pro,Computadores,MG,Marketplace,1,"R$ 7.251,61","9,2%","R$ 3.777,71",sim,1.0
PED-102834,19/04/2024,"Monitor 27""",Periféricos,SP,Televendas,4,"R$ 1.476,54","12,0%","R$ 6.648,76",sim,3.0
PED-102835,28/07/2024,Mesa Ajustável,Mobiliário,SP,E-commerce,3,"R$ 2.494,09","14,9%","R$ 6.976,85",sim,1.0
PED-102836,18/06/2025,Mouse Sem Fio,Periféricos,SP,Loja Física,2,"R$ 200,36","5,0%","R$ 537,70",sim,2.0
PED-102837,09/04/2024,Teclado Mecânico,Periféricos,BA,E-commerce,1,"R$ 380,21","1,9%","R$ 477,09",sim,3.0
PED-102838,08/09/2024,"Monitor 27""",Periféricos,MG,,1,"R$ 1.353,73","14,9%","R$ 1.051,87",sim,1.0
PED-102839,10/11/2024,Headset,Áudio,RS,Loja Física,2,"R$ 340,19","5,1%","R$ 606,11",sim,1.0
PED-102840,23/05/2025,"Monitor 27""",Periféricos,PR,Marketplace,1,"R$ 1.461,76","4,5%","R$ 2.087,93",sim,
PED-102841,23/08/2024,Notebook Pro,Computadores,SP,Loja Física,2,"R$ 6.625,84","10,7%","R$ 6.792,36",nao,1.0
PED-102842,28/09/2025,Mouse Sem Fio,Periféricos,PR,Televendas,1,"R$ 180,04","2,5%","R$ 187,51",nao,4.0
PED-102843,26/09/2024,Notebook Pro,Computadores,MG,E-commerce,1,"R$ 6.428,73","0,0%","R$ 5.869,99",sim,1.0
PED-102844,22/10/2024,Mouse Sem Fio,Periféricos,BA,Loja Física,1,"R$ 180,92","9,9%","R$ 145,51",nao,1.0
PED-102845,29/06/2025,Notebook Pro,Computadores,RS,E-commerce,2,"R$ 6.661,28","4,7%","R$ 17.921,90",nao,5.0
PED-102846,15/10/2024,"Monitor 27""",Periféricos,BA,Marketplace,1,"R$ 1.460,21","8,6%","R$ 1.190,27",sim,4.0
PED-102847,12/03/2025,Cadeira Ergo,Mobiliário,PR,Televendas,6,"R$ 1.952,99","2,7%","R$ 16.614,83",sim,2.0
PED-102848,13/08/2024,Mesa Ajustável,Mobiliário,SP,E-commerce,3,"R$ 2.235,23","1,0%","R$ 3.810,73",nao,3.0
PED-102849,11/03/2025,Mouse Sem Fio,Periféricos,SC,E-commerce,5,"R$ 172,39","3,2%","R$ 1.216,47",nao,4.0
PED-102850,17/01/2025,Mesa Ajustável,Mobiliário,RS,E-commerce,3,"R$ 2.526,36","7,6%","R$ 8.351,46",sim,4.0
PED-102851,21/09/2025,Cadeira Ergo,Mobiliário,PR,Televendas,1,"R$ 2.119,87","2,0%","R$ 2.220,69",nao,3.0
PED-102852,12/09/2024,Cadeira Ergo,Mobiliário,SC,Televendas,3,"R$ 1.901,45","13,2%","R$ 4.519,79",sim,5.0
PED-102853,19/05/2024,Notebook Pro,Computadores,PE,Marketplace,1,"R$ 6.425,40","14,8%","R$ 6.930,95",nao,5.0
PED-102854,30/03/2024,Mesa Ajustável,Mobiliário,RJ,E-commerce,1,"R$ 2.316,08","7,4%","R$ 2.636,05",nao,3.0
PED-102855,21/11/2024,Teclado Mecânico,Periféricos,CE,E-commerce,1,"R$ 451,81","3,4%","R$ 409,86",nao,5.0
PED-102856,16/11/2024,Headset,Áudio,MG,Marketplace,1,"R$ 347,09","0,0%","R$ 325,91",nao,5.0
PED-102857,29/02/2024,Mesa Ajustável,Mobiliário,SP,Televendas,3,"R$ 2.359,64","4,6%","R$ 7.618,23",nao,3.0
PED-102858,08/01/2024,"Monitor 27""",Periféricos,MG,Marketplace,1,"R$ 1.441,85","4,8%","R$ 1.372,32",sim,2.0
PED-102859,08/09/2024,Headset,Áudio,MG,Loja Física,3,"R$ 354,04","6,9%","R$ 902,42",nao,4.0
PED-102860,23/01/2024,Notebook Pro,Computadores,RJ,Loja Física,1,"R$ 6.742,22","11,9%","R$ 5.939,96",sim,2.0
PED-102861,31/08/2025,Mesa Ajustável,Mobiliário,MG,Loja Física,1,"R$ 2.399,38","6,0%","R$ 2.617,28",sim,3.0
PED-102862,20/05/2025,Webcam HD,Áudio,SC,Marketplace,1,"R$ 312,78","14,5%","R$ 399,81",sim,3.0
PED-102863,24/02/2024,Headset,Áudio,MG,Marketplace,1,"R$ 343,50","9,7%","R$ 349,71",sim,3.0
PED-102864,13/05/2025,Headset,Áudio,SP,E-commerce,1,"R$ 329,82","8,3%","R$ 452,41",nao,3.0
PED-102865,29/04/2025,Notebook Pro,Computadores,BA,E-commerce,3,"R$ 6.962,39","7,0%","R$ 29.392,75",nao,3.0
PED-102866,09/04/2025,Headset,Áudio,MG,Marketplace,2,"R$ 356,24","10,5%","R$ 964,43",nao,5.0
PED-102867,07/07/2025,Mesa Ajustável,Mobiliário,RJ,Marketplace,2,"R$ 2.621,08","1,5%","R$ 6.652,15",nao,2.0
PED-102868,28/03/2025,Headset,Áudio,SP,Loja Física,4,"R$ 338,36","14,7%","R$ 1.682,23",sim,3.0
PED-102869,21/11/2024,Webcam HD,Áudio,GO,Loja Física,4,"R$ 288,85","0,0%","R$ 1.084,92",sim,1.0
PED-102870,09/04/2025,Mesa Ajustável,Mobiliário,CE,E-commerce,1,"R$ 2.294,19","8,7%","R$ 3.169,68",sim,4.0
PED-102871,25/05/2025,Mouse Sem Fio,Periféricos,PR,Marketplace,1,"R$ 188,33","14,1%","R$ 241,85",sim,5.0
PED-102872,08/01/2025,Headset,Áudio,SP,Televendas,1,"R$ 320,24","6,7%","R$ 356,22",sim,2.0
PED-102873,09/10/2024,Cadeira Ergo,Mobiliário,RJ,Televendas,2,"R$ 1.643,15","12,1%","R$ 2.578,50",sim,2.0
PED-102874,01/01/2025,Webcam HD,Áudio,PR,Marketplace,1,"R$ 296,67","10,3%","R$ 317,04",sim,2.0
PED-102875,14/08/2024,Mesa Ajustável,Mobiliário,CE,E-commerce,1,"R$ 2.373,29","4,1%","R$ 1.306,43",sim,1.0
PED-102876,16/09/2024,Cadeira Ergo,Mobiliário,SP,E-commerce,2,"R$ 1.565,50","14,4%","R$ 2.447,63",sim,4.0
PED-102877,19/11/2024,Webcam HD,Áudio,RJ,Loja Física,4,"R$ 296,53","6,8%","R$ 1.038,42",sim,3.0
PED-102878,24/04/2025,Notebook Pro,Computadores,RJ,Televendas,6,"R$ 7.213,83","4,7%","R$ 62.405,24",sim,3.0
PED-102879,04/05/2024,Mouse Sem Fio,Periféricos,RJ,Loja Física,3,"R$ 172,51","0,0%","R$ 655,55",sim,2.0
PED-102880,03/10/2024,Cadeira Ergo,Mobiliário,RJ,E-commerce,4,"R$ 1.928,60","7,8%","R$ 6.347,52",sim,5.0
PED-102881,15/07/2024,Cadeira Ergo,Mobiliário,RS,E-commerce,2,"R$ 2.022,94","0,0%","R$ 4.434,29",nao,1.0
PED-102882,09/04/2024,Notebook Pro,Computadores,MG,E-commerce,2,"R$ 6.494,67","10,2%","R$ 14.918,57",sim,5.0
PED-102883,14/07/2024,Mesa Ajustável,Mobiliário,PR,E-commerce,3,"R$ 2.528,74","4,8%","R$ 7.911,99",nao,3.0
PED-102884,12/07/2024,Teclado Mecânico,Periféricos,PR,E-commerce,3,"R$ 428,00","3,6%","R$ 1.356,15",sim,2.0
PED-102885,24/09/2025,"Monitor 27""",Periféricos,SP,E-commerce,2,"R$ 1.417,98","12,3%","R$ 2.656,06",nao,2.0
PED-102886,05/09/2024,Teclado Mecânico,Periféricos,PE,Loja Física,3,"R$ 410,86","4,4%","R$ 1.075,51",nao,3.0
PED-102887,02/08/2024,"Monitor 27""",Periféricos,RS,Marketplace,2,"R$ 1.472,29","12,8%","R$ 1.474,12",sim,4.0
PED-102888,09/09/2024,Cadeira Ergo,Mobiliário,SC,Marketplace,2,"R$ 1.914,52","2,2%","R$ 3.420,51",nao,5.0
PED-102889,26/05/2024,Teclado Mecânico,Periféricos,SP,Loja Física,1,"R$ 440,45","5,6%","R$ 526,77",nao,4.0
PED-102890,07/08/2025,Webcam HD,Áudio,RJ,E-commerce,1,"R$ 291,72","6,3%","R$ 317,07",sim,5.0
PED-102891,24/08/2025,"Monitor 27""",Periféricos,CE,Televendas,1,"R$ 1.418,79","12,6%","R$ 1.439,53",sim,1.0
PED-102892,08/09/2024,Webcam HD,Áudio,RJ,Loja Física,3,"R$ 322,56","1,1%","R$ 874,13",sim,5.0
PED-102893,29/03/2024,Teclado Mecânico,Periféricos,MG,Televendas,1,"R$ 445,56","0,6%","R$ 543,89",nao,4.0
PED-102894,13/01/2024,Notebook Pro,Computadores,SP,Loja Física,1,"R$ 6.585,79","7,2%","R$ 6.114,03",sim,4.0
PED-102895,10/09/2025,"Monitor 27""",Periféricos,MG,E-commerce,1,"R$ 1.369,00","10,1%","R$ 1.314,78",nao,3.0
PED-102896,15/06/2025,Cadeira Ergo,Mobiliário,CE,Marketplace,3,"R$ 1.898,98","11,9%","R$ 7.090,22",sim,3.0
PED-102897,30/06/2025,"Monitor 27""",Periféricos,SP,Marketplace,1,"R$ 1.446,09","6,9%","R$ 1.901,65",nao,1.0
PED-102898,09/01/2025,Teclado Mecânico,Periféricos,SP,Loja Física,4,"R$ 428,09","0,2%","R$ 2.036,66",sim,3.0
PED-102899,18/02/2025,Webcam HD,Áudio,RS,Marketplace,3,"R$ 293,25","3,2%","R$ 1.141,45",nao,5.0
PED-102900,06/05/2025,Headset,Áudio,RJ,Loja Física,1,"R$ 354,84","12,6%","R$ 463,93",sim,1.0
PED-102901,30/09/2024,Headset,Áudio,SP,Televendas,4,"R$ 338,90","4,8%","R$ 1.177,76",sim,1.0
PED-102902,12/06/2025,Mouse Sem Fio,Periféricos,MG,Loja Física,1,"R$ 171,79","12,2%","R$ 213,00",sim,5.0
PED-102903,06/05/2024,Headset,Áudio,SP,Televendas,1,"R$ 326,25","0,9%","R$ 409,46",sim,3.0
PED-102904,11/10/2024,Cadeira Ergo,Mobiliário,PR,E-commerce,1,"R$ 1.913,64","4,0%","R$ 1.639,55",sim,4.0
PED-102905,08/03/2024,Mesa Ajustável,Mobiliário,MG,E-commerce,4,"R$ 2.365,24","8,3%","R$ 10.654,93",sim,4.0
PED-102906,10/05/2025,Headset,Áudio,BA,E-commerce,4,"R$ 357,45","8,7%","R$ 1.951,18",sim,1.0
PED-102907,07/03/2024,"Monitor 27""",Periféricos,SP,Televendas,1,"R$ 1.318,75","7,5%","R$ 1.498,40",sim,5.0
PED-102908,17/11/2024,Webcam HD,Áudio,SP,E-commerce,1,"R$ 296,20","13,1%","R$ 241,70",nao,5.0
PED-102909,11/08/2024,Cadeira Ergo,Mobiliário,MG,Televendas,2,"R$ 1.811,85","14,9%","R$ 1.769,27",nao,2.0
PED-102910,28/09/2025,Mouse Sem Fio,Periféricos,SP,Loja Física,3,"R$ 198,67","1,9%","R$ 624,55",sim,4.0
PED-102911,17/09/2024,Mesa Ajustável,Mobiliário,BA,Loja Física,2,"R$ 2.368,73","12,4%","R$ 3.789,02",nao,4.0
PED-102912,31/03/2024,Headset,Áudio,SP,Marketplace,5,"R$ 323,10","17,5%","R$ 1.637,97",sim,2.0
PED-102913,14/08/2025,Mesa Ajustável,Mobiliário,SC,Televendas,1,"R$ 2.316,39","10,9%","R$ 2.395,87",sim,2.0
PED-102914,19/12/2024,Cadeira Ergo,Mobiliário,RJ,E-commerce,3,"R$ 1.626,67","7,4%","R$ 4.731,20",nao,3.0
PED-102915,09/12/2024,Webcam HD,Áudio,SP,Televendas,4,"R$ 285,82","4,1%","R$ 1.147,51",sim,4.0
PED-102916,09/02/2025,Headset,Áudio,RJ,E-commerce,1,"R$ 329,29","14,5%","R$ 377,55",nao,3.0
PED-102917,26/09/2025,Webcam HD,Áudio,SP,Loja Física,6,"R$ 295,01","10,0%","R$ 1.701,59",sim,1.0
PED-102918,17/01/2024,Mouse Sem Fio,Periféricos,PE,Marketplace,2,"R$ 167,77","13,4%","R$ 290,69",sim,2.0
PED-102919,06/04/2025,"Monitor 27""",Periféricos,SP,Loja Física,1,"R$ 1.490,40","6,6%","R$ 2.105,82",nao,5.0
PED-102920,18/10/2024,Headset,Áudio,CE,Marketplace,1,"R$ 329,96","8,9%","R$ 268,27",nao,5.0
PED-102921,03/04/2024,Mouse Sem Fio,Periféricos,SC,Marketplace,3,"R$ 179,62","7,0%","R$ 640,78",sim,4.0
PED-102922,03/08/2025,Cadeira Ergo,Mobiliário,RS,Marketplace,4,"R$ 1.916,85","2,0%","R$ 8.722,12",sim,4.0
PED-102923,20/12/2024,"Monitor 27""",Periféricos,RS,Marketplace,4,"R$ 1.386,62","11,3%","R$ 5.148,11",sim,3.0
PED-102924,07/08/2025,Cadeira Ergo,Mobiliário,SP,Televendas,2,"R$ 1.984,82","3,0%","R$ 4.468,98",sim,3.0
PED-102925,11/04/2024,Notebook Pro,Computadores,SP,Marketplace,4,"R$ 6.939,53","13,8%","R$ 30.583,97",sim,3.0
PED-102926,08/03/2025,Teclado Mecânico,Periféricos,PR,E-commerce,4,"R$ 425,17","10,9%","R$ 2.208,14",sim,1.0
PED-102927,26/01/2024,Headset,Áudio,BA,Loja Física,3,"R$ 300,64","9,7%","R$ 814,44",nao,5.0
PED-102928,22/09/2025,Notebook Pro,Computadores,PR,Marketplace,1,"R$ 6.460,00","10,3%","R$ 6.191,22",sim,4.0
PED-102929,27/08/2025,Webcam HD,Áudio,RJ,Marketplace,1,"R$ 259,14","4,7%","R$ 286,71",nao,1.0
PED-102930,19/07/2025,Mouse Sem Fio,Periféricos,SP,E-commerce,1,"R$ 180,42","9,2%","R$ 210,93",sim,2.0
PED-102931,04/08/2024,Webcam HD,Áudio,PR,Marketplace,2,"R$ 281,34","0,0%","R$ 322,98",sim,1.0
PED-102932,22/03/2025,"Monitor 27""",Periféricos,MG,Televendas,2,"R$ 1.490,36","16,1%","R$ 3.642,89",sim,3.0
PED-102933,01/05/2024,Webcam HD,Áudio,SP,Marketplace,1,"R$ 280,82","13,4%","R$ 307,90",sim,5.0
PED-102934,21/06/2025,Mouse Sem Fio,Periféricos,CE,E-commerce,3,"R$ 180,95","16,0%","R$ 643,99",nao,2.0
PED-102935,06/03/2024,Mouse Sem Fio,Periféricos,SP,Televendas,1,"R$ 182,84","7,7%","R$ 207,33",sim,4.0
PED-102936,15/04/2025,Headset,Áudio,SP,Marketplace,5,"R$ 313,45","3,2%","R$ 2.294,84",nao,4.0
PED-102937,21/02/2025,Webcam HD,Áudio,SC,Marketplace,5,"R$ 298,68","0,0%","R$ 2.002,45",sim,3.0
PED-102938,07/07/2024,Notebook Pro,Computadores,GO,E-commerce,1,"R$ 6.815,55","11,1%","R$ 6.643,90",sim,4.0
PED-102939,22/10/2024,"Monitor 27""",Periféricos,SP,Loja Física,2,"R$ 1.365,29","5,7%","R$ 2.298,54",nao,5.0
PED-102940,30/10/2024,Webcam HD,Áudio,SP,Televendas,1,"R$ 307,12","2,3%","R$ 267,62",sim,1.0
PED-102941,08/01/2024,Mouse Sem Fio,Periféricos,RS,Loja Física,2,"R$ 207,53","3,1%","R$ 402,31",sim,4.0
PED-102942,03/02/2024,Webcam HD,Áudio,RS,Loja Física,3,"R$ 283,46","13,7%","R$ 827,20",sim,1.0
PED-102943,02/04/2025,Webcam HD,Áudio,RS,Loja Física,4,"R$ 297,18","0,0%","R$ 1.798,28",sim,2.0
PED-102944,15/03/2025,Mouse Sem Fio,Periféricos,MG,Televendas,1,"R$ 161,80","16,1%","R$ 197,90",nao,3.0
PED-102945,13/06/2024,Teclado Mecânico,Periféricos,SP,Marketplace,3,"R$ 431,84","16,3%","R$ 1.300,49",sim,1.0
PED-102946,12/10/2024,Webcam HD,Áudio,RJ,Televendas,4,"R$ 272,74","11,2%","R$ 864,23",nao,2.0
PED-102947,14/05/2025,Mouse Sem Fio,Periféricos,BA,Marketplace,1,"R$ 163,31","3,2%","R$ 236,30",sim,3.0
PED-102948,10/03/2025,Notebook Pro,Computadores,SP,E-commerce,1,"R$ 6.713,06","3,8%","R$ 9.411,11",sim,3.0
PED-102949,08/11/2024,Mesa Ajustável,Mobiliário,SP,Marketplace,2,"R$ 2.259,74","14,6%","R$ 3.622,93",nao,
PED-102950,07/07/2025,"Monitor 27""",Periféricos,PE,Loja Física,1,"R$ 1.383,62","6,9%","R$ 1.658,89",sim,5.0
PED-102951,08/12/2024,Cadeira Ergo,Mobiliário,MG,Marketplace,6,"R$ 1.965,73","9,4%","R$ 11.180,57",sim,4.0
PED-102952,04/01/2024,Mouse Sem Fio,Periféricos,CE,Televendas,2,"R$ 188,98","7,0%","R$ 351,34",nao,1.0
PED-102953,19/10/2024,Mesa Ajustável,Mobiliário,RJ,Marketplace,2,"R$ 2.609,78","1,6%","R$ 4.584,11",nao,2.0
PED-102954,04/06/2024,Mesa Ajustável,Mobiliário,RJ,Loja Física,4,"R$ 2.213,25","2,7%","R$ 10.325,07",sim,
PED-102955,08/03/2025,Teclado Mecânico,Periféricos,CE,E-commerce,2,"R$ 419,33","13,5%","R$ 1.057,67",sim,2.0
PED-102956,08/03/2024,Cadeira Ergo,Mobiliário,SC,E-commerce,1,"R$ 1.894,64","9,3%","R$ 2.110,75",sim,2.0
PED-102957,25/09/2025,Cadeira Ergo,Mobiliário,SC,Loja Física,1,"R$ 1.818,69","11,0%","R$ 1.729,07",nao,5.0
PED-102958,23/01/2025,Notebook Pro,Computadores,PR,Loja Física,3,"R$ 6.799,00","9,4%","R$ 22.022,64",sim,2.0
PED-102959,25/05/2025,Cadeira Ergo,Mobiliário,RS,E-commerce,2,"R$ 1.987,04","9,3%","R$ 5.392,52",sim,2.0
PED-102960,21/10/2024,Cadeira Ergo,Mobiliário,BA,Televendas,1,"R$ 1.803,13","5,6%","R$ 1.518,49",sim,3.0
PED-102961,14/02/2024,Cadeira Ergo,Mobiliário,SP,Marketplace,7,"R$ 1.904,26","4,9%","R$ 14.289,17",sim,5.0
PED-102962,06/10/2024,Mouse Sem Fio,Periféricos,RJ,Loja Física,3,"R$ 206,04","7,2%","R$ 511,76",nao,1.0
PED-102963,12/11/2024,Webcam HD,Áudio,RJ,Loja Física,1,"R$ 290,96","7,1%","R$ 253,94",nao,4.0
PED-102964,25/09/2024,Webcam HD,Áudio,RJ,E-commerce,3,"R$ 285,43","6,9%","R$ 727,93",sim,1.0
PED-102965,29/05/2024,Webcam HD,Áudio,SP,Loja Física,2,"R$ 310,76","3,4%","R$ 760,41",sim,4.0
PED-102966,12/05/2024,Cadeira Ergo,Mobiliário,RS,Loja Física,4,"R$ 1.733,79","5,6%","R$ 8.297,03",sim,2.0
PED-102967,06/03/2024,"Monitor 27""",Periféricos,SP,Marketplace,2,"R$ 1.449,57","8,2%","R$ 3.268,66",nao,4.0
PED-102968,14/11/2024,Mesa Ajustável,Mobiliário,SP,Televendas,5,"R$ 2.023,28","0,0%","R$ 9.499,21",nao,2.0
PED-102969,04/05/2024,Webcam HD,Áudio,SP,Marketplace,2,"R$ 284,49","13,1%","R$ 626,18",sim,2.0
PED-102970,04/02/2025,Mesa Ajustável,Mobiliário,RJ,Marketplace,1,"R$ 2.483,64","5,9%","R$ 3.135,26",nao,2.0
PED-102971,07/06/2024,Cadeira Ergo,Mobiliário,RS,Televendas,2,"R$ 1.776,98","0,7%","R$ 4.231,62",sim,4.0
PED-102972,05/10/2024,Headset,Áudio,MG,E-commerce,5,"R$ 315,99","8,2%","R$ 1.294,03",sim,1.0
PED-102973,06/09/2025,Teclado Mecânico,Periféricos,BA,Marketplace,4,"R$ 422,93","10,1%","R$ 1.624,49",sim,2.0
PED-102974,01/12/2024,Teclado Mecânico,Periféricos,SP,Marketplace,3,"R$ 382,06","10,3%","R$ 1.076,60",sim,4.0
PED-102975,21/04/2025,Mouse Sem Fio,Periféricos,SC,Loja Física,3,"R$ 172,53","4,6%","R$ 746,90",sim,4.0
PED-102976,12/03/2025,Mesa Ajustável,Mobiliário,SP,Loja Física,3,"R$ 2.363,50","5,8%","R$ 9.728,33",nao,5.0
PED-102977,29/06/2025,Headset,Áudio,SC,E-commerce,1,"R$ 340,53","12,0%","R$ 422,96",sim,4.0
PED-102978,05/02/2024,Mesa Ajustável,Mobiliário,SP,Televendas,2,"R$ 2.691,36","0,0%","R$ 6.070,41",nao,3.0
PED-102979,23/03/2025,Mesa Ajustável,Mobiliário,MG,E-commerce,4,"R$ 2.451,70","3,8%","R$ 13.752,88",sim,2.0
PED-102980,01/06/2024,Mesa Ajustável,Mobiliário,BA,Marketplace,1,"R$ 2.454,19","6,3%","R$ 2.756,51",sim,5.0
PED-102981,21/07/2024,"Monitor 27""",Periféricos,MG,E-commerce,1,"R$ 1.546,52","18,2%","R$ 1.386,11",sim,1.0
PED-102982,02/08/2025,"Monitor 27""",Periféricos,MG,Marketplace,1,"R$ 1.446,83","9,5%","R$ 1.519,52",sim,5.0
PED-102983,07/09/2024,Webcam HD,Áudio,RJ,Marketplace,2,"R$ 320,10","1,5%","R$ 575,75",sim,5.0
PED-102984,25/11/2024,Mouse Sem Fio,Periféricos,RS,Loja Física,2,"R$ 180,67","0,0%","R$ 339,30",sim,3.0
PED-102985,09/10/2024,Mouse Sem Fio,Periféricos,RJ,Marketplace,1,"R$ 170,82","12,1%","R$ 133,97",sim,3.0
PED-102986,09/03/2024,Teclado Mecânico,Periféricos,BA,Televendas,1,"R$ 436,00","12,7%","R$ 467,57",sim,2.0
PED-102987,06/07/2024,Teclado Mecânico,Periféricos,PE,Loja Física,2,"R$ 388,33","7,1%","R$ 790,78",sim,5.0
PED-102988,06/04/2024,Headset,Áudio,MG,Marketplace,2,"R$ 356,13","7,2%","R$ 844,89",nao,2.0
PED-102989,26/09/2024,Webcam HD,Áudio,RJ,Televendas,1,"R$ 275,60","10,8%","R$ 224,40",sim,3.0
PED-102990,02/01/2024,Cadeira Ergo,Mobiliário,BA,Loja Física,2,"R$ 1.820,39","7,4%","R$ 3.370,35",nao,3.0
PED-102991,08/05/2025,Mesa Ajustável,Mobiliário,RS,Marketplace,3,"R$ 2.486,65","14,0%","R$ 9.593,40",sim,2.0
PED-102992,08/12/2024,"Monitor 27""",Periféricos,MG,Marketplace,3,"R$ 1.428,57","6,6%","R$ 4.189,90",sim,1.0
PED-102993,18/02/2024,Headset,Áudio,SP,Marketplace,2,"R$ 328,61","11,3%","R$ 657,34",sim,4.0
PED-102994,26/09/2025,"Monitor 27""",Periféricos,RS,Loja Física,2,"R$ 1.395,85","4,0%","R$ 2.863,39",nao,3.0
PED-102995,26/06/2024,Teclado Mecânico,Periféricos,SP,Marketplace,2,"R$ 412,70","9,8%","R$ 892,37",sim,2.0
PED-102996,10/08/2024,"Monitor 27""",Periféricos,CE,Loja Física,2,"R$ 1.444,03","0,0%","R$ 1.657,79",sim,1.0
PED-102997,02/11/2024,Mouse Sem Fio,Periféricos,PR,Televendas,1,"R$ 181,71","3,7%","R$ 164,25",sim,3.0
PED-102998,08/12/2024,Headset,Áudio,RJ,Loja Física,2,"R$ 337,35","8,7%","R$ 644,96",sim,4.0
PED-102999,08/03/2025,Mouse Sem Fio,Periféricos,SP,Loja Física,2,"R$ 194,22","15,3%","R$ 479,19",nao,4.0
PED-103000,06/12/2024,Teclado Mecânico,Periféricos,MG,E-commerce,1,"R$ 421,40","12,8%","R$ 384,48",nao,1.0
PED-103001,17/02/2025,"Monitor 27""",Periféricos,SP,Televendas,1,"R$ 1.481,06","4,1%","R$ 1.905,39",sim,2.0
PED-103002,17/07/2024,"Monitor 27""",Periféricos,SP,Televendas,3,"R$ 1.504,48","6,3%","R$ 4.632,72",sim,4.0
PED-103003,08/04/2025,Cadeira Ergo,Mobiliário,RJ,E-commerce,2,"R$ 1.875,27","3,3%","R$ 5.487,76",sim,3.0
PED-103004,29/06/2025,Notebook Pro,Computadores,BA,Televendas,1,"R$ 6.437,19","1,4%","R$ 8.963,46",nao,5.0
PED-103005,08/03/2024,Webcam HD,Áudio,SP,E-commerce,2,"R$ 295,55","7,1%","R$ 674,35",sim,3.0
PED-103006,17/03/2024,Teclado Mecânico,Periféricos,SP,Televendas,2,"R$ 444,09","1,0%","R$ 1.079,84",nao,4.0
PED-103007,25/04/2024,Notebook Pro,Computadores,BA,Loja Física,2,"R$ 7.179,45","17,6%","R$ 15.134,05",nao,5.0
PED-103008,31/07/2024,Notebook Pro,Computadores,RJ,Loja Física,1,"R$ 6.302,26","12,0%","R$ 6.079,52",nao,2.0
PED-103009,16/07/2024,Teclado Mecânico,Periféricos,SP,E-commerce,1,"R$ 452,50","9,5%","R$ 448,70",sim,3.0
PED-103010,14/05/2025,Notebook Pro,Computadores,MG,Loja Física,5,"R$ 7.247,44","0,0%","R$ 54.185,47",sim,4.0
PED-103011,29/06/2024,"Monitor 27""",Periféricos,SP,Televendas,1,"R$ 1.474,42","7,9%","R$ 1.628,62",nao,3.0
PED-103012,21/07/2025,Teclado Mecânico,Periféricos,SP,E-commerce,3,"R$ 420,38","15,0%","R$ 1.380,71",sim,1.0
PED-103013,28/04/2025,Mesa Ajustável,Mobiliário,RS,E-commerce,1,"R$ 2.311,81","7,9%","R$ 3.221,46",sim,5.0
PED-103014,24/08/2025,Mesa Ajustável,Mobiliário,MG,E-commerce,1,"R$ 2.196,16","12,1%","R$ 2.240,23",sim,3.0
PED-103015,27/09/2025,"Monitor 27""",Periféricos,CE,Televendas,2,"R$ 1.383,56","2,2%","R$ 2.892,15",sim,4.0
PED-103016,15/02/2024,Mesa Ajustável,Mobiliário,RJ,Loja Física,3,"R$ 2.461,97","5,7%","R$ 7.850,85",sim,3.0
PED-103017,13/03/2025,Mesa Ajustável,Mobiliário,SP,Loja Física,1,"R$ 2.396,12","15,4%","R$ 2.953,89",sim,1.0
PED-103018,08/07/2025,Mesa Ajustável,Mobiliário,RJ,E-commerce,1,"R$ 2.555,10","2,5%","R$ 3.207,20",nao,3.0
PED-103019,22/01/2024,Cadeira Ergo,Mobiliário,RS,Marketplace,3,"R$ 1.815,27","1,8%","R$ 5.350,11",sim,5.0
PED-103020,15/04/2024,Notebook Pro,Computadores,BA,Televendas,2,"R$ 6.998,82","10,5%","R$ 16.023,13",sim,2.0
PED-103021,09/07/2024,Mouse Sem Fio,Periféricos,PR,Marketplace,3,"R$ 198,84","9,6%","R$ 590,79",sim,1.0
PED-103022,12/05/2024,Notebook Pro,Computadores,SP,E-commerce,5,"R$ 6.845,04","7,3%","R$ 40.167,49",sim,2.0
PED-103023,28/05/2025,Webcam HD,Áudio,BA,E-commerce,1,"R$ 309,94","3,1%","R$ 449,18",nao,3.0
PED-103024,26/03/2024,Mesa Ajustável,Mobiliário,PR,Televendas,1,"R$ 2.419,43","7,9%","R$ 2.738,13",sim,2.0
PED-103025,14/08/2025,Headset,Áudio,SP,Televendas,1,"R$ 323,07","9,0%","R$ 341,33",nao,2.0
PED-103026,16/08/2024,Mouse Sem Fio,Periféricos,SP,E-commerce,5,"R$ 176,68","0,0%","R$ 507,07",sim,5.0
PED-103027,15/01/2025,Mouse Sem Fio,Periféricos,SP,Televendas,1,"R$ 189,26","1,7%","R$ 221,78",nao,5.0
PED-103028,18/09/2024,"Monitor 27""",Periféricos,SP,Loja Física,2,"R$ 1.378,40","5,2%","R$ 2.387,51",sim,4.0
PED-103029,11/08/2024,Notebook Pro,Computadores,BA,Loja Física,1,"R$ 6.987,46","6,1%","R$ 3.765,41",sim,5.0
PED-103030,07/07/2025,Teclado Mecânico,Periféricos,PR,Marketplace,4,"R$ 407,76","9,5%","R$ 1.901,43",nao,
PED-103031,15/08/2024,Cadeira Ergo,Mobiliário,RJ,E-commerce,1,"R$ 1.817,43","17,0%","R$ 865,48",nao,2.0
PED-103032,18/09/2025,Webcam HD,Áudio,SP,E-commerce,1,"R$ 302,65","14,2%","R$ 277,33",nao,2.0
PED-103033,09/02/2025,Cadeira Ergo,Mobiliário,SP,Televendas,1,"R$ 1.821,38","2,8%","R$ 2.373,23",sim,4.0
PED-103034,18/08/2024,Cadeira Ergo,Mobiliário,BA,Loja Física,2,"R$ 1.972,05","12,0%","R$ 1.992,39",nao,3.0
PED-103035,07/07/2025,"Monitor 27""",Periféricos,RJ,Televendas,2,"R$ 1.427,36","3,5%","R$ 3.547,05",nao,1.0
PED-103036,26/06/2024,"Monitor 27""",Periféricos,PR,Televendas,3,"R$ 1.547,94","6,0%","R$ 5.231,19",sim,5.0
PED-103037,06/08/2024,Webcam HD,Áudio,SP,E-commerce,1,"R$ 273,77","10,2%","R$ 141,15",nao,
PED-103038,22/07/2025,"Monitor 27""",Periféricos,MG,Loja Física,2,"R$ 1.510,16","14,3%","R$ 3.333,73",sim,4.0
PED-103039,02/05/2024,Mesa Ajustável,Mobiliário,PR,Loja Física,1,"R$ 2.543,60","11,3%","R$ 2.857,80",sim,2.0
PED-103040,19/07/2025,Teclado Mecânico,Periféricos,SC,Televendas,1,"R$ 437,24","5,4%","R$ 532,96",sim,1.0
PED-103041,02/01/2024,Mouse Sem Fio,Periféricos,SC,Marketplace,2,"R$ 179,23","15,5%","R$ 302,94",nao,1.0
PED-103042,06/01/2024,Mouse Sem Fio,Periféricos,RS,Televendas,2,"R$ 184,94","13,9%","R$ 318,48",sim,1.0
PED-103043,28/03/2024,Headset,Áudio,RJ,Televendas,3,"R$ 349,48","13,2%","R$ 1.117,95",sim,3.0
PED-103044,28/01/2025,Notebook Pro,Computadores,SP,Televendas,1,"R$ 7.239,01","7,1%","R$ 8.014,25",sim,4.0
PED-103045,28/06/2025,Mouse Sem Fio,Periféricos,PR,Televendas,1,"R$ 173,87","17,1%","R$ 203,50",sim,1.0
PED-103046,25/06/2025,Mesa Ajustável,Mobiliário,RJ,Marketplace,4,"R$ 2.507,78","6,9%","R$ 13.184,93",nao,3.0
PED-103047,03/02/2025,Mesa Ajustável,Mobiliário,SC,E-commerce,3,"R$ 2.371,49","10,4%","R$ 8.548,85",sim,1.0
PED-103048,14/02/2025,Webcam HD,Áudio,RJ,Marketplace,3,"R$ 295,72","6,7%","R$ 1.110,00",nao,3.0
PED-103049,26/09/2025,Headset,Áudio,RS,Loja Física,3,"R$ 331,46","2,6%","R$ 1.034,38",sim,3.0
PED-103050,30/08/2025,"Monitor 27""",Periféricos,SP,E-commerce,2,"R$ 1.562,14","3,8%","R$ 3.487,08",sim,5.0
PED-103051,14/02/2024,Webcam HD,Áudio,MG,Loja Física,1,"R$ 277,06","5,2%","R$ 296,36",sim,5.0
PED-103052,24/12/2024,Teclado Mecânico,Periféricos,RS,E-commerce,3,"R$ 433,93","8,1%","R$ 1.252,57",nao,5.0
PED-103053,22/08/2024,Headset,Áudio,RS,Marketplace,5,"R$ 334,83","8,9%","R$ 875,07",sim,5.0
PED-103054,27/03/2024,Headset,Áudio,CE,Loja Física,1,"R$ 328,69","10,5%","R$ 361,39",sim,1.0
PED-103055,24/05/2025,Mouse Sem Fio,Periféricos,MG,E-commerce,3,"R$ 189,76","14,6%","R$ 726,96",sim,5.0
PED-103056,13/12/2024,Notebook Pro,Computadores,PE,E-commerce,3,"R$ 7.271,84","11,3%","R$ 20.243,98",nao,4.0
PED-103057,27/02/2025,Mesa Ajustável,Mobiliário,CE,Marketplace,2,"R$ 2.539,71","0,2%","R$ 6.794,87",nao,2.0
PED-103058,26/11/2024,Teclado Mecânico,Periféricos,RJ,Loja Física,5,"R$ 403,82","9,9%","R$ 1.708,53",sim,1.0
PED-103059,12/02/2024,Teclado Mecânico,Periféricos,SP,E-commerce,3,"R$ 399,67","6,6%","R$ 1.263,33",nao,2.0
PED-103060,08/07/2025,Teclado Mecânico,Periféricos,RS,E-commerce,2,"R$ 386,30","9,1%","R$ 904,92",nao,2.0
PED-103061,13/09/2024,Cadeira Ergo,Mobiliário,RJ,E-commerce,1,"R$ 1.947,39","6,8%","R$ 1.656,90",sim,4.0
PED-103062,20/05/2024,Mesa Ajustável,Mobiliário,MG,E-commerce,2,"R$ 2.558,40","15,8%","R$ 5.458,44",nao,5.0
PED-103063,12/02/2025,Headset,Áudio,MG,E-commerce,1,"R$ 359,30","14,6%","R$ 411,45",nao,2.0
PED-103064,13/07/2024,Cadeira Ergo,Mobiliário,PR,Marketplace,1,"R$ 2.044,58","9,0%","R$ 2.038,76",sim,5.0
PED-103065,16/03/2025,"Monitor 27""",Periféricos,SP,Loja Física,4,"R$ 1.449,61","11,9%","R$ 7.446,64",sim,1.0
PED-103066,22/11/2024,Mesa Ajustável,Mobiliário,RJ,Loja Física,3,"R$ 2.437,33","6,4%","R$ 6.423,72",sim,3.0
PED-103067,16/10/2024,Webcam HD,Áudio,SP,Marketplace,1,"R$ 303,69","7,9%","R$ 249,70",nao,5.0
PED-103068,04/03/2024,Notebook Pro,Computadores,PR,Loja Física,1,"R$ 6.696,04","9,8%","R$ 7.424,59",sim,1.0
PED-103069,30/04/2024,"Monitor 27""",Periféricos,BA,E-commerce,1,"R$ 1.391,06","6,4%","R$ 1.665,39",nao,5.0
PED-103070,07/07/2025,Notebook Pro,Computadores,SP,Loja Física,4,"R$ 6.905,84","4,2%","R$ 34.069,33",sim,
PED-103071,10/09/2025,Headset,Áudio,SP,E-commerce,4,"R$ 322,77","6,4%","R$ 1.291,66",nao,4.0
PED-103072,19/12/2024,"Monitor 27""",Periféricos,SP,Loja Física,1,"R$ 1.487,21","4,4%","R$ 1.488,19",sim,3.0
PED-103073,25/10/2024,Webcam HD,Áudio,RJ,E-commerce,1,"R$ 283,48","17,6%","R$ 208,55",nao,5.0
PED-103074,24/04/2024,Mesa Ajustável,Mobiliário,RS,Loja Física,1,"R$ 2.285,48","4,3%","R$ 2.797,38",sim,1.0
PED-103075,04/04/2025,Mesa Ajustável,Mobiliário,SP,E-commerce,1,"R$ 2.391,23","10,2%","R$ 3.249,98",sim,3.0
PED-103076,18/02/2025,"Monitor 27""",Periféricos,SP,Loja Física,5,"R$ 1.475,94","11,9%","R$ 8.719,32",sim,5.0
PED-103077,08/12/2024,"Monitor 27""",Periféricos,SC,Loja Física,6,"R$ 1.609,05","0,6%","R$ 10.048,53",nao,2.0
PED-103078,20/06/2024,Teclado Mecânico,Periféricos,GO,Loja Física,3,"R$ 387,15","0,0%","R$ 1.392,36",sim,2.0
PED-103079,21/02/2024,Webcam HD,Áudio,BA,E-commerce,1,"R$ 302,06","15,9%","R$ 286,39",sim,5.0
PED-103080,12/09/2025,Mouse Sem Fio,Periféricos,RJ,Marketplace,4,"R$ 169,99","5,0%","R$ 690,37",nao,2.0
PED-103081,31/05/2024,Notebook Pro,Computadores,RS,Marketplace,2,"R$ 7.201,30","0,0%","R$ 18.244,04",sim,5.0
PED-103082,22/02/2025,Webcam HD,Áudio,PR,Marketplace,3,"R$ 273,94","2,7%","R$ 1.072,70",sim,2.0
PED-103083,10/02/2024,Webcam HD,Áudio,RJ,Marketplace,2,"R$ 267,19","10,0%","R$ 542,20",nao,3.0
PED-103084,13/03/2025,Webcam HD,Áudio,GO,Loja Física,3,"R$ 307,87","0,0%","R$ 1.345,90",nao,2.0
PED-103085,02/05/2024,Cadeira Ergo,Mobiliário,PR,Marketplace,1,"R$ 1.884,21","0,0%","R$ 2.386,76",sim,5.0
PED-103086,23/03/2025,Mouse Sem Fio,Periféricos,PR,Marketplace,2,"R$ 192,92","12,4%","R$ 492,37",sim,2.0
PED-103087,08/05/2024,Teclado Mecânico,Periféricos,MG,Marketplace,1,"R$ 377,68","9,8%","R$ 431,53",nao,1.0
PED-103088,13/11/2024,"Monitor 27""",Periféricos,SC,Marketplace,1,"R$ 1.525,85","9,6%","R$ 1.295,22",sim,1.0
PED-103089,22/09/2024,Mesa Ajustável,Mobiliário,RJ,Televendas,2,"R$ 2.287,08","9,2%","R$ 3.792,85",nao,1.0
PED-103090,23/11/2024,"Monitor 27""",Periféricos,RJ,Loja Física,2,"R$ 1.432,47","2,1%","R$ 2.632,43",sim,4.0
PED-103091,24/07/2024,Headset,Áudio,SP,Televendas,1,"R$ 326,36","6,4%","R$ 334,97",sim,3.0
PED-103092,04/08/2024,Teclado Mecânico,Periféricos,RJ,Loja Física,4,"R$ 415,39","15,1%","R$ 809,90",sim,2.0
PED-103093,20/08/2024,Webcam HD,Áudio,RJ,E-commerce,1,"R$ 285,44","11,9%","R$ 144,28",nao,4.0
PED-103094,11/02/2025,Headset,Áudio,RS,Marketplace,1,"R$ 369,11","12,2%","R$ 434,67",nao,3.0
PED-103095,06/06/2025,Notebook Pro,Computadores,MG,E-commerce,2,"R$ 7.068,84","18,9%","R$ 16.196,15",nao,5.0
PED-103096,22/08/2024,Mesa Ajustável,Mobiliário,RS,Televendas,3,"R$ 2.513,43","14,8%","R$ 3.688,92",nao,4.0
PED-103097,14/01/2024,Headset,Áudio,PR,Televendas,3,"R$ 354,82","9,7%","R$ 961,06",sim,4.0
PED-103098,04/05/2024,Teclado Mecânico,Periféricos,RJ,Televendas,2,"R$ 400,06","12,7%","R$ 884,39",sim,2.0
PED-103099,07/03/2024,Headset,Áudio,RS,Marketplace,1,"R$ 375,02","12,4%","R$ 403,62",nao,5.0
PED-103100,06/02/2025,"Monitor 27""",Periféricos,RJ,Televendas,1,"R$ 1.491,12","4,9%","R$ 1.901,47",sim,1.0
PED-103101,31/05/2025,"Monitor 27""",Periféricos,SP,Marketplace,4,"R$ 1.613,96","6,0%","R$ 9.076,73",sim,3.0
PED-103102,15/05/2024,Notebook Pro,Computadores,SP,Loja Física,3,"R$ 6.368,53","12,1%","R$ 21.279,89",sim,3.0
PED-103103,07/12/2024,Cadeira Ergo,Mobiliário,PR,Marketplace,2,"R$ 2.000,76","3,6%","R$ 4.038,09",nao,2.0
PED-103104,01/11/2024,Teclado Mecânico,Periféricos,SP,Televendas,3,"R$ 444,86","1,9%","R$ 1.229,39",nao,3.0
PED-103105,07/10/2024,Mesa Ajustável,Mobiliário,RJ,Loja Física,1,"R$ 2.451,80","4,8%","R$ 2.082,26",sim,
PED-103106,20/07/2025,Mesa Ajustável,Mobiliário,RJ,Loja Física,1,"R$ 2.458,17","6,6%","R$ 2.955,87",sim,4.0
PED-103107,20/06/2024,Headset,Áudio,MG,E-commerce,3,"R$ 348,54","8,2%","R$ 1.151,33",nao,2.0
PED-103108,03/02/2025,Teclado Mecânico,Periféricos,MG,E-commerce,2,"R$ 421,39","8,8%","R$ 1.030,58",sim,4.0
PED-103109,13/12/2024,Headset,Áudio,RJ,Televendas,3,"R$ 345,83","13,8%","R$ 935,64",sim,4.0
PED-103110,14/07/2025,Webcam HD,Áudio,PR,Televendas,1,"R$ 251,05","3,8%","R$ 310,97",sim,2.0
PED-103111,21/05/2024,"Monitor 27""",Periféricos,RS,Marketplace,1,"R$ 1.459,20","7,7%","R$ 1.706,80",sim,3.0
PED-103112,20/08/2025,Mesa Ajustável,Mobiliário,SP,Loja Física,3,"R$ 2.555,26","3,8%","R$ 8.560,86",sim,3.0
PED-103113,03/07/2025,Headset,Áudio,MG,Televendas,1,"R$ 313,14","9,4%","R$ 365,39",sim,2.0
PED-103114,13/10/2024,Headset,Áudio,MG,Televendas,1,"R$ 364,01","18,4%","R$ 265,17",sim,2.0
PED-103115,11/06/2025,Mesa Ajustável,Mobiliário,PE,Marketplace,1,"R$ 2.338,55","8,5%","R$ 3.021,84",nao,2.0
PED-103116,18/02/2025,Notebook Pro,Computadores,MG,E-commerce,3,"R$ 6.872,45","2,9%","R$ 26.837,31",sim,5.0
PED-103117,24/07/2024,Notebook Pro,Computadores,SP,Marketplace,2,"R$ 6.644,24","0,0%","R$ 14.564,17",sim,2.0
PED-103118,30/06/2025,"Monitor 27""",Periféricos,BA,E-commerce,1,"R$ 1.471,10","10,4%","R$ 1.861,17",sim,5.0
PED-103119,16/01/2024,Mouse Sem Fio,Periféricos,MG,Marketplace,3,"R$ 184,32","5,7%","R$ 521,55",nao,5.0
PED-103120,30/03/2024,"Monitor 27""",Periféricos,RS,E-commerce,1,"R$ 1.334,56","9,7%","R$ 1.480,35",sim,5.0
PED-103121,22/07/2025,Mouse Sem Fio,Periféricos,SP,Marketplace,1,"R$ 177,16","3,8%","R$ 219,43",sim,1.0
PED-103122,22/05/2025,Teclado Mecânico,Periféricos,PE,Marketplace,1,"R$ 464,32","0,3%","R$ 692,28",nao,3.0
PED-103123,10/07/2024,Mesa Ajustável,Mobiliário,SP,Loja Física,2,"R$ 2.353,27","5,4%","R$ 4.881,29",sim,4.0
PED-103124,22/09/2025,"Monitor 27""",Periféricos,MG,Loja Física,1,"R$ 1.412,27","10,2%","R$ 1.354,46",sim,1.0
PED-103125,24/02/2025,"Monitor 27""",Periféricos,BA,E-commerce,4,"R$ 1.422,67","0,0%","R$ 7.630,51",nao,2.0
PED-103126,04/06/2024,Notebook Pro,Computadores,GO,E-commerce,2,"R$ 6.988,09","0,0%","R$ 16.754,64",sim,2.0
PED-103127,03/07/2025,Teclado Mecânico,Periféricos,SP,Marketplace,4,"R$ 363,12","6,1%","R$ 1.756,70",nao,5.0
PED-103128,26/09/2025,Teclado Mecânico,Periféricos,BA,Marketplace,1,"R$ 427,55","8,8%","R$ 416,76",nao,5.0
PED-103129,25/05/2025,Webcam HD,Áudio,CE,E-commerce,3,"R$ 284,27","0,0%","R$ 1.275,23",nao,4.0
PED-103130,03/02/2025,Cadeira Ergo,Mobiliário,RJ,Marketplace,1,"R$ 1.894,14","7,8%","R$ 2.341,82",sim,4.0
PED-103131,06/07/2025,Headset,Áudio,SP,Televendas,3,"R$ 359,84","2,7%","R$ 1.352,98",sim,3.0
PED-103132,30/05/2025,"Monitor 27""",Periféricos,SP,Loja Física,1,"R$ 1.395,60","5,2%","R$ 1.978,58",nao,2.0
PED-103133,09/11/2024,"Monitor 27""",Periféricos,RS,Marketplace,4,"R$ 1.273,97","8,4%","R$ 4.383,58",nao,1.0
PED-103134,30/04/2025,Webcam HD,Áudio,MG,Marketplace,1,"R$ 250,08","13,5%","R$ 327,39",nao,2.0
PED-103135,23/06/2025,"Monitor 27""",Periféricos,RS,E-commerce,3,"R$ 1.224,82","12,4%","R$ 4.546,75",sim,4.0
PED-103136,22/01/2024,Headset,Áudio,PR,Televendas,1,"R$ 337,40","0,0%","R$ 337,40",sim,2.0
PED-103137,22/10/2024,Mesa Ajustável,Mobiliário,RJ,Loja Física,1,"R$ 2.189,62","3,9%","R$ 1.876,77",nao,3.0
PED-103138,22/08/2025,Mesa Ajustável,Mobiliário,RJ,Marketplace,5,"R$ 2.512,36","4,1%","R$ 13.981,14",sim,4.0
PED-103139,17/06/2024,Headset,Áudio,RJ,Loja Física,1,"R$ 346,84","9,9%","R$ 374,61",nao,3.0
PED-103140,28/01/2025,"Monitor 27""",Periféricos,PE,E-commerce,1,"R$ 1.545,12","1,0%","R$ 1.822,61",sim,3.0
PED-103141,03/11/2024,Teclado Mecânico,Periféricos,SP,Marketplace,2,"R$ 460,84","15,9%","R$ 727,86",sim,1.0
PED-103142,10/01/2025,Webcam HD,Áudio,PR,Marketplace,1,"R$ 293,14","12,1%","R$ 307,20",sim,3.0
PED-103143,02/08/2024,Mesa Ajustável,Mobiliário,SP,E-commerce,3,"R$ 2.646,53","15,2%","R$ 3.865,95",sim,1.0
PED-103144,11/02/2025,Mouse Sem Fio,Periféricos,MG,E-commerce,2,"R$ 205,66","9,9%","R$ 497,01",nao,5.0
PED-103145,05/05/2025,Headset,Áudio,SP,Televendas,1,"R$ 333,82","5,8%","R$ 470,41",nao,4.0
PED-103146,17/04/2025,Teclado Mecânico,Periféricos,RJ,E-commerce,1,"R$ 414,58","7,7%","R$ 578,92",nao,5.0
PED-103147,16/06/2025,Webcam HD,Áudio,PR,E-commerce,1,"R$ 290,92","6,9%","R$ 382,36",sim,5.0
PED-103148,10/06/2024,"Monitor 27""",Periféricos,SP,E-commerce,1,"R$ 1.506,09","6,0%","R$ 1.697,68",nao,5.0
PED-103149,31/03/2024,Notebook Pro,Computadores,SP,Televendas,4,"R$ 6.904,29","17,8%","R$ 27.888,38",sim,1.0
PED-103150,12/12/2024,Headset,Áudio,MG,E-commerce,4,"R$ 299,44","12,7%","R$ 1.094,22",sim,5.0
PED-103151,15/04/2024,"Monitor 27""",Periféricos,RJ,Televendas,1,"R$ 1.423,71","5,9%","R$ 1.712,03",sim,4.0
PED-103152,05/02/2025,"Monitor 27""",Periféricos,MG,Marketplace,2,"R$ 1.528,92","15,7%","R$ 3.454,98",sim,2.0
PED-103153,02/09/2024,Teclado Mecânico,Periféricos,SP,E-commerce,4,"R$ 420,06","1,8%","R$ 1.507,01",nao,
PED-103154,04/04/2025,"Monitor 27""",Periféricos,MG,Televendas,1,"R$ 1.332,28","13,0%","R$ 1.752,51",nao,1.0
PED-103155,23/10/2024,Teclado Mecânico,Periféricos,SP,Marketplace,4,"R$ 427,49","13,5%","R$ 1.319,62",nao,1.0
PED-103156,25/12/2024,Mesa Ajustável,Mobiliário,RJ,Loja Física,1,"R$ 2.263,64","9,7%","R$ 2.138,87",sim,4.0
PED-103157,04/09/2025,Mesa Ajustável,Mobiliário,PR,Loja Física,3,"R$ 2.428,59","1,5%","R$ 7.667,57",sim,3.0
PED-103158,06/02/2025,Teclado Mecânico,Periféricos,MG,E-commerce,1,"R$ 431,33","9,7%","R$ 522,34",sim,3.0
PED-103159,25/08/2025,Mouse Sem Fio,Periféricos,GO,Televendas,5,"R$ 194,07","0,7%","R$ 1.118,71",nao,3.0
PED-103160,04/06/2024,Headset,Áudio,SP,Marketplace,2,"R$ 335,83","10,7%","R$ 719,11",sim,2.0
PED-103161,10/09/2025,Mouse Sem Fio,Periféricos,RJ,Televendas,2,"R$ 192,47","13,5%","R$ 355,71",sim,3.0
PED-103162,17/05/2024,Cadeira Ergo,Mobiliário,BA,Loja Física,6,"R$ 1.654,61","11,5%","R$ 11.131,42",sim,1.0
PED-103163,12/04/2025,Notebook Pro,Computadores,SP,Televendas,3,"R$ 7.150,68","7,7%","R$ 29.943,75",nao,3.0
PED-103164,30/01/2024,Mesa Ajustável,Mobiliário,SP,E-commerce,1,"R$ 2.310,53","9,1%","R$ 2.099,19",nao,4.0
PED-103165,09/03/2025,Notebook Pro,Computadores,RJ,E-commerce,4,"R$ 7.320,75","5,5%","R$ 40.331,46",nao,1.0
PED-103166,17/07/2025,Cadeira Ergo,Mobiliário,SP,E-commerce,3,"R$ 1.897,68","4,1%","R$ 7.031,12",nao,1.0
PED-103167,22/06/2024,Headset,Áudio,SP,Televendas,2,"R$ 293,89","6,1%","R$ 661,77",sim,3.0
PED-103168,10/04/2024,Headset,Áudio,BA,Marketplace,1,"R$ 319,17","15,7%","R$ 344,06",sim,1.0
PED-103169,26/08/2024,Mesa Ajustável,Mobiliário,MG,,1,"R$ 2.359,13","8,6%","R$ 1.237,37",sim,2.0
PED-103170,12/02/2024,Mouse Sem Fio,Periféricos,RJ,Marketplace,1,"R$ 184,87","9,5%","R$ 188,73",sim,5.0
PED-103171,02/01/2024,Webcam HD,Áudio,RJ,Loja Física,1,"R$ 273,72","2,6%","R$ 266,68",nao,3.0
PED-103172,30/09/2024,Headset,Áudio,SP,Televendas,3,"R$ 349,77","7,6%","R$ 885,70",nao,4.0
PED-103173,17/06/2025,"Monitor 27""",Periféricos,PR,Marketplace,3,"R$ 1.555,29","17,2%","R$ 5.454,57",nao,3.0
PED-103174,15/09/2024,Teclado Mecânico,Periféricos,PR,Televendas,2,"R$ 424,54","14,3%","R$ 664,44",nao,1.0
PED-103175,25/06/2024,Cadeira Ergo,Mobiliário,MG,Televendas,1,"R$ 1.937,17","0,0%","R$ 2.322,28",sim,1.0
PED-103176,23/05/2024,Webcam HD,Áudio,RJ,Televendas,1,"R$ 291,60","13,6%","R$ 319,26",nao,1.0
PED-103177,20/02/2024,Cadeira Ergo,Mobiliário,SP,Televendas,2,"R$ 1.823,30","12,2%","R$ 3.611,38",nao,2.0
PED-103178,09/09/2024,Webcam HD,Áudio,RJ,Loja Física,1,"R$ 276,86","8,8%","R$ 230,68",sim,5.0
PED-103179,20/07/2024,Teclado Mecânico,Periféricos,PR,E-commerce,2,"R$ 421,50","4,8%","R$ 879,46",sim,2.0
PED-103180,14/10/2024,Mouse Sem Fio,Periféricos,RJ,Marketplace,1,"R$ 182,33","0,0%","R$ 162,70",sim,5.0
PED-103181,25/07/2024,Teclado Mecânico,Periféricos,PE,Televendas,3,"R$ 403,85","1,4%","R$ 1.309,88",sim,2.0
PED-103182,13/01/2025,Teclado Mecânico,Periféricos,PR,Televendas,3,"R$ 437,84","6,2%","R$ 1.468,29",sim,3.0
PED-103183,08/04/2025,Mouse Sem Fio,Periféricos,CE,Marketplace,1,"R$ 187,19","14,2%","R$ 242,87",nao,3.0
PED-103184,08/01/2024,Notebook Pro,Computadores,RS,Marketplace,2,"R$ 6.764,68","13,6%","R$ 11.685,70",sim,2.0
PED-103185,04/01/2024,Notebook Pro,Computadores,GO,Loja Física,1,"R$ 6.745,49","10,1%","R$ 6.063,58",nao,3.0
PED-103186,26/06/2024,Headset,Áudio,RJ,Marketplace,4,"R$ 339,87","5,5%","R$ 1.540,24",sim,3.0
PED-103187,27/05/2024,Cadeira Ergo,Mobiliário,GO,Loja Física,3,"R$ 1.698,64","12,2%","R$ 5.665,29",sim,1.0
PED-103188,26/02/2024,Notebook Pro,Computadores,SP,Loja Física,1,"R$ 6.565,23","11,0%","R$ 6.591,18",sim,2.0
PED-103189,27/07/2025,"Monitor 27""",Periféricos,SC,Marketplace,3,"R$ 1.317,65","0,0%","R$ 5.091,41",sim,2.0
PED-103190,26/02/2024,Teclado Mecânico,Periféricos,MG,E-commerce,1,"R$ 401,67","5,0%","R$ 430,51",sim,4.0
PED-103191,01/07/2025,Teclado Mecânico,Periféricos,RJ,Loja Física,1,"R$ 417,12","0,0%","R$ 537,25",sim,2.0
PED-103192,12/02/2024,Mouse Sem Fio,Periféricos,RJ,E-commerce,2,"R$ 180,32","11,2%","R$ 361,00",sim,3.0
PED-103193,06/02/2025,"Monitor 27""",Periféricos,SP,Loja Física,4,"R$ 1.444,10","12,9%","R$ 6.749,27",sim,4.0
PED-103194,01/09/2024,Teclado Mecânico,Periféricos,RS,E-commerce,3,"R$ 406,45","1,0%","R$ 1.102,40",sim,2.0
PED-103195,23/12/2024,Headset,Áudio,RJ,Loja Física,1,"R$ 331,13","5,6%","R$ 327,10",sim,4.0
PED-103196,29/11/2024,Teclado Mecânico,Periféricos,RS,Loja Física,1,"R$ 433,16","9,4%","R$ 368,68",sim,4.0
PED-103197,22/05/2024,Cadeira Ergo,Mobiliário,RJ,Marketplace,5,"R$ 2.002,70","13,8%","R$ 10.933,06",sim,4.0
PED-103198,06/03/2024,Notebook Pro,Computadores,SP,Marketplace,1,"R$ 5.726,75","17,2%","R$ 5.824,59",sim,1.0
PED-103199,14/07/2025,Notebook Pro,Computadores,SP,E-commerce,1,"R$ 7.042,35","4,8%","R$ 8.636,75",sim,5.0
PED-103200,11/04/2025,Teclado Mecânico,Periféricos,SP,Loja Física,2,"R$ 413,52","14,0%","R$ 1.076,31",sim,4.0
PED-103201,01/05/2025,Headset,Áudio,RS,Loja Física,2,"R$ 359,49","5,4%","R$ 1.017,42",nao,1.0
PED-103202,30/01/2025,"Monitor 27""",Periféricos,RJ,Loja Física,1,"R$ 1.371,51","14,3%","R$ 1.400,99",sim,5.0
PED-103203,24/11/2024,Notebook Pro,Computadores,SP,Televendas,2,"R$ 6.351,30","6,8%","R$ 11.120,28",nao,5.0
PED-103204,28/06/2025,Headset,Áudio,BA,Loja Física,1,"R$ 290,89","12,0%","R$ 361,39",nao,5.0
PED-103205,13/04/2024,Notebook Pro,Computadores,SC,Loja Física,1,"R$ 7.496,09","5,2%","R$ 9.084,36",sim,5.0
PED-103206,23/01/2025,Notebook Pro,Computadores,PR,Televendas,2,"R$ 6.732,57","12,0%","R$ 14.123,69",nao,3.0
PED-103207,18/05/2024,Webcam HD,Áudio,RJ,Televendas,2,"R$ 269,27","3,2%","R$ 660,17",sim,5.0
PED-103208,20/02/2025,Teclado Mecânico,Periféricos,MG,Marketplace,2,"R$ 430,72","1,4%","R$ 1.138,81",nao,1.0
PED-103209,30/08/2024,Teclado Mecânico,Periféricos,SP,Televendas,2,"R$ 433,55","6,3%","R$ 466,62",nao,2.0
PED-103210,30/09/2024,Mesa Ajustável,Mobiliário,PE,Televendas,4,"R$ 2.477,39","15,1%","R$ 7.685,17",sim,2.0
PED-103211,30/07/2024,Mouse Sem Fio,Periféricos,BA,Televendas,6,"R$ 186,76","9,2%","R$ 1.114,71",sim,1.0
PED-103212,16/01/2025,Mouse Sem Fio,Periféricos,SP,Marketplace,1,"R$ 191,45","7,5%","R$ 211,04",sim,
PED-103213,09/02/2024,Notebook Pro,Computadores,SP,Loja Física,1,"R$ 6.430,87","10,6%","R$ 6.486,15",sim,1.0
PED-103214,08/05/2025,Mouse Sem Fio,Periféricos,BA,Televendas,1,"R$ 187,74","3,5%","R$ 270,84",sim,2.0
PED-103215,17/09/2024,Teclado Mecânico,Periféricos,RJ,E-commerce,1,"R$ 452,17","6,7%","R$ 385,41",nao,5.0
PED-103216,19/09/2025,Mouse Sem Fio,Periféricos,RJ,E-commerce,1,"R$ 181,21","12,8%","R$ 168,87",sim,5.0
PED-103217,14/10/2024,Mesa Ajustável,Mobiliário,PR,Loja Física,1,"R$ 2.375,68","7,1%","R$ 1.969,86",nao,1.0
PED-103218,19/03/2024,Mesa Ajustável,Mobiliário,PR,E-commerce,2,"R$ 2.206,46","5,2%","R$ 5.139,52",sim,5.0
PED-103219,02/07/2024,"Monitor 27""",Periféricos,SP,E-commerce,2,"R$ 1.490,41","6,7%","R$ 3.046,67",nao,1.0
PED-103220,21/10/2024,Teclado Mecânico,Periféricos,SP,Televendas,4,"R$ 404,86","16,8%","R$ 1.201,94",sim,1.0
PED-103221,02/09/2024,Teclado Mecânico,Periféricos,SP,Loja Física,3,"R$ 416,10","6,4%","R$ 1.067,07",sim,5.0
PED-103222,18/06/2024,Teclado Mecânico,Periféricos,RS,Loja Física,2,"R$ 467,04","16,6%","R$ 933,97",sim,1.0
PED-103223,31/07/2024,Headset,Áudio,BA,Marketplace,4,"R$ 317,84","8,9%","R$ 1.268,84",sim,4.0
PED-103224,13/04/2025,Headset,Áudio,RJ,Televendas,4,"R$ 368,31","2,6%","R$ 2.171,49",sim,3.0
PED-103225,29/08/2024,Headset,Áudio,SP,E-commerce,2,"R$ 334,53","15,0%","R$ 326,48",sim,4.0
PED-103226,09/04/2024,Webcam HD,Áudio,RJ,E-commerce,2,"R$ 305,18","0,0%","R$ 780,39",sim,4.0
PED-103227,31/01/2025,Cadeira Ergo,Mobiliário,MG,E-commerce,2,"R$ 1.883,98","6,1%","R$ 4.216,85",sim,4.0
PED-103228,18/04/2025,"Monitor 27""",Periféricos,SP,Marketplace,2,"R$ 1.403,57","2,2%","R$ 4.153,73",nao,4.0
PED-103229,14/11/2024,Mouse Sem Fio,Periféricos,PE,Loja Física,1,"R$ 171,64","7,6%","R$ 148,84",sim,2.0
PED-103230,08/04/2025,Mouse Sem Fio,Periféricos,RJ,Televendas,2,"R$ 162,40","5,4%","R$ 464,81",sim,5.0
PED-103231,06/05/2024,Webcam HD,Áudio,SP,Loja Física,1,"R$ 280,29","4,8%","R$ 337,94",sim,2.0
PED-103232,02/04/2024,Cadeira Ergo,Mobiliário,CE,E-commerce,1,"R$ 1.649,59","3,0%","R$ 2.044,92",sim,2.0
PED-103233,23/05/2025,Cadeira Ergo,Mobiliário,PR,E-commerce,5,"R$ 1.852,73","0,0%","R$ 13.851,97",sim,2.0
PED-103234,20/05/2025,"Monitor 27""",Periféricos,SP,Loja Física,2,"R$ 1.375,72","5,6%","R$ 3.882,65",sim,1.0
PED-103235,24/11/2024,"Monitor 27""",Periféricos,PE,Marketplace,2,"R$ 1.528,90","5,9%","R$ 2.702,05",nao,3.0
PED-103236,06/11/2024,Webcam HD,Áudio,SP,Loja Física,2,"R$ 291,75","15,3%","R$ 463,96",sim,1.0
PED-103237,20/10/2024,"Monitor 27""",Periféricos,RJ,Loja Física,4,"R$ 1.445,22","7,9%","R$ 4.749,57",nao,2.0
PED-103238,21/05/2024,Mouse Sem Fio,Periféricos,SC,Televendas,3,"R$ 173,39","4,6%","R$ 628,90",sim,3.0
PED-103239,01/04/2025,"Monitor 27""",Periféricos,RS,Televendas,4,"R$ 1.449,97","8,1%","R$ 8.062,77",nao,5.0
PED-103240,01/09/2024,Webcam HD,Áudio,MG,E-commerce,1,"R$ 274,71","5,5%","R$ 237,16",nao,4.0
PED-103241,26/04/2025,Teclado Mecânico,Periféricos,CE,E-commerce,5,"R$ 411,49","11,4%","R$ 2.758,68",sim,1.0
PED-103242,09/10/2024,Notebook Pro,Computadores,MG,Televendas,3,"R$ 6.739,56","13,3%","R$ 15.649,07",sim,2.0
PED-103243,27/06/2025,Mouse Sem Fio,Periféricos,SP,Marketplace,1,"R$ 170,07","6,4%","R$ 224,78",sim,2.0
PED-103244,26/06/2025,Notebook Pro,Computadores,RS,Televendas,1,"R$ 7.766,26","11,5%","R$ 9.705,59",sim,1.0
PED-103245,03/06/2025,Cadeira Ergo,Mobiliário,CE,Marketplace,1,"R$ 1.998,58","3,8%","R$ 2.713,58",nao,4.0
PED-103246,21/06/2024,Cadeira Ergo,Mobiliário,SP,E-commerce,6,"R$ 2.007,16","5,9%","R$ 13.588,64",nao,5.0
PED-103247,04/03/2025,Cadeira Ergo,Mobiliário,MG,E-commerce,2,"R$ 1.783,13","5,9%","R$ 4.887,72",sim,4.0
PED-103248,27/04/2025,Teclado Mecânico,Periféricos,SP,E-commerce,8,"R$ 374,35","8,5%","R$ 4.144,36",sim,2.0
PED-103249,06/04/2025,Headset,Áudio,RS,Televendas,4,"R$ 339,81","14,7%","R$ 1.753,30",nao,3.0
PED-103250,16/07/2025,Notebook Pro,Computadores,RJ,Televendas,1,"R$ 6.941,30","15,0%","R$ 7.601,34",sim,1.0
PED-103251,10/04/2024,Mouse Sem Fio,Periféricos,RJ,Loja Física,1,"R$ 181,06","12,1%","R$ 203,54",nao,5.0
PED-103252,24/02/2025,Mouse Sem Fio,Periféricos,SP,E-commerce,1,"R$ 189,53","13,3%","R$ 220,34",nao,5.0
PED-103253,23/03/2025,Mouse Sem Fio,Periféricos,SP,Loja Física,1,"R$ 174,82","7,4%","R$ 235,97",sim,5.0
PED-103254,16/08/2024,Webcam HD,Áudio,SC,E-commerce,2,"R$ 295,06","9,9%","R$ 305,11",sim,5.0
PED-103255,11/06/2024,"Monitor 27""",Periféricos,RS,E-commerce,4,"R$ 1.611,20","11,3%","R$ 6.851,24",sim,5.0
PED-103256,27/12/2024,"Monitor 27""",Periféricos,SP,Televendas,4,"R$ 1.430,92","18,2%","R$ 4.899,34",sim,5.0
PED-103257,14/06/2024,Notebook Pro,Computadores,SP,Loja Física,1,"R$ 6.641,08","7,8%","R$ 7.339,45",nao,2.0
PED-103258,11/01/2025,Webcam HD,Áudio,BA,Marketplace,3,"R$ 265,52","13,0%","R$ 826,24",sim,2.0
PED-103259,17/03/2024,Notebook Pro,Computadores,RS,E-commerce,1,"R$ 6.091,30","13,2%","R$ 6.495,03",sim,4.0
PED-103260,10/09/2024,Cadeira Ergo,Mobiliário,RJ,Televendas,4,"R$ 1.820,99","8,5%","R$ 6.087,32",sim,3.0
PED-103261,11/09/2024,Webcam HD,Áudio,SP,Loja Física,3,"R$ 302,25","9,0%","R$ 753,14",sim,4.0
PED-103262,14/04/2025,Teclado Mecânico,Periféricos,MG,Marketplace,1,"R$ 406,63","14,7%","R$ 524,56",nao,4.0
PED-103263,13/01/2024,Mesa Ajustável,Mobiliário,MG,Televendas,2,"R$ 2.663,90","14,2%","R$ 4.571,67",sim,2.0
PED-103264,20/08/2024,"Monitor 27""",Periféricos,RS,Loja Física,2,"R$ 1.486,54","10,5%","R$ 1.526,58",sim,3.0
PED-103265,24/02/2025,Headset,Áudio,SP,Loja Física,2,"R$ 308,73","4,9%","R$ 787,69",sim,5.0
PED-103266,14/11/2024,Webcam HD,Áudio,RJ,Televendas,2,"R$ 312,54","7,7%","R$ 541,61",nao,3.0
PED-103267,23/04/2025,Mesa Ajustável,Mobiliário,GO,Televendas,2,"R$ 2.284,58","12,8%","R$ 6.030,05",sim,3.0
PED-103268,10/07/2025,Notebook Pro,Computadores,SP,Marketplace,5,"R$ 6.657,19","0,0%","R$ 42.872,31",sim,1.0
PED-103269,11/05/2025,Notebook Pro,Computadores,SP,Televendas,2,"R$ 6.427,95","6,7%","R$ 17.944,45",nao,1.0
PED-103270,01/08/2024,Webcam HD,Áudio,RS,Marketplace,3,"R$ 289,13","5,9%","R$ 468,56",sim,3.0
PED-103271,23/03/2024,Teclado Mecânico,Periféricos,GO,Marketplace,1,"R$ 403,68","10,7%","R$ 442,89",sim,
PED-103272,25/02/2024,Teclado Mecânico,Periféricos,RS,Marketplace,1,"R$ 405,85","8,8%","R$ 417,26",sim,2.0
PED-103273,14/02/2025,Mesa Ajustável,Mobiliário,SP,Marketplace,2,"R$ 2.479,05","8,3%","R$ 6.093,14",sim,5.0
PED-103274,21/03/2024,Webcam HD,Áudio,MG,E-commerce,1,"R$ 277,24","2,4%","R$ 332,38",nao,4.0
PED-103275,20/06/2025,Mouse Sem Fio,Periféricos,RJ,Loja Física,1,"R$ 201,73","7,8%","R$ 262,64",nao,3.0
PED-103276,05/01/2025,Mesa Ajustável,Mobiliário,GO,E-commerce,1,"R$ 2.441,34","12,6%","R$ 2.544,39",sim,2.0
PED-103277,24/01/2024,Teclado Mecânico,Periféricos,SC,Televendas,2,"R$ 409,58","0,0%","R$ 819,17",nao,5.0
PED-103278,21/05/2025,Teclado Mecânico,Periféricos,RJ,Televendas,4,"R$ 394,84","6,8%","R$ 2.201,81",sim,2.0
PED-103279,03/05/2024,Notebook Pro,Computadores,BA,Marketplace,3,"R$ 7.034,53","12,4%","R$ 23.423,88",sim,1.0
PED-103280,27/09/2025,Mouse Sem Fio,Periféricos,SC,Loja Física,3,"R$ 166,66","4,3%","R$ 511,18",nao,5.0
PED-103281,20/06/2024,Webcam HD,Áudio,RS,E-commerce,2,"R$ 263,33","3,6%","R$ 608,55",nao,1.0
PED-103282,18/12/2024,"Monitor 27""",Periféricos,SP,Televendas,3,"R$ 1.360,47","9,9%","R$ 3.848,91",sim,3.0
PED-103283,22/10/2024,Webcam HD,Áudio,RS,E-commerce,1,"R$ 309,24","4,9%","R$ 262,34",nao,1.0
PED-103284,13/08/2024,Webcam HD,Áudio,RJ,Televendas,3,"R$ 299,23","22,1%","R$ 401,30",nao,5.0
PED-103285,20/04/2024,Mesa Ajustável,Mobiliário,SP,Marketplace,1,"R$ 2.417,07","6,5%","R$ 2.889,55",sim,2.0
PED-103286,09/02/2024,Webcam HD,Áudio,CE,Loja Física,1,"R$ 279,69","0,0%","R$ 315,42",sim,2.0
PED-103287,10/12/2024,Webcam HD,Áudio,GO,Televendas,1,"R$ 284,64","7,9%","R$ 274,33",sim,4.0
PED-103288,21/09/2025,Mesa Ajustável,Mobiliário,BA,E-commerce,1,"R$ 2.394,76","8,1%","R$ 2.351,15",sim,4.0
PED-103289,08/08/2024,Mouse Sem Fio,Periféricos,PR,E-commerce,3,"R$ 178,63","6,1%","R$ 288,72",nao,
PED-103290,11/07/2024,Mesa Ajustável,Mobiliário,PE,E-commerce,2,"R$ 2.524,49","8,3%","R$ 5.076,79",sim,3.0
PED-103291,23/02/2025,Cadeira Ergo,Mobiliário,MG,Televendas,4,"R$ 1.958,44","9,4%","R$ 9.519,16",sim,5.0
PED-103292,01/10/2025,"Monitor 27""",Periféricos,SC,Marketplace,3,"R$ 1.594,67","16,0%","R$ 4.185,55",nao,5.0
PED-103293,06/12/2024,Teclado Mecânico,Periféricos,MG,E-commerce,1,"R$ 449,51","11,6%","R$ 415,99",sim,4.0
PED-103294,11/09/2025,Mouse Sem Fio,Periféricos,SP,Marketplace,1,"R$ 175,42","11,2%","R$ 166,37",sim,1.0
PED-103295,15/03/2025,Webcam HD,Áudio,SP,Loja Física,3,"R$ 307,39","0,0%","R$ 1.343,81",sim,4.0
PED-103296,25/05/2025,Headset,Áudio,RS,Marketplace,2,"R$ 314,70","9,3%","R$ 853,76",sim,2.0
PED-103297,06/06/2024,Webcam HD,Áudio,RJ,E-commerce,3,"R$ 283,33","13,9%","R$ 877,76",sim,3.0
PED-103298,19/12/2024,"Monitor 27""",Periféricos,SP,Marketplace,3,"R$ 1.287,44","10,3%","R$ 3.626,93",nao,2.0
PED-103299,28/03/2025,Webcam HD,Áudio,SP,E-commerce,1,"R$ 310,51","12,1%","R$ 397,65",sim,5.0
PED-103300,19/08/2024,Mouse Sem Fio,Periféricos,MG,E-commerce,3,"R$ 148,93","2,4%","R$ 250,33",sim,2.0
PED-103301,15/04/2025,Cadeira Ergo,Mobiliário,SP,Loja Física,2,"R$ 1.873,31","12,8%","R$ 4.943,05",sim,2.0
PED-103302,04/09/2024,"Monitor 27""",Periféricos,SP,Televendas,2,"R$ 1.532,68","18,0%","R$ 2.295,12",sim,3.0
PED-103303,07/04/2025,Cadeira Ergo,Mobiliário,PE,Loja Física,1,"R$ 1.927,49","4,9%","R$ 2.773,47",sim,2.0
PED-103304,17/10/2024,Headset,Áudio,RJ,Loja Física,2,"R$ 321,33","12,6%","R$ 500,95",sim,5.0
PED-103305,13/02/2024,Mesa Ajustável,Mobiliário,SP,E-commerce,1,"R$ 2.559,00","10,7%","R$ 2.577,95",sim,3.0
PED-103306,03/03/2024,Mesa Ajustável,Mobiliário,SP,Loja Física,3,"R$ 2.375,77","11,5%","R$ 7.745,40",nao,4.0
PED-103307,28/08/2025,Headset,Áudio,SP,Loja Física,2,"R$ 343,58","1,6%","R$ 785,05",sim,4.0
PED-103308,11/02/2025,Mesa Ajustável,Mobiliário,SP,Loja Física,4,"R$ 2.430,70","0,0%","R$ 13.037,12",nao,5.0
PED-103309,04/01/2025,Notebook Pro,Computadores,BA,Marketplace,2,"R$ 7.024,29","8,2%","R$ 15.369,79",nao,5.0
PED-103310,08/05/2025,Notebook Pro,Computadores,RS,E-commerce,4,"R$ 6.146,70","3,9%","R$ 35.334,59",sim,4.0
PED-103311,23/06/2024,"Monitor 27""",Periféricos,MG,Loja Física,1,"R$ 1.390,39","10,2%","R$ 1.497,07",nao,3.0
PED-103312,21/08/2024,Teclado Mecânico,Periféricos,SP,Televendas,1,"R$ 410,45","10,5%","R$ 210,85",sim,2.0
PED-103313,04/10/2024,Notebook Pro,Computadores,PR,Marketplace,2,"R$ 7.612,58","0,0%","R$ 13.585,71",sim,3.0
PED-103314,24/02/2025,Mesa Ajustável,Mobiliário,CE,Marketplace,5,"R$ 2.377,11","12,3%","R$ 13.972,36",sim,5.0
PED-103315,27/11/2024,"Monitor 27""",Periféricos,PE,Marketplace,3,"R$ 1.498,76","8,5%","R$ 3.864,58",sim,2.0
PED-103316,23/06/2024,"Monitor 27""",Periféricos,MG,E-commerce,6,"R$ 1.597,99","13,5%","R$ 9.938,91",nao,2.0
PED-103317,27/11/2024,Mouse Sem Fio,Periféricos,PR,E-commerce,3,"R$ 161,79","11,3%","R$ 404,10",nao,4.0
PED-103318,27/08/2024,Webcam HD,Áudio,PR,Loja Física,4,"R$ 279,58","12,8%","R$ 560,05",sim,1.0
PED-103319,07/06/2024,"Monitor 27""",Periféricos,SP,Marketplace,5,"R$ 1.470,88","12,1%","R$ 7.752,40",sim,
PED-103320,02/05/2024,Mesa Ajustável,Mobiliário,PE,E-commerce,1,"R$ 2.424,02","10,4%","R$ 2.752,40",sim,2.0
PED-103321,18/06/2024,"Monitor 27""",Periféricos,PE,Marketplace,2,"R$ 1.480,24","8,9%","R$ 3.232,81",sim,5.0
PED-103322,10/12/2024,Headset,Áudio,PE,Marketplace,4,"R$ 336,76","9,7%","R$ 1.273,34",sim,5.0
PED-103323,20/08/2024,Cadeira Ergo,Mobiliário,SP,Marketplace,2,"R$ 1.997,33","11,1%","R$ 2.039,07",sim,3.0
PED-103324,27/09/2024,Cadeira Ergo,Mobiliário,PE,Loja Física,3,"R$ 2.086,70","0,0%","R$ 5.716,01",sim,4.0
PED-103325,14/05/2025,Webcam HD,Áudio,PE,E-commerce,2,"R$ 297,68","9,5%","R$ 805,27",sim,3.0
PED-103326,20/03/2025,Headset,Áudio,RJ,Loja Física,3,"R$ 328,63","5,0%","R$ 1.364,70",sim,4.0
PED-103327,06/10/2024,Notebook Pro,Computadores,CE,Loja Física,1,"R$ 7.418,78","1,5%","R$ 6.521,59",nao,5.0
PED-103328,03/01/2025,Headset,Áudio,SP,Loja Física,4,"R$ 335,16","5,0%","R$ 1.517,98",sim,3.0
PED-103329,25/01/2024,Mesa Ajustável,Mobiliário,SP,E-commerce,1,"R$ 2.397,94","10,1%","R$ 2.155,70",nao,1.0
PED-103330,18/09/2024,Webcam HD,Áudio,BA,Loja Física,4,"R$ 285,24","1,8%","R$ 1.023,42",sim,2.0
PED-103331,16/10/2024,Teclado Mecânico,Periféricos,RJ,Televendas,1,"R$ 368,68","0,0%","R$ 328,98",sim,4.0
PED-103332,09/07/2024,Cadeira Ergo,Mobiliário,SP,Loja Física,1,"R$ 2.070,25","2,9%","R$ 2.202,37",nao,3.0
PED-103333,08/05/2024,Headset,Áudio,CE,E-commerce,2,"R$ 338,67","8,6%","R$ 784,24",sim,5.0
PED-103334,18/04/2025,"Monitor 27""",Periféricos,SP,Televendas,2,"R$ 1.526,71","11,4%","R$ 4.092,04",sim,4.0
PED-103335,08/01/2024,Notebook Pro,Computadores,MG,Loja Física,2,"R$ 7.133,67","11,4%","R$ 12.636,34",sim,2.0
PED-103336,17/09/2025,Notebook Pro,Computadores,RJ,Loja Física,3,"R$ 6.882,86","12,4%","R$ 19.329,88",nao,4.0
PED-103337,17/09/2025,Headset,Áudio,SP,Loja Física,4,"R$ 305,11","5,2%","R$ 1.236,78",sim,2.0
PED-103338,04/02/2025,Mesa Ajustável,Mobiliário,SP,E-commerce,3,"R$ 2.213,90","4,9%","R$ 8.473,10",sim,3.0
PED-103339,06/07/2024,Notebook Pro,Computadores,CE,Televendas,2,"R$ 6.623,66","10,1%","R$ 13.057,69",nao,5.0
PED-103340,07/07/2024,"Monitor 27""",Periféricos,PE,Televendas,1,"R$ 1.359,73","4,7%","R$ 1.419,86",nao,4.0
PED-103341,09/12/2024,Webcam HD,Áudio,PR,Loja Física,1,"R$ 296,38","2,8%","R$ 301,38",nao,3.0
PED-103342,04/03/2025,Teclado Mecânico,Periféricos,SP,Televendas,3,"R$ 401,90","0,0%","R$ 1.756,96",sim,1.0
PED-103343,17/08/2024,Teclado Mecânico,Periféricos,PR,E-commerce,1,"R$ 401,95","10,6%","R$ 206,19",sim,2.0
PED-103344,08/10/2024,Headset,Áudio,SP,Televendas,2,"R$ 347,03","5,6%","R$ 584,62",nao,1.0
PED-103345,04/02/2024,Cadeira Ergo,Mobiliário,SC,E-commerce,2,"R$ 1.932,34","5,4%","R$ 4.124,64",nao,1.0
PED-103346,20/07/2025,Mouse Sem Fio,Periféricos,GO,E-commerce,2,"R$ 183,54","7,6%","R$ 436,88",sim,1.0
PED-103347,30/07/2025,Notebook Pro,Computadores,RJ,Marketplace,3,"R$ 6.786,80","7,2%","R$ 24.343,86",nao,1.0
PED-103348,16/06/2024,Webcam HD,Áudio,SP,Televendas,1,"R$ 289,40","7,8%","R$ 320,02",sim,1.0
PED-103349,21/08/2025,Notebook Pro,Computadores,CE,Marketplace,1,"R$ 7.648,66","5,2%","R$ 8.415,35",sim,3.0
PED-103350,26/06/2025,Mesa Ajustável,Mobiliário,MG,Televendas,3,"R$ 2.400,37","4,7%","R$ 9.685,74",sim,1.0
PED-103351,29/04/2024,Headset,Áudio,BA,Televendas,1,"R$ 372,74","12,3%","R$ 418,01",sim,4.0
PED-103352,07/04/2024,Mesa Ajustável,Mobiliário,RJ,Loja Física,5,"R$ 2.242,33","4,2%","R$ 13.738,54",sim,1.0
PED-103353,24/09/2024,Mouse Sem Fio,Periféricos,PR,E-commerce,2,"R$ 179,31","13,3%","R$ 283,78",nao,3.0
PED-103354,18/03/2025,Teclado Mecânico,Periféricos,SC,Televendas,1,"R$ 452,88","11,4%","R$ 584,83",sim,1.0
PED-103355,27/08/2024,Headset,Áudio,SP,Televendas,1,"R$ 354,35","5,0%","R$ 193,16",nao,3.0
PED-103356,13/04/2025,"Monitor 27""",Periféricos,SP,Marketplace,3,"R$ 1.379,48","9,5%","R$ 5.666,70",sim,4.0
PED-103357,17/04/2024,Mesa Ajustável,Mobiliário,RS,Marketplace,5,"R$ 2.560,83","8,1%","R$ 15.043,24",sim,2.0
PED-103358,15/08/2025,"Monitor 27""",Periféricos,SC,Loja Física,1,"R$ 1.373,42","7,0%","R$ 1.481,91",nao,3.0
PED-103359,27/02/2025,Webcam HD,Áudio,SP,Loja Física,2,"R$ 285,47","8,3%","R$ 701,75",sim,3.0
PED-103360,09/06/2024,Mouse Sem Fio,Periféricos,SP,Televendas,1,"R$ 187,68","11,3%","R$ 199,51",sim,2.0
PED-103361,15/05/2025,Headset,Áudio,MG,Marketplace,1,"R$ 347,17","12,4%","R$ 454,73",nao,5.0
PED-103362,19/09/2024,Webcam HD,Áudio,PR,Loja Física,1,"R$ 280,32","6,5%","R$ 239,34",sim,1.0
PED-103363,01/05/2025,"Monitor 27""",Periféricos,MG,Televendas,2,"R$ 1.458,55","14,0%","R$ 3.750,84",nao,2.0
PED-103364,25/03/2025,Mesa Ajustável,Mobiliário,SP,Marketplace,2,"R$ 2.558,65","7,5%","R$ 6.898,12",sim,3.0
PED-103365,08/03/2025,Webcam HD,Áudio,BA,E-commerce,1,"R$ 285,75","2,9%","R$ 404,27",sim,4.0
PED-103366,18/03/2024,Mesa Ajustável,Mobiliário,SP,E-commerce,5,"R$ 2.485,49","12,2%","R$ 13.410,73",sim,1.0
PED-103367,12/01/2024,Teclado Mecânico,Periféricos,SP,Televendas,2,"R$ 443,09","0,7%","R$ 879,79",nao,3.0
PED-103368,23/03/2025,Mesa Ajustável,Mobiliário,RS,Televendas,1,"R$ 2.211,30","5,8%","R$ 3.034,43",sim,3.0
PED-103369,26/05/2024,"Monitor 27""",Periféricos,RJ,Loja Física,1,"R$ 1.559,19","11,9%","R$ 1.740,76",sim,4.0
PED-103370,12/02/2024,Mouse Sem Fio,Periféricos,SP,Marketplace,2,"R$ 162,32","0,0%","R$ 366,12",sim,2.0
PED-103371,25/11/2024,Headset,Áudio,MG,Marketplace,3,"R$ 350,21","8,4%","R$ 903,55",sim,3.0
PED-103372,20/08/2025,Headset,Áudio,BA,Televendas,2,"R$ 335,55","8,5%","R$ 712,92",sim,3.0
PED-103373,25/03/2025,"Monitor 27""",Periféricos,SP,E-commerce,1,"R$ 1.296,55","10,1%","R$ 1.698,71",sim,2.0
PED-103374,11/07/2024,Teclado Mecânico,Periféricos,SP,Televendas,1,"R$ 392,68","7,9%","R$ 396,18",sim,4.0
PED-103375,04/09/2024,Webcam HD,Áudio,RS,Loja Física,4,"R$ 302,34","7,4%","R$ 1.022,47",sim,2.0
PED-103376,22/03/2025,Teclado Mecânico,Periféricos,SP,Televendas,4,"R$ 381,53","0,0%","R$ 2.223,84",sim,4.0
PED-103377,14/10/2024,"Monitor 27""",Periféricos,RJ,E-commerce,2,"R$ 1.522,91","5,2%","R$ 2.576,18",sim,4.0
PED-103378,23/12/2024,"Monitor 27""",Periféricos,SP,Televendas,2,"R$ 1.414,20","14,5%","R$ 2.532,04",sim,
PED-103379,22/06/2025,Mesa Ajustável,Mobiliário,SP,Loja Física,2,"R$ 2.553,98","9,5%","R$ 6.528,62",sim,3.0
PED-103380,06/02/2024,Cadeira Ergo,Mobiliário,SP,Loja Física,1,"R$ 1.971,55","8,5%","R$ 2.035,40",sim,2.0
PED-103381,16/01/2024,Mesa Ajustável,Mobiliário,SC,E-commerce,3,"R$ 2.268,92","5,4%","R$ 6.440,84",sim,3.0
PED-103382,23/07/2025,Teclado Mecânico,Periféricos,SP,Televendas,2,"R$ 370,36","8,0%","R$ 877,46",nao,4.0
PED-103383,20/06/2024,Teclado Mecânico,Periféricos,SC,E-commerce,1,"R$ 404,64","0,0%","R$ 485,09",sim,1.0
PED-103384,10/06/2025,Teclado Mecânico,Periféricos,SP,Loja Física,3,"R$ 401,01","4,5%","R$ 1.621,69",sim,1.0
PED-103385,04/07/2024,Notebook Pro,Computadores,RJ,E-commerce,1,"R$ 6.594,17","5,0%","R$ 6.862,70",nao,3.0
PED-103386,26/06/2025,Headset,Áudio,PE,E-commerce,1,"R$ 322,53","7,9%","R$ 419,49",sim,1.0
PED-103387,27/09/2025,Headset,Áudio,SP,Marketplace,2,"R$ 369,64","4,7%","R$ 753,08",sim,1.0
PED-103388,12/08/2025,Notebook Pro,Computadores,SP,Marketplace,1,"R$ 6.882,98","7,7%","R$ 7.372,82",nao,
PED-103389,25/05/2024,"Monitor 27""",Periféricos,MG,Marketplace,2,"R$ 1.518,73","4,7%","R$ 3.667,28",sim,5.0
PED-103390,27/11/2024,Webcam HD,Áudio,SP,Loja Física,2,"R$ 293,97","9,9%","R$ 497,18",sim,4.0
PED-103391,31/01/2024,Webcam HD,Áudio,MG,Loja Física,1,"R$ 296,69","6,7%","R$ 276,91",sim,5.0
PED-103392,19/06/2024,Cadeira Ergo,Mobiliário,SP,Televendas,3,"R$ 2.017,26","1,4%","R$ 7.152,89",sim,2.0
PED-103393,23/09/2024,Headset,Áudio,RJ,Loja Física,2,"R$ 363,76","11,1%","R$ 590,23",sim,3.0
PED-103394,24/01/2024,Mouse Sem Fio,Periféricos,RS,E-commerce,5,"R$ 179,42","11,3%","R$ 795,61",sim,2.0
PED-103395,19/02/2025,Headset,Áudio,RJ,Televendas,4,"R$ 328,72","18,8%","R$ 1.431,35",nao,2.0
PED-103396,03/05/2024,Webcam HD,Áudio,SP,Marketplace,1,"R$ 273,63","3,2%","R$ 335,41",nao,2.0
PED-103397,08/04/2024,Teclado Mecânico,Periféricos,SC,Televendas,5,"R$ 386,32","12,2%","R$ 2.168,10",sim,3.0
PED-103398,20/02/2025,Notebook Pro,Computadores,SP,Marketplace,1,"R$ 7.323,62","1,7%","R$ 9.651,81",nao,1.0
PED-103399,21/06/2025,Headset,Áudio,MG,Marketplace,1,"R$ 361,15","11,2%","R$ 452,67",sim,
PED-103400,30/09/2025,Teclado Mecânico,Periféricos,SP,E-commerce,1,"R$ 408,43","9,1%","R$ 396,55",sim,3.0
PED-103401,05/05/2024,Mesa Ajustável,Mobiliário,PR,Marketplace,2,"R$ 2.271,61","9,4%","R$ 5.215,06",sim,
PED-103402,12/05/2025,Webcam HD,Áudio,SP,E-commerce,1,"R$ 311,13","1,8%","R$ 456,88",nao,
PED-103403,26/03/2025,Webcam HD,Áudio,RS,Televendas,5,"R$ 277,70","9,6%","R$ 1.829,45",sim,
PED-103404,04/06/2025,Teclado Mecânico,Periféricos,MG,Televendas,2,"R$ 450,51","12,4%","R$ 1.113,79",nao,5.0
PED-103405,13/04/2024,Teclado Mecânico,Periféricos,SP,Televendas,5,"R$ 448,21","5,7%","R$ 2.701,08",sim,3.0
PED-103406,02/11/2024,Webcam HD,Áudio,SP,Televendas,4,"R$ 319,64","4,8%","R$ 1.142,46",nao,2.0
PED-103407,18/07/2025,Mesa Ajustável,Mobiliário,SP,Televendas,5,"R$ 2.614,16","0,0%","R$ 16.835,20",sim,1.0
PED-103408,02/01/2025,Mouse Sem Fio,Periféricos,RS,Televendas,3,"R$ 187,74","3,7%","R$ 646,79",nao,5.0
PED-103409,08/05/2024,Cadeira Ergo,Mobiliário,GO,E-commerce,2,"R$ 1.788,45","7,7%","R$ 4.180,90",nao,2.0
PED-103410,01/01/2024,"Monitor 27""",Periféricos,BA,Televendas,4,"R$ 1.398,07","3,2%","R$ 5.414,34",sim,2.0
PED-103411,13/04/2025,Cadeira Ergo,Mobiliário,PR,E-commerce,1,"R$ 1.849,51","13,8%","R$ 2.412,85",nao,2.0
PED-103412,13/02/2024,Headset,Áudio,MG,E-commerce,1,"R$ 329,26","13,3%","R$ 321,98",nao,3.0
PED-103413,20/06/2025,Mouse Sem Fio,Periféricos,SP,,6,"R$ 182,97","8,5%","R$ 1.418,75",nao,4.0
PED-103414,25/02/2025,Cadeira Ergo,Mobiliário,GO,E-commerce,3,"R$ 1.910,13","4,8%","R$ 7.316,04",sim,1.0
PED-103415,12/06/2024,Cadeira Ergo,Mobiliário,SP,E-commerce,3,"R$ 1.844,65","16,2%","R$ 5.562,34",sim,
PED-103416,15/05/2024,Teclado Mecânico,Periféricos,RJ,Loja Física,5,"R$ 473,16","5,9%","R$ 2.819,11",nao,3.0
PED-103417,29/02/2024,Mesa Ajustável,Mobiliário,RS,Televendas,5,"R$ 2.530,93","15,3%","R$ 12.081,29",nao,3.0
PED-103418,04/08/2024,Webcam HD,Áudio,SP,Televendas,3,"R$ 269,74","10,3%","R$ 416,50",sim,5.0
PED-103419,10/01/2025,Cadeira Ergo,Mobiliário,RS,Televendas,2,"R$ 2.043,85","10,4%","R$ 4.365,31",nao,4.0
PED-103420,15/07/2024,Mouse Sem Fio,Periféricos,SP,Loja Física,4,"R$ 180,96","13,3%","R$ 687,80",sim,3.0
PED-103421,15/11/2024,Notebook Pro,Computadores,SP,Televendas,2,"R$ 7.247,79","12,6%","R$ 11.899,77",nao,4.0
PED-103422,06/02/2025,Webcam HD,Áudio,SP,Marketplace,2,"R$ 262,64","13,9%","R$ 606,59",nao,1.0
PED-103423,02/11/2024,Mouse Sem Fio,Periféricos,PR,Marketplace,3,"R$ 186,91","3,9%","R$ 505,79",sim,
PED-103424,08/06/2024,"Monitor 27""",Periféricos,PR,Marketplace,1,"R$ 1.473,10","4,1%","R$ 1.693,29",sim,1.0
PED-103425,15/05/2025,Notebook Pro,Computadores,SP,Marketplace,1,"R$ 7.130,91","7,4%","R$ 9.875,71",sim,2.0
PED-103426,04/04/2025,"Monitor 27""",Periféricos,CE,Loja Física,1,"R$ 1.393,18","17,0%","R$ 1.748,93",nao,3.0
PED-103427,23/10/2024,Cadeira Ergo,Mobiliário,SP,Televendas,1,"R$ 1.982,24","2,8%","R$ 1.719,73",sim,5.0
PED-103428,25/04/2024,Cadeira Ergo,Mobiliário,RS,Televendas,3,"R$ 1.986,81","5,1%","R$ 7.230,73",nao,1.0
PED-103429,14/11/2024,Mouse Sem Fio,Periféricos,GO,Marketplace,3,"R$ 156,48","7,4%","R$ 407,98",sim,2.0
PED-103430,18/08/2024,Headset,Áudio,GO,Marketplace,3,"R$ 341,10","2,8%","R$ 571,09",sim,5.0
PED-103431,07/11/2024,Teclado Mecânico,Periféricos,RJ,Televendas,1,"R$ 408,50","8,5%","R$ 350,96",sim,5.0
PED-103432,21/03/2024,Notebook Pro,Computadores,CE,Loja Física,1,"R$ 6.988,35","11,5%","R$ 7.595,70",sim,2.0
PED-103433,17/10/2024,Headset,Áudio,SC,Loja Física,3,"R$ 355,79","15,9%","R$ 800,77",sim,
PED-103434,02/02/2024,Mesa Ajustável,Mobiliário,SP,Loja Física,2,"R$ 2.551,81","4,9%","R$ 5.472,10",sim,3.0
PED-103435,16/09/2024,"Monitor 27""",Periféricos,SP,Televendas,2,"R$ 1.499,67","4,5%","R$ 2.616,44",nao,2.0
PED-103436,23/03/2025,Teclado Mecânico,Periféricos,GO,,2,"R$ 398,09","8,7%","R$ 1.059,02",sim,3.0
PED-103437,12/04/2024,Headset,Áudio,GO,Loja Física,1,"R$ 341,63","4,0%","R$ 419,32",sim,3.0
PED-103438,22/03/2024,Notebook Pro,Computadores,SP,Marketplace,4,"R$ 7.021,93","3,9%","R$ 33.175,53",nao,
PED-103439,07/07/2024,Headset,Áudio,RJ,Marketplace,2,"R$ 334,41","6,9%","R$ 682,50",nao,4.0
PED-103440,02/08/2025,Mouse Sem Fio,Periféricos,SP,Televendas,3,"R$ 176,68","13,9%","R$ 529,44",sim,4.0
PED-103441,18/06/2024,Notebook Pro,Computadores,RJ,E-commerce,2,"R$ 6.263,81","4,3%","R$ 14.370,31",nao,1.0
PED-103442,25/08/2025,Cadeira Ergo,Mobiliário,PE,Televendas,1,"R$ 2.066,21","8,2%","R$ 2.200,51",sim,2.0
PED-103443,07/06/2024,Cadeira Ergo,Mobiliário,CE,Televendas,3,"R$ 2.051,14","7,2%","R$ 6.846,14",sim,4.0
PED-103444,06/02/2024,Mouse Sem Fio,Periféricos,SP,Televendas,1,"R$ 187,62","8,0%","R$ 194,63",nao,1.0
PED-103445,16/05/2025,Teclado Mecânico,Periféricos,MG,E-commerce,4,"R$ 453,42","5,6%","R$ 2.559,56",nao,4.0
PED-103446,17/03/2024,Teclado Mecânico,Periféricos,RS,Televendas,1,"R$ 397,80","3,8%","R$ 470,28",nao,2.0
PED-103447,13/03/2024,Teclado Mecânico,Periféricos,MG,Televendas,1,"R$ 405,85","2,1%","R$ 488,12",sim,3.0
PED-103448,07/12/2024,Headset,Áudio,SC,Loja Física,1,"R$ 309,47","0,0%","R$ 323,90",sim,2.0
PED-103449,11/05/2024,"Monitor 27""",Periféricos,RJ,E-commerce,3,"R$ 1.468,79","5,3%","R$ 5.285,47",sim,
PED-103450,21/01/2025,Headset,Áudio,SP,Marketplace,2,"R$ 362,53","10,1%","R$ 777,36",sim,4.0
PED-103451,02/12/2024,Teclado Mecânico,Periféricos,SP,Televendas,2,"R$ 391,28","10,9%","R$ 730,03",sim,5.0
PED-103452,01/04/2025,"Monitor 27""",Periféricos,SP,Marketplace,6,"R$ 1.478,35","0,0%","R$ 13.418,71",sim,3.0
PED-103453,19/07/2024,Webcam HD,Áudio,MG,Marketplace,3,"R$ 270,34","1,7%","R$ 873,59",nao,3.0
PED-103454,27/06/2024,Teclado Mecânico,Periféricos,MG,Marketplace,2,"R$ 386,74","7,4%","R$ 858,38",sim,3.0
PED-103455,02/06/2024,Cadeira Ergo,Mobiliário,GO,Televendas,1,"R$ 1.778,27","12,0%","R$ 1.876,66",nao,5.0
PED-103456,24/04/2025,"Monitor 27""",Periféricos,SP,Loja Física,4,"R$ 1.432,68","4,1%","R$ 8.311,91",sim,5.0
PED-103457,26/08/2024,Webcam HD,Áudio,SP,Marketplace,1,"R$ 318,32","12,1%","R$ 160,64",sim,2.0
PED-103458,29/06/2025,Headset,Áudio,SP,Loja Física,1,"R$ 357,51","4,3%","R$ 482,96",nao,1.0
PED-103459,17/11/2024,"Monitor 27""",Periféricos,BA,Loja Física,2,"R$ 1.569,65","8,7%","R$ 2.690,12",sim,2.0
PED-103460,23/05/2025,Cadeira Ergo,Mobiliário,MG,E-commerce,2,"R$ 1.770,78","8,7%","R$ 4.837,52",sim,3.0
PED-103461,07/03/2025,Webcam HD,Áudio,MG,E-commerce,4,"R$ 319,72","8,4%","R$ 1.706,71",nao,4.0
PED-103462,19/03/2025,Mesa Ajustável,Mobiliário,RS,Marketplace,1,"R$ 2.514,11","5,1%","R$ 3.478,14",nao,1.0
PED-103463,14/09/2025,Mesa Ajustável,Mobiliário,SP,Televendas,1,"R$ 2.769,70","1,4%","R$ 2.918,01",sim,1.0
PED-103464,16/10/2024,Cadeira Ergo,Mobiliário,SC,Marketplace,1,"R$ 1.915,59","11,8%","R$ 1.507,57",sim,5.0
PED-103465,29/06/2025,Webcam HD,Áudio,CE,Televendas,1,"R$ 288,67","10,6%","R$ 364,18",sim,1.0
PED-103466,11/06/2025,Mouse Sem Fio,Periféricos,PR,E-commerce,3,"R$ 159,30","10,8%","R$ 601,83",sim,4.0
PED-103467,02/10/2024,Mouse Sem Fio,Periféricos,MG,Televendas,2,"R$ 176,62","4,5%","R$ 301,01",sim,
PED-103468,21/03/2025,Headset,Áudio,SP,E-commerce,1,"R$ 349,07","7,1%","R$ 472,37",nao,2.0
PED-103469,16/10/2024,Mouse Sem Fio,Periféricos,SP,,6,"R$ 180,72","6,7%","R$ 902,73",nao,1.0
PED-103470,02/03/2025,Mesa Ajustável,Mobiliário,MG,Loja Física,1,"R$ 2.368,61","10,2%","R$ 3.098,01",sim,2.0
PED-103471,23/09/2024,Mouse Sem Fio,Periféricos,PR,Televendas,2,"R$ 201,47","3,3%","R$ 355,84",sim,3.0
PED-103472,11/11/2024,Headset,Áudio,MG,Marketplace,1,"R$ 367,05","8,5%","R$ 315,26",sim,4.0
PED-103473,01/06/2024,Cadeira Ergo,Mobiliário,RS,Televendas,2,"R$ 1.842,19","13,7%","R$ 3.813,84",nao,3.0
PED-103474,10/02/2025,Mouse Sem Fio,Periféricos,SP,Televendas,1,"R$ 177,37","0,0%","R$ 237,83",nao,5.0
PED-103475,01/09/2025,Mesa Ajustável,Mobiliário,RJ,E-commerce,3,"R$ 2.454,02","13,6%","R$ 6.792,67",sim,1.0
PED-103476,14/08/2024,Mouse Sem Fio,Periféricos,RJ,Marketplace,5,"R$ 196,58","6,8%","R$ 525,97",nao,2.0
PED-103477,13/02/2024,Mesa Ajustável,Mobiliário,PE,E-commerce,2,"R$ 2.413,10","7,5%","R$ 5.032,66",sim,2.0
PED-103478,29/03/2025,Cadeira Ergo,Mobiliário,RJ,Televendas,3,"R$ 1.941,35","5,4%","R$ 8.032,43",nao,3.0
PED-103479,11/05/2024,Headset,Áudio,SP,Televendas,5,"R$ 326,21","5,5%","R$ 1.952,16",sim,3.0
PED-103480,21/03/2025,Headset,Áudio,MG,E-commerce,1,"R$ 339,21","5,2%","R$ 468,45",nao,5.0
PED-103481,27/02/2025,Mouse Sem Fio,Periféricos,SP,Televendas,4,"R$ 169,63","17,4%","R$ 751,52",sim,5.0
PED-103482,30/08/2025,"Monitor 27""",Periféricos,PE,E-commerce,3,"R$ 1.350,86","13,3%","R$ 4.077,63",sim,1.0
PED-103483,12/01/2025,"Monitor 27""",Periféricos,SP,Televendas,3,"R$ 1.354,24","11,5%","R$ 4.287,11",sim,1.0
PED-103484,18/03/2024,Cadeira Ergo,Mobiliário,BA,E-commerce,2,"R$ 1.825,55","9,7%","R$ 4.049,05",nao,2.0
PED-103485,27/06/2024,Webcam HD,Áudio,GO,Loja Física,2,"R$ 300,74","4,9%","R$ 685,45",nao,5.0
PED-103486,22/06/2024,"Monitor 27""",Periféricos,RJ,Televendas,1,"R$ 1.391,96","11,8%","R$ 1.471,74",nao,4.0
PED-103487,22/08/2025,"Monitor 27""",Periféricos,MG,Marketplace,4,"R$ 1.398,98","10,4%","R$ 5.816,34",sim,1.0
PED-103488,04/07/2025,Notebook Pro,Computadores,RJ,E-commerce,3,"R$ 6.592,51","5,8%","R$ 23.990,39",sim,5.0
PED-103489,19/09/2024,Mouse Sem Fio,Periféricos,PR,Televendas,1,"R$ 187,13","4,1%","R$ 163,93",sim,5.0
PED-103490,15/07/2025,"Monitor 27""",Periféricos,RJ,E-commerce,2,"R$ 1.588,29","14,6%","R$ 3.493,83",nao,1.0
PED-103491,16/01/2025,"Monitor 27""",Periféricos,MG,Loja Física,2,"R$ 1.559,76","4,4%","R$ 3.555,65",nao,3.0
PED-103492,20/07/2024,Notebook Pro,Computadores,SP,E-commerce,1,"R$ 6.814,93","3,5%","R$ 7.207,34",sim,3.0
PED-103493,28/02/2024,Teclado Mecânico,Periféricos,BA,Televendas,5,"R$ 369,12","9,3%","R$ 1.888,34",sim,
PED-103494,07/08/2025,Notebook Pro,Computadores,RJ,E-commerce,3,"R$ 6.684,42","6,2%","R$ 21.827,15",sim,3.0
PED-103495,24/07/2025,Teclado Mecânico,Periféricos,MG,Marketplace,2,"R$ 446,17","0,0%","R$ 1.149,33",sim,2.0
PED-103496,22/04/2025,Webcam HD,Áudio,SP,Televendas,2,"R$ 281,38","0,0%","R$ 851,34",nao,2.0
PED-103497,06/03/2024,Notebook Pro,Computadores,RS,Marketplace,1,"R$ 6.472,48","13,8%","R$ 6.854,35",sim,4.0
PED-103498,22/12/2024,"Monitor 27""",Periféricos,SC,E-commerce,3,"R$ 1.431,17","9,7%","R$ 4.058,79",sim,4.0
PED-103499,09/09/2024,Teclado Mecânico,Periféricos,SP,Televendas,2,"R$ 407,07","6,6%","R$ 694,30",sim,1.0
PED-103500,12/03/2025,Mesa Ajustável,Mobiliário,SP,,2,"R$ 2.508,98","8,2%","R$ 6.712,15",sim,3.0
PED-103501,20/07/2025,Webcam HD,Áudio,CE,E-commerce,2,"R$ 319,50","9,7%","R$ 743,20",sim,2.0
PED-103502,08/12/2024,Teclado Mecânico,Periféricos,SC,Televendas,3,"R$ 410,08","0,6%","R$ 1.279,78",sim,3.0
PED-103503,27/08/2025,"Monitor 27""",Periféricos,RJ,Marketplace,1,"R$ 1.444,35","8,6%","R$ 1.532,84",sim,5.0
PED-103504,03/05/2024,Notebook Pro,Computadores,RS,Televendas,6,"R$ 6.701,04","2,0%","R$ 49.906,69",sim,3.0
PED-103505,01/08/2025,Cadeira Ergo,Mobiliário,RJ,E-commerce,6,"R$ 2.179,98","6,2%","R$ 14.240,69",sim,2.0
PED-103506,12/07/2025,"Monitor 27""",Periféricos,MG,E-commerce,2,"R$ 1.454,19","10,5%","R$ 3.353,31",sim,4.0
PED-103507,13/06/2025,Mouse Sem Fio,Periféricos,SP,Loja Física,1,"R$ 177,91","14,3%","R$ 215,28",sim,4.0
PED-103508,01/09/2025,Headset,Áudio,SP,Loja Física,4,"R$ 338,80","5,5%","R$ 1.367,87",sim,2.0
PED-103509,29/05/2024,Mouse Sem Fio,Periféricos,SP,E-commerce,3,"R$ 181,81","13,9%","R$ 594,57",sim,3.0
PED-103510,03/05/2024,"Monitor 27""",Periféricos,CE,Marketplace,4,"R$ 1.404,17","6,2%","R$ 6.672,73",sim,5.0
PED-103511,21/01/2024,Headset,Áudio,MG,Loja Física,1,"R$ 310,79","1,4%","R$ 306,45",sim,5.0
PED-103512,29/04/2025,Headset,Áudio,SP,E-commerce,1,"R$ 349,56","5,0%","R$ 502,33",nao,5.0
PED-103513,16/10/2024,Headset,Áudio,MG,E-commerce,3,"R$ 337,24","3,7%","R$ 869,20",nao,2.0
PED-103514,05/07/2024,Teclado Mecânico,Periféricos,CE,E-commerce,1,"R$ 456,87","3,4%","R$ 483,74",sim,2.0
PED-103515,10/02/2024,Webcam HD,Áudio,SP,Televendas,5,"R$ 283,17","9,1%","R$ 1.452,07",sim,3.0
PED-103516,18/06/2024,Webcam HD,Áudio,CE,Marketplace,3,"R$ 310,51","5,3%","R$ 1.057,82",sim,4.0
PED-103517,06/09/2025,Cadeira Ergo,Mobiliário,PE,E-commerce,1,"R$ 1.991,00","7,6%","R$ 1.964,76",nao,2.0
PED-103518,15/02/2024,Mesa Ajustável,Mobiliário,SP,E-commerce,1,"R$ 2.384,38","0,0%","R$ 2.689,00",nao,1.0
PED-103519,06/01/2024,Cadeira Ergo,Mobiliário,MG,Loja Física,3,"R$ 1.984,02","4,3%","R$ 5.693,50",sim,4.0
PED-103520,09/06/2024,"Monitor 27""",Periféricos,PR,Televendas,4,"R$ 1.399,33","7,5%","R$ 6.207,73",sim,1.0
PED-103521,27/07/2024,Headset,Áudio,RJ,E-commerce,2,"R$ 338,06","12,8%","R$ 646,01",sim,5.0
PED-103522,06/05/2024,Cadeira Ergo,Mobiliário,RS,Televendas,2,"R$ 1.847,38","8,0%","R$ 4.304,31",sim,4.0
PED-103523,10/05/2024,Cadeira Ergo,Mobiliário,SP,E-commerce,3,"R$ 1.983,26","11,3%","R$ 6.684,11",sim,5.0
PED-103524,13/12/2024,Cadeira Ergo,Mobiliário,SP,Marketplace,3,"R$ 1.987,32","5,6%","R$ 5.891,77",nao,5.0
PED-103525,09/01/2024,Webcam HD,Áudio,SP,E-commerce,2,"R$ 299,32","8,5%","R$ 547,87",sim,1.0
PED-103526,20/09/2025,Headset,Áudio,RJ,E-commerce,2,"R$ 358,37","3,6%","R$ 738,48",nao,2.0
PED-103527,15/11/2024,Teclado Mecânico,Periféricos,MG,Marketplace,4,"R$ 416,99","1,4%","R$ 1.544,23",sim,3.0
PED-103528,23/08/2024,"Monitor 27""",Periféricos,PR,Marketplace,7,"R$ 1.503,75","14,4%","R$ 5.170,01",sim,2.0
PED-103529,18/02/2024,"Monitor 27""",Periféricos,RS,Marketplace,3,"R$ 1.426,75","13,3%","R$ 4.183,37",nao,2.0
PED-103530,04/05/2024,Headset,Áudio,SP,Televendas,3,"R$ 341,40","7,7%","R$ 1.197,70",sim,3.0
PED-103531,29/07/2025,Mesa Ajustável,Mobiliário,SP,E-commerce,3,"R$ 2.503,79","6,3%","R$ 9.060,39",sim,1.0
PED-103532,02/08/2024,Mesa Ajustável,Mobiliário,SC,Marketplace,3,"R$ 2.348,05","16,7%","R$ 3.366,22",sim,5.0
PED-103533,16/03/2025,Notebook Pro,Computadores,SP,Loja Física,3,"R$ 7.295,86","11,3%","R$ 28.294,36",sim,5.0
PED-103534,14/04/2024,Cadeira Ergo,Mobiliário,MG,E-commerce,1,"R$ 2.150,25","2,6%","R$ 2.676,68",sim,1.0
PED-103535,24/08/2024,Webcam HD,Áudio,SP,Loja Física,3,"R$ 309,58","5,8%","R$ 502,13",sim,1.0
PED-103536,27/07/2024,Notebook Pro,Computadores,GO,Televendas,3,"R$ 6.315,01","12,8%","R$ 18.095,89",nao,3.0
PED-103537,22/06/2025,"Monitor 27""",Periféricos,PR,Televendas,2,"R$ 1.527,21","6,9%","R$ 4.015,48",nao,4.0
PED-103538,12/09/2024,"Monitor 27""",Periféricos,RS,E-commerce,3,"R$ 1.538,85","0,0%","R$ 4.215,32",nao,1.0
PED-103539,24/05/2025,Notebook Pro,Computadores,RJ,E-commerce,1,"R$ 6.293,98","4,7%","R$ 8.971,78",nao,4.0
PED-103540,13/08/2025,Webcam HD,Áudio,PR,Loja Física,3,"R$ 313,50","18,5%","R$ 889,93",sim,3.0
PED-103541,27/07/2024,"Monitor 27""",Periféricos,RS,Loja Física,1,"R$ 1.477,18","3,8%","R$ 1.557,47",sim,1.0
PED-103542,15/05/2024,Headset,Áudio,RJ,Televendas,4,"R$ 339,61","8,5%","R$ 1.573,83",nao,5.0
PED-103543,26/06/2025,Cadeira Ergo,Mobiliário,SC,E-commerce,1,"R$ 2.019,63","0,0%","R$ 2.851,55",nao,2.0
PED-103544,16/08/2025,Webcam HD,Áudio,SP,Televendas,3,"R$ 291,79","11,0%","R$ 904,06",nao,1.0
PED-103545,17/08/2025,Teclado Mecânico,Periféricos,SC,Marketplace,1,"R$ 425,37","14,5%","R$ 422,08",sim,5.0
PED-103546,25/03/2024,Teclado Mecânico,Periféricos,SP,Televendas,2,"R$ 423,46","15,2%","R$ 882,72",sim,3.0
PED-103547,31/01/2025,Mesa Ajustável,Mobiliário,SP,E-commerce,1,"R$ 2.125,53","13,3%","R$ 2.196,31",sim,2.0
PED-103548,15/03/2024,Notebook Pro,Computadores,SP,,5,"R$ 6.808,71","13,3%","R$ 36.264,30",sim,5.0
PED-103549,13/08/2024,"Monitor 27""",Periféricos,BA,Loja Física,8,"R$ 1.359,90","8,2%","R$ 5.732,40",nao,2.0
PED-103550,17/09/2024,Mouse Sem Fio,Periféricos,MG,Loja Física,1,"R$ 190,02","9,7%","R$ 156,75",nao,5.0
PED-103551,30/07/2025,Cadeira Ergo,Mobiliário,SP,Loja Física,3,"R$ 1.893,21","2,4%","R$ 7.139,88",nao,1.0
PED-103552,14/04/2025,Mesa Ajustável,Mobiliário,RJ,Televendas,4,"R$ 2.486,25","9,1%","R$ 13.673,63",nao,4.0
PED-103553,26/08/2025,Mouse Sem Fio,Periféricos,PE,Marketplace,2,"R$ 186,68","9,0%","R$ 394,33",sim,5.0
PED-103554,18/06/2025,Notebook Pro,Computadores,PR,Televendas,1,"R$ 7.118,48","8,9%","R$ 9.159,20",nao,2.0
PED-103555,10/08/2024,Cadeira Ergo,Mobiliário,GO,E-commerce,1,"R$ 2.000,48","9,0%","R$ 1.045,12",sim,3.0
PED-103556,07/07/2025,Mesa Ajustável,Mobiliário,BA,Marketplace,3,"R$ 2.365,38","8,1%","R$ 8.401,28",sim,5.0
PED-103557,25/02/2024,Mesa Ajustável,Mobiliário,RJ,Televendas,1,"R$ 2.556,41","8,5%","R$ 2.637,28",sim,3.0
PED-103558,08/05/2024,Cadeira Ergo,Mobiliário,RJ,E-commerce,3,"R$ 1.858,80","9,3%","R$ 6.405,78",sim,1.0
PED-103559,09/07/2025,Webcam HD,Áudio,SP,Loja Física,7,"R$ 312,66","12,3%","R$ 2.472,82",sim,2.0
PED-103560,05/02/2024,Teclado Mecânico,Periféricos,RJ,E-commerce,1,"R$ 451,94","11,5%","R$ 450,98",sim,2.0
PED-103561,01/03/2025,Webcam HD,Áudio,SC,Marketplace,2,"R$ 297,75","12,9%","R$ 755,54",nao,2.0
PED-103562,24/07/2025,Mouse Sem Fio,Periféricos,SP,Marketplace,1,"R$ 178,01","5,4%","R$ 216,82",nao,2.0
PED-103563,28/05/2024,Notebook Pro,Computadores,SP,Loja Física,4,"R$ 6.690,70","6,8%","R$ 31.591,79",nao,2.0
PED-103564,22/03/2025,Mesa Ajustável,Mobiliário,SC,Loja Física,1,"R$ 2.407,91","0,4%","R$ 3.494,53",sim,2.0
PED-103565,28/12/2024,Notebook Pro,Computadores,PE,E-commerce,4,"R$ 6.555,10","4,6%","R$ 26.189,41",sim,2.0
PED-103566,25/03/2025,Cadeira Ergo,Mobiliário,PR,Loja Física,3,"R$ 1.746,53","13,6%","R$ 6.593,63",nao,4.0
PED-103567,16/07/2024,Headset,Áudio,PR,E-commerce,4,"R$ 338,47","8,4%","R$ 1.358,85",sim,1.0
PED-103568,15/03/2024,Webcam HD,Áudio,SP,E-commerce,3,"R$ 283,59","11,1%","R$ 929,00",sim,2.0
PED-103569,11/08/2025,Cadeira Ergo,Mobiliário,SP,Marketplace,4,"R$ 1.853,96","10,5%","R$ 7.706,32",sim,
PED-103570,07/03/2024,"Monitor 27""",Periféricos,RS,Loja Física,1,"R$ 1.375,01","9,7%","R$ 1.525,90",sim,2.0
PED-103571,06/08/2024,Headset,Áudio,SP,Loja Física,1,"R$ 333,12","6,7%","R$ 178,35",sim,1.0
PED-103572,01/01/2024,Webcam HD,Áudio,CE,E-commerce,2,"R$ 296,43","6,4%","R$ 555,00",sim,4.0
PED-103573,05/05/2024,Mesa Ajustável,Mobiliário,MG,E-commerce,2,"R$ 2.350,82","0,2%","R$ 5.943,85",nao,5.0
PED-103574,21/02/2025,"Monitor 27""",Periféricos,SC,Televendas,4,"R$ 1.558,25","18,8%","R$ 6.785,20",sim,
PED-103575,28/01/2024,Cadeira Ergo,Mobiliário,SC,Televendas,2,"R$ 2.062,27","12,5%","R$ 3.610,84",sim,1.0
PED-103576,19/05/2024,Teclado Mecânico,Periféricos,SP,Loja Física,2,"R$ 391,24","10,8%","R$ 884,43",nao,1.0
PED-103577,07/08/2024,Notebook Pro,Computadores,BA,Loja Física,2,"R$ 6.207,84","10,6%","R$ 6.371,63",nao,5.0
PED-103578,31/07/2024,Teclado Mecânico,Periféricos,SC,Marketplace,1,"R$ 458,32","10,8%","R$ 447,87",nao,1.0
PED-103579,25/09/2025,Webcam HD,Áudio,MG,E-commerce,2,"R$ 292,82","9,3%","R$ 567,56",nao,1.0
PED-103580,29/04/2024,Webcam HD,Áudio,RJ,Marketplace,5,"R$ 324,49","5,2%","R$ 1.966,18",sim,1.0
PED-103581,19/05/2024,Webcam HD,Áudio,SP,Marketplace,1,"R$ 264,37","10,2%","R$ 300,61",sim,3.0
PED-103582,30/04/2025,Teclado Mecânico,Periféricos,SP,Loja Física,3,"R$ 439,82","3,7%","R$ 1.921,99",sim,
PED-103583,20/10/2024,Cadeira Ergo,Mobiliário,RJ,Loja Física,2,"R$ 1.941,92","7,1%","R$ 3.220,44",sim,5.0
PED-103584,14/11/2024,Teclado Mecânico,Periféricos,RS,Marketplace,4,"R$ 428,20","8,4%","R$ 1.473,22",sim,3.0
PED-103585,14/09/2025,Notebook Pro,Computadores,PR,Televendas,1,"R$ 6.849,41","8,2%","R$ 6.720,21",sim,4.0
PED-103586,11/05/2024,"Monitor 27""",Periféricos,SC,Televendas,1,"R$ 1.549,06","12,4%","R$ 1.718,61",sim,1.0
PED-103587,05/01/2024,Notebook Pro,Computadores,RJ,Loja Física,2,"R$ 6.776,78","4,2%","R$ 12.990,92",nao,4.0
PED-103588,17/07/2025,Webcam HD,Áudio,RJ,Loja Física,1,"R$ 316,71","1,9%","R$ 400,20",sim,3.0
PED-103589,07/07/2024,Teclado Mecânico,Periféricos,SP,Televendas,2,"R$ 413,44","6,6%","R$ 846,03",sim,4.0
PED-103590,23/07/2024,Mesa Ajustável,Mobiliário,SP,E-commerce,4,"R$ 2.654,49","7,6%","R$ 10.757,03",nao,3.0
PED-103591,09/06/2025,Mouse Sem Fio,Periféricos,RS,Televendas,3,"R$ 170,25","15,5%","R$ 609,37",sim,4.0
PED-103592,03/02/2025,Mesa Ajustável,Mobiliário,CE,Televendas,3,"R$ 2.217,83","0,0%","R$ 8.921,52",sim,2.0
PED-103593,02/03/2024,Webcam HD,Áudio,PE,Marketplace,4,"R$ 267,21","17,1%","R$ 1.089,03",sim,4.0
PED-103594,25/07/2025,Headset,Áudio,RJ,E-commerce,1,"R$ 339,83","13,6%","R$ 378,20",nao,2.0
PED-103595,17/08/2025,Notebook Pro,Computadores,PR,Televendas,2,"R$ 7.548,54","0,0%","R$ 17.521,06",nao,5.0
PED-103596,06/01/2024,Cadeira Ergo,Mobiliário,SP,Televendas,2,"R$ 1.917,94","16,8%","R$ 3.192,27",nao,4.0
PED-103597,18/06/2025,Mesa Ajustável,Mobiliário,BA,Televendas,1,"R$ 2.465,63","5,8%","R$ 3.278,18",sim,4.0
PED-103598,22/04/2024,"Monitor 27""",Periféricos,MG,E-commerce,1,"R$ 1.439,50","5,2%","R$ 1.744,59",sim,1.0
PED-103599,01/04/2024,Headset,Áudio,SP,Loja Física,1,"R$ 315,72","16,3%","R$ 337,70",sim,4.0
PED-103600,04/05/2025,"Monitor 27""",Periféricos,SP,Televendas,3,"R$ 1.364,76","0,0%","R$ 6.122,19",sim,
PED-103601,14/01/2025,Mouse Sem Fio,Periféricos,MG,E-commerce,4,"R$ 186,19","6,4%","R$ 830,82",sim,3.0
PED-103602,06/10/2024,Cadeira Ergo,Mobiliário,RJ,Loja Física,1,"R$ 1.832,25","5,7%","R$ 1.541,92",nao,4.0
PED-103603,21/12/2024,Notebook Pro,Computadores,SP,Loja Física,3,"R$ 6.909,14","8,2%","R$ 19.907,62",sim,4.0
PED-103604,08/05/2024,Headset,Áudio,SP,Loja Física,1,"R$ 362,89","9,9%","R$ 414,00",sim,5.0
PED-103605,19/03/2025,Mesa Ajustável,Mobiliário,SC,,2,"R$ 2.549,30","10,6%","R$ 6.642,57",sim,1.0
PED-103606,15/08/2024,Cadeira Ergo,Mobiliário,SC,Loja Física,6,"R$ 1.910,65","1,7%","R$ 6.468,94",sim,1.0
PED-103607,15/07/2024,Webcam HD,Áudio,SC,Televendas,2,"R$ 296,97","13,1%","R$ 565,79",nao,1.0
PED-103608,23/12/2024,Mouse Sem Fio,Periféricos,PR,Televendas,1,"R$ 182,40","13,3%","R$ 165,57",sim,1.0
PED-103609,02/09/2024,Teclado Mecânico,Periféricos,RS,E-commerce,2,"R$ 372,38","10,7%","R$ 607,47",sim,4.0
PED-103610,11/02/2024,Webcam HD,Áudio,SP,E-commerce,4,"R$ 281,59","0,6%","R$ 1.263,03",sim,5.0
PED-103611,03/06/2024,Cadeira Ergo,Mobiliário,BA,Televendas,1,"R$ 1.955,29","12,5%","R$ 2.050,49",nao,3.0
PED-103612,18/09/2025,Notebook Pro,Computadores,SC,Marketplace,2,"R$ 6.976,57","7,5%","R$ 13.786,50",sim,2.0
PED-103613,05/07/2024,Teclado Mecânico,Periféricos,PE,Loja Física,1,"R$ 378,85","3,8%","R$ 399,52",sim,5.0
PED-103614,10/09/2024,Headset,Áudio,SP,Loja Física,1,"R$ 309,34","13,1%","R$ 245,45",sim,1.0
PED-103615,22/04/2024,Mouse Sem Fio,Periféricos,SP,Televendas,1,"R$ 160,35","0,0%","R$ 205,01",nao,2.0
PED-103616,03/02/2024,Mouse Sem Fio,Periféricos,PE,Marketplace,2,"R$ 171,39","9,9%","R$ 348,37",sim,4.0
PED-103617,01/08/2025,Webcam HD,Áudio,MG,Loja Física,1,"R$ 286,22","9,5%","R$ 300,61",sim,5.0
PED-103618,15/01/2025,Webcam HD,Áudio,BA,Televendas,6,"R$ 313,87","18,0%","R$ 1.839,65",sim,4.0
PED-103619,21/07/2025,Webcam HD,Áudio,RS,Loja Física,1,"R$ 293,23","8,3%","R$ 346,22",sim,3.0
PED-103620,15/06/2025,Teclado Mecânico,Periféricos,MG,Televendas,2,"R$ 384,02","1,6%","R$ 1.066,59",sim,
PED-103621,18/08/2024,Mesa Ajustável,Mobiliário,MG,Televendas,1,"R$ 2.403,83","1,1%","R$ 1.365,18",sim,4.0
PED-103622,03/11/2024,Webcam HD,Áudio,SP,Televendas,3,"R$ 295,59","10,9%","R$ 741,83",nao,2.0
PED-103623,19/03/2025,"Monitor 27""",Periféricos,MG,Marketplace,2,"R$ 1.451,82","5,2%","R$ 4.012,52",sim,2.0
PED-103624,12/05/2025,Teclado Mecânico,Periféricos,CE,Televendas,3,"R$ 426,83","5,5%","R$ 1.809,18",sim,3.0
PED-103625,09/11/2024,Cadeira Ergo,Mobiliário,SP,Televendas,2,"R$ 2.051,97","5,8%","R$ 3.629,59",sim,1.0
PED-103626,24/01/2024,Cadeira Ergo,Mobiliário,SP,E-commerce,1,"R$ 1.930,23","13,9%","R$ 1.661,51",sim,2.0
PED-103627,28/06/2024,Teclado Mecânico,Periféricos,SP,Marketplace,3,"R$ 437,67","12,0%","R$ 1.384,53",nao,5.0
PED-103628,18/07/2024,Mesa Ajustável,Mobiliário,SP,Televendas,1,"R$ 2.317,24","7,7%","R$ 2.343,23",sim,4.0
PED-103629,11/08/2024,Mesa Ajustável,Mobiliário,SP,E-commerce,2,"R$ 2.541,76","8,4%","R$ 2.672,85",sim,1.0
PED-103630,11/01/2025,Notebook Pro,Computadores,SP,Televendas,2,"R$ 7.194,80","0,0%","R$ 17.152,40",sim,3.0
PED-103631,09/09/2025,Headset,Áudio,BA,E-commerce,6,"R$ 335,16","10,2%","R$ 1.929,14",sim,1.0
PED-103632,04/04/2024,Cadeira Ergo,Mobiliário,MG,Televendas,1,"R$ 1.914,44","9,9%","R$ 2.205,82",sim,5.0
PED-103633,06/08/2024,Notebook Pro,Computadores,RS,Loja Física,4,"R$ 6.861,65","8,0%","R$ 14.486,98",sim,5.0
PED-103634,19/06/2024,"Monitor 27""",Periféricos,CE,Marketplace,2,"R$ 1.456,23","10,7%","R$ 3.117,79",nao,1.0
PED-103635,05/01/2025,Cadeira Ergo,Mobiliário,BA,Televendas,2,"R$ 1.828,00","6,3%","R$ 4.085,35",sim,2.0
PED-103636,05/06/2025,Mesa Ajustável,Mobiliário,PR,Loja Física,1,"R$ 2.501,02","9,9%","R$ 3.181,36",sim,1.0
PED-103637,27/08/2025,"Monitor 27""",Periféricos,SP,E-commerce,5,"R$ 1.506,44","10,2%","R$ 7.845,71",sim,4.0
PED-103638,20/11/2024,"Monitor 27""",Periféricos,SC,Loja Física,1,"R$ 1.428,50","8,8%","R$ 1.223,29",sim,5.0
PED-103639,09/07/2024,Headset,Áudio,PR,E-commerce,1,"R$ 324,60","14,6%","R$ 303,72",sim,3.0
PED-103640,19/05/2024,Mesa Ajustável,Mobiliário,BA,Marketplace,4,"R$ 2.071,74","0,2%","R$ 10.476,11",sim,4.0
PED-103641,01/06/2025,"Monitor 27""",Periféricos,SP,E-commerce,3,"R$ 1.684,19","8,0%","R$ 6.563,84",nao,3.0
PED-103642,30/01/2024,Headset,Áudio,BA,Marketplace,2,"R$ 364,37","5,1%","R$ 691,28",sim,2.0
PED-103643,14/03/2024,Mesa Ajustável,Mobiliário,PR,,1,"R$ 2.423,04","8,5%","R$ 2.725,23",nao,4.0
PED-103644,09/02/2024,"Monitor 27""",Periféricos,RJ,Televendas,5,"R$ 1.493,89","3,6%","R$ 8.117,21",sim,
PED-103645,14/04/2025,"Monitor 27""",Periféricos,PR,Loja Física,1,"R$ 1.442,29","9,5%","R$ 1.973,61",sim,3.0
PED-103646,29/06/2025,Mouse Sem Fio,Periféricos,SP,Marketplace,5,"R$ 188,47","7,8%","R$ 1.226,39",sim,4.0
PED-103647,31/05/2025,Cadeira Ergo,Mobiliário,SP,E-commerce,1,"R$ 1.657,58","5,9%","R$ 2.332,40",sim,1.0
PED-103648,24/06/2024,Teclado Mecânico,Periféricos,RS,E-commerce,5,"R$ 386,13","11,7%","R$ 2.044,45",sim,2.0
PED-103649,19/06/2025,Cadeira Ergo,Mobiliário,BA,Marketplace,1,"R$ 2.091,94","9,3%","R$ 2.678,75",sim,3.0
PED-103650,04/01/2024,Notebook Pro,Computadores,SP,Marketplace,2,"R$ 6.107,94","13,4%","R$ 10.575,64",sim,3.0
PED-103651,16/09/2025,Cadeira Ergo,Mobiliário,SP,Televendas,4,"R$ 1.938,81","8,5%","R$ 7.578,16",sim,5.0
PED-103652,17/01/2025,Webcam HD,Áudio,PR,Loja Física,5,"R$ 269,72","11,1%","R$ 1.429,07",nao,4.0
PED-103653,31/03/2025,Mesa Ajustável,Mobiliário,SP,Marketplace,6,"R$ 2.275,16","13,3%","R$ 17.238,00",sim,4.0
PED-103654,03/03/2024,Mesa Ajustável,Mobiliário,SP,Marketplace,2,"R$ 2.289,33","3,4%","R$ 5.435,96",nao,3.0
PED-103655,17/09/2025,Webcam HD,Áudio,RS,Loja Física,2,"R$ 280,01","13,5%","R$ 517,88",sim,3.0
PED-103656,07/09/2024,Mesa Ajustável,Mobiliário,SP,Marketplace,4,"R$ 2.379,49","3,5%","R$ 8.382,28",sim,4.0
PED-103657,27/06/2024,Teclado Mecânico,Periféricos,SC,Televendas,2,"R$ 409,22","15,0%","R$ 834,00",sim,5.0
PED-103658,28/06/2025,Mouse Sem Fio,Periféricos,SC,E-commerce,1,"R$ 181,87","7,2%","R$ 238,29",nao,
PED-103659,29/11/2024,Mouse Sem Fio,Periféricos,PR,Loja Física,1,"R$ 169,72","7,0%","R$ 148,17",nao,2.0
PED-103660,25/03/2024,Cadeira Ergo,Mobiliário,PR,Loja Física,1,"R$ 1.936,26","1,4%","R$ 2.346,12",sim,4.0
PED-103661,17/05/2024,"Monitor 27""",Periféricos,RS,E-commerce,4,"R$ 1.489,11","12,1%","R$ 6.632,71",sim,4.0
PED-103662,20/08/2024,Cadeira Ergo,Mobiliário,SP,Loja Física,2,"R$ 1.919,74","8,4%","R$ 2.018,81",nao,
PED-103663,23/02/2024,Webcam HD,Áudio,RS,Marketplace,3,"R$ 254,51","11,1%","R$ 765,22",nao,1.0
PED-103664,20/11/2024,"Monitor 27""",Periféricos,SP,E-commerce,1,"R$ 1.272,05","11,4%","R$ 1.058,30",sim,1.0
PED-103665,07/10/2024,Webcam HD,Áudio,SP,E-commerce,4,"R$ 303,36","8,0%","R$ 996,27",sim,4.0
PED-103666,19/02/2025,Cadeira Ergo,Mobiliário,CE,Marketplace,3,"R$ 1.727,99","9,6%","R$ 6.284,04",sim,1.0
PED-103667,05/04/2025,Webcam HD,Áudio,RS,Loja Física,4,"R$ 304,01","8,5%","R$ 1.683,68",sim,2.0
PED-103668,27/03/2024,Mesa Ajustável,Mobiliário,PE,,1,"R$ 2.471,18","5,1%","R$ 2.880,71",sim,5.0
PED-103669,13/05/2025,Notebook Pro,Computadores,SP,Televendas,1,"R$ 6.587,01","12,2%","R$ 8.652,21",sim,2.0
PED-103670,10/06/2025,Headset,Áudio,SC,Televendas,2,"R$ 330,61","14,3%","R$ 799,69",nao,3.0
PED-103671,11/01/2024,Webcam HD,Áudio,GO,Marketplace,1,"R$ 268,42","11,7%","R$ 237,13",nao,2.0
PED-103672,01/05/2025,Cadeira Ergo,Mobiliário,RJ,Televendas,2,"R$ 1.891,45","1,4%","R$ 5.577,15",sim,5.0
PED-103673,26/08/2025,"Monitor 27""",Periféricos,RS,Loja Física,4,"R$ 1.396,87","14,8%","R$ 5.523,87",sim,4.0
PED-103674,08/09/2024,Mesa Ajustável,Mobiliário,SP,Televendas,1,"R$ 2.303,00","9,1%","R$ 1.910,95",sim,5.0
PED-103675,07/06/2024,Mesa Ajustável,Mobiliário,PR,Marketplace,4,"R$ 2.610,36","9,0%","R$ 11.392,27",sim,1.0
PED-103676,18/12/2024,"Monitor 27""",Periféricos,MG,E-commerce,1,"R$ 1.266,81","4,9%","R$ 1.261,13",sim,2.0
PED-103677,06/07/2024,Notebook Pro,Computadores,RS,Televendas,2,"R$ 6.591,64","8,5%","R$ 13.219,22",sim,1.0
PED-103678,14/05/2024,Mesa Ajustável,Mobiliário,GO,E-commerce,1,"R$ 2.374,25","4,1%","R$ 2.883,30",nao,1.0
PED-103679,16/06/2025,Mouse Sem Fio,Periféricos,RJ,Marketplace,1,"R$ 177,45","10,6%","R$ 223,96",nao,3.0
PED-103680,19/01/2025,Mouse Sem Fio,Periféricos,SP,Televendas,1,"R$ 204,60","11,3%","R$ 216,29",sim,5.0
PED-103681,26/07/2025,Headset,Áudio,BA,E-commerce,3,"R$ 296,58","6,4%","R$ 1.072,25",sim,4.0
PED-103682,03/04/2025,Headset,Áudio,PR,Loja Física,3,"R$ 344,59","11,0%","R$ 1.392,50",sim,4.0
PED-103683,16/04/2025,Notebook Pro,Computadores,SP,Marketplace,2,"R$ 7.029,12","21,5%","R$ 16.689,96",sim,5.0
PED-103684,18/05/2025,Mesa Ajustável,Mobiliário,SP,,3,"R$ 2.526,56","12,5%","R$ 9.918,69",sim,3.0
PED-103685,01/08/2024,Notebook Pro,Computadores,SP,Televendas,1,"R$ 6.839,70","14,5%","R$ 3.356,40",nao,1.0
PED-103686,24/03/2024,Cadeira Ergo,Mobiliário,RS,E-commerce,1,"R$ 1.961,81","1,1%","R$ 2.383,02",sim,3.0
PED-103687,23/10/2024,"Monitor 27""",Periféricos,RS,Marketplace,1,"R$ 1.558,03","9,2%","R$ 1.262,07",sim,2.0
PED-103688,14/09/2025,Mesa Ajustável,Mobiliário,RJ,Televendas,6,"R$ 2.421,64","4,4%","R$ 14.848,24",nao,2.0
PED-103689,18/06/2025,Teclado Mecânico,Periféricos,SP,E-commerce,2,"R$ 420,07","0,3%","R$ 1.183,11",sim,
PED-103690,07/04/2025,Notebook Pro,Computadores,RS,E-commerce,3,"R$ 6.714,00","15,1%","R$ 25.866,27",sim,1.0
PED-103691,16/08/2024,Cadeira Ergo,Mobiliário,RS,Televendas,5,"R$ 1.844,32","5,5%","R$ 5.000,02",sim,1.0
PED-103692,14/05/2024,Teclado Mecânico,Periféricos,SP,Televendas,2,"R$ 423,00","0,0%","R$ 1.071,64",nao,1.0
PED-103693,30/05/2025,Cadeira Ergo,Mobiliário,RS,Marketplace,1,"R$ 1.849,61","3,0%","R$ 2.681,96",sim,1.0
PED-103694,08/10/2024,Notebook Pro,Computadores,PR,Loja Física,4,"R$ 6.490,95","7,2%","R$ 21.497,25",sim,1.0
PED-103695,15/05/2025,Notebook Pro,Computadores,PR,Marketplace,4,"R$ 6.090,51","0,0%","R$ 36.428,56",nao,5.0
PED-103696,15/05/2024,"Monitor 27""",Periféricos,SP,E-commerce,3,"R$ 1.552,00","13,7%","R$ 5.086,92",nao,4.0
PED-103697,26/10/2024,Webcam HD,Áudio,RJ,Loja Física,2,"R$ 278,86","8,4%","R$ 455,97",nao,5.0
PED-103698,25/05/2025,Cadeira Ergo,Mobiliário,SC,Loja Física,4,"R$ 1.920,49","5,4%","R$ 10.870,48",nao,4.0
PED-103699,27/07/2025,"Monitor 27""",Periféricos,SP,Loja Física,1,"R$ 1.419,82","17,2%","R$ 1.513,31",sim,2.0
PED-103700,29/01/2024,Mesa Ajustável,Mobiliário,SP,E-commerce,2,"R$ 2.089,52","1,1%","R$ 4.134,13",sim,1.0
PED-103701,03/09/2024,"Monitor 27""",Periféricos,RS,Loja Física,1,"R$ 1.399,09","16,2%","R$ 1.070,27",nao,
PED-103702,19/06/2024,Webcam HD,Áudio,SC,Marketplace,4,"R$ 256,16","0,7%","R$ 1.219,97",nao,4.0
PED-103703,24/04/2025,Mouse Sem Fio,Periféricos,SC,Loja Física,4,"R$ 195,11","5,7%","R$ 1.113,82",sim,5.0
PED-103704,13/05/2025,"Monitor 27""",Periféricos,MG,Televendas,1,"R$ 1.531,03","8,4%","R$ 2.097,63",sim,5.0
PED-103705,13/02/2025,Mouse Sem Fio,Periféricos,RJ,Televendas,6,"R$ 174,22","0,0%","R$ 1.401,64",sim,3.0
PED-103706,21/04/2025,Mouse Sem Fio,Periféricos,BA,E-commerce,1,"R$ 172,20","14,3%","R$ 223,38",sim,5.0
PED-103707,31/07/2024,Mouse Sem Fio,Periféricos,SP,E-commerce,1,"R$ 188,65","8,7%","R$ 188,85",sim,3.0
PED-103708,07/02/2024,"Monitor 27""",Periféricos,MG,Loja Física,1,"R$ 1.494,09","9,3%","R$ 1.527,87",nao,3.0
PED-103709,06/12/2024,Headset,Áudio,CE,Televendas,2,"R$ 316,67","0,0%","R$ 662,88",sim,1.0
PED-103710,14/01/2024,Cadeira Ergo,Mobiliário,BA,Loja Física,2,"R$ 1.944,63","14,8%","R$ 3.313,45",sim,2.0
PED-103711,22/01/2025,Notebook Pro,Computadores,RS,Televendas,1,"R$ 6.837,91","0,0%","R$ 8.150,78",nao,1.0
PED-103712,22/01/2025,"Monitor 27""",Periféricos,RJ,Televendas,4,"R$ 1.469,87","20,7%","R$ 5.558,95",sim,2.0
PED-103713,09/12/2024,Cadeira Ergo,Mobiliário,PE,E-commerce,3,"R$ 1.882,87","3,3%","R$ 5.717,48",sim,1.0
PED-103714,25/06/2025,Headset,Áudio,RJ,Televendas,2,"R$ 328,80","25,6%","R$ 691,18",nao,1.0
PED-103715,11/03/2024,Teclado Mecânico,Periféricos,MG,,3,"R$ 420,61","16,0%","R$ 1.302,12",sim,2.0
PED-103716,16/09/2024,Mesa Ajustável,Mobiliário,RJ,Televendas,1,"R$ 2.273,89","8,7%","R$ 1.895,02",sim,5.0
PED-103717,26/09/2025,Headset,Áudio,SP,Televendas,1,"R$ 373,50","2,3%","R$ 389,82",sim,3.0
PED-103718,12/06/2024,Mouse Sem Fio,Periféricos,SP,Marketplace,4,"R$ 186,24","4,0%","R$ 857,07",sim,5.0
PED-103719,10/09/2025,Mouse Sem Fio,Periféricos,SP,Marketplace,2,"R$ 172,27","10,4%","R$ 329,75",nao,2.0
PED-103720,02/01/2024,Headset,Áudio,RS,Televendas,2,"R$ 364,86","12,0%","R$ 641,88",sim,1.0
PED-103721,24/01/2024,Mesa Ajustável,Mobiliário,SP,Loja Física,3,"R$ 2.495,96","9,1%","R$ 6.804,77",sim,1.0
PED-103722,16/05/2024,Webcam HD,Áudio,SP,Marketplace,1,"R$ 288,80","5,2%","R$ 346,63",sim,5.0
PED-103723,27/08/2025,Mesa Ajustável,Mobiliário,SP,E-commerce,1,"R$ 2.384,73","9,9%","R$ 2.493,25",nao,1.0
PED-103724,15/02/2025,Mesa Ajustável,Mobiliário,MG,Loja Física,1,"R$ 2.233,44","11,6%","R$ 2.648,36",nao,4.0
PED-103725,06/12/2024,Headset,Áudio,GO,Televendas,2,"R$ 304,58","8,7%","R$ 582,33",sim,1.0
PED-103726,19/03/2024,"Monitor 27""",Periféricos,RS,Televendas,2,"R$ 1.399,93","17,7%","R$ 2.830,39",sim,5.0
PED-103727,21/03/2024,Webcam HD,Áudio,MG,Marketplace,2,"R$ 261,61","11,7%","R$ 567,90",sim,2.0
PED-103728,02/07/2025,Mesa Ajustável,Mobiliário,CE,E-commerce,3,"R$ 2.573,07","12,9%","R$ 8.659,22",nao,5.0
PED-103729,09/06/2025,Cadeira Ergo,Mobiliário,RJ,Marketplace,2,"R$ 1.785,20","7,2%","R$ 4.679,35",sim,2.0
PED-103730,08/02/2024,Teclado Mecânico,Periféricos,GO,Televendas,2,"R$ 444,01","5,6%","R$ 945,35",nao,1.0
PED-103731,04/10/2024,Mesa Ajustável,Mobiliário,RJ,Loja Física,4,"R$ 2.685,03","1,7%","R$ 9.418,14",sim,5.0
PED-103732,15/12/2024,Mesa Ajustável,Mobiliário,SP,E-commerce,4,"R$ 2.368,71","13,6%","R$ 8.564,08",sim,2.0
PED-103733,01/04/2025,Notebook Pro,Computadores,SP,Marketplace,2,"R$ 6.769,22","0,2%","R$ 20.449,88",sim,1.0
PED-103734,06/01/2024,Webcam HD,Áudio,BA,Televendas,1,"R$ 315,07","0,0%","R$ 315,07",sim,4.0
PED-103735,13/06/2025,Cadeira Ergo,Mobiliário,SP,Televendas,1,"R$ 1.897,81","2,3%","R$ 2.619,23",sim,1.0
PED-103736,02/12/2024,Teclado Mecânico,Periféricos,BA,Marketplace,1,"R$ 422,35","7,4%","R$ 409,53",sim,5.0
PED-103737,10/12/2024,Mesa Ajustável,Mobiliário,RJ,Marketplace,1,"R$ 2.339,80","13,9%","R$ 2.107,51",nao,5.0
PED-103738,18/08/2024,Notebook Pro,Computadores,SP,Televendas,1,"R$ 6.463,68","5,3%","R$ 3.514,56",sim,5.0
PED-103739,01/02/2024,Mesa Ajustável,Mobiliário,CE,Loja Física,6,"R$ 2.240,43","6,8%","R$ 14.123,17",nao,4.0
PED-103740,18/08/2025,Notebook Pro,Computadores,MG,E-commerce,3,"R$ 6.881,99","7,8%","R$ 22.081,33",nao,2.0
PED-103741,10/06/2025,Teclado Mecânico,Periféricos,SP,E-commerce,3,"R$ 376,58","7,5%","R$ 1.476,09",nao,4.0
PED-103742,14/06/2025,Mesa Ajustável,Mobiliário,PE,Televendas,2,"R$ 2.264,73","6,5%","R$ 5.978,93",sim,3.0
PED-103743,20/03/2025,Mouse Sem Fio,Periféricos,RJ,Televendas,3,"R$ 186,60","9,8%","R$ 735,94",sim,3.0
PED-103744,07/11/2024,Webcam HD,Áudio,SP,Televendas,2,"R$ 286,22","2,7%","R$ 522,90",sim,4.0
PED-103745,05/08/2025,Mouse Sem Fio,Periféricos,RS,Televendas,2,"R$ 183,62","8,8%","R$ 388,78",nao,
PED-103746,10/03/2024,Notebook Pro,Computadores,PR,Marketplace,2,"R$ 6.941,57","17,3%","R$ 14.102,61",nao,1.0
PED-103747,21/06/2024,Webcam HD,Áudio,MG,Televendas,4,"R$ 299,15","10,7%","R$ 1.281,37",nao,3.0
PED-103748,13/10/2024,Mouse Sem Fio,Periféricos,RS,Televendas,1,"R$ 173,47","11,5%","R$ 136,96",sim,3.0
PED-103749,17/05/2025,"Monitor 27""",Periféricos,SC,Loja Física,1,"R$ 1.379,99","11,3%","R$ 1.831,01",sim,4.0
PED-103750,02/08/2024,Headset,Áudio,RS,Marketplace,4,"R$ 365,89","9,6%","R$ 759,67",sim,3.0
PED-103751,12/07/2025,Notebook Pro,Computadores,GO,E-commerce,3,"R$ 6.758,31","11,9%","R$ 23.004,78",sim,2.0
PED-103752,21/07/2024,Mouse Sem Fio,Periféricos,PE,Marketplace,5,"R$ 194,53","0,0%","R$ 1.066,00",sim,4.0
PED-103753,15/08/2024,Teclado Mecânico,Periféricos,CE,Loja Física,4,"R$ 475,37","12,4%","R$ 955,79",sim,5.0
PED-103754,24/07/2024,"Monitor 27""",Periféricos,SP,Loja Física,3,"R$ 1.382,72","12,1%","R$ 3.994,62",sim,4.0
PED-103755,19/09/2024,Webcam HD,Áudio,BA,Televendas,2,"R$ 288,98","17,6%","R$ 434,78",sim,3.0
PED-103756,05/06/2025,Headset,Áudio,RJ,Marketplace,1,"R$ 331,50","15,4%","R$ 396,16",nao,4.0
PED-103757,01/08/2024,Teclado Mecânico,Periféricos,RS,Loja Física,1,"R$ 409,52","10,1%","R$ 211,22",sim,5.0
PED-103758,08/11/2024,Mouse Sem Fio,Periféricos,SP,Marketplace,1,"R$ 178,03","17,6%","R$ 137,70",sim,5.0
PED-103759,04/01/2024,Mouse Sem Fio,Periféricos,RS,Loja Física,1,"R$ 178,63","11,3%","R$ 158,38",sim,3.0
PED-103760,20/12/2024,Teclado Mecânico,Periféricos,SP,Televendas,1,"R$ 427,58","13,0%","R$ 389,28",sim,2.0
PED-103761,28/05/2024,Mouse Sem Fio,Periféricos,PR,Loja Física,1,"R$ 188,29","2,6%","R$ 232,19",nao,5.0
PED-103762,10/11/2024,Cadeira Ergo,Mobiliário,SP,E-commerce,2,"R$ 1.666,05","13,2%","R$ 2.717,32",nao,3.0
PED-103763,31/07/2024,Mouse Sem Fio,Periféricos,RJ,Marketplace,2,"R$ 185,84","6,2%","R$ 381,98",sim,1.0
PED-103764,31/08/2024,"Monitor 27""",Periféricos,SP,Loja Física,1,"R$ 1.372,64","11,9%","R$ 693,95",nao,3.0
PED-103765,10/03/2024,Webcam HD,Áudio,GO,Televendas,1,"R$ 300,03","4,5%","R$ 352,05",sim,4.0
PED-103766,21/10/2024,Mouse Sem Fio,Periféricos,RS,Loja Física,4,"R$ 172,44","2,2%","R$ 602,16",sim,1.0
PED-103767,04/05/2025,Mesa Ajustável,Mobiliário,MG,Loja Física,1,"R$ 2.089,67","19,0%","R$ 2.530,89",sim,3.0
PED-103768,25/01/2025,Mouse Sem Fio,Periféricos,PR,E-commerce,3,"R$ 154,98","3,6%","R$ 534,07",nao,2.0
PED-103769,30/09/2024,Notebook Pro,Computadores,SP,Televendas,4,"R$ 6.657,40","1,0%","R$ 24.061,25",nao,2.0
PED-103770,25/06/2025,Mouse Sem Fio,Periféricos,MG,Televendas,3,"R$ 176,82","7,7%","R$ 691,34",nao,2.0
PED-103771,29/12/2024,Cadeira Ergo,Mobiliário,MG,Marketplace,1,"R$ 1.890,32","7,2%","R$ 1.836,46",sim,3.0
PED-103772,27/01/2025,Mesa Ajustável,Mobiliário,SC,Televendas,1,"R$ 2.415,41","7,3%","R$ 2.670,00",sim,3.0
PED-103773,01/07/2024,Teclado Mecânico,Periféricos,SC,E-commerce,3,"R$ 431,97","0,1%","R$ 1.418,77",sim,1.0
PED-103774,14/03/2025,Webcam HD,Áudio,MG,Marketplace,1,"R$ 284,35","18,4%","R$ 338,31",sim,5.0
PED-103775,18/08/2024,Cadeira Ergo,Mobiliário,SP,Marketplace,1,"R$ 1.877,22","9,9%","R$ 971,23",sim,1.0
PED-103776,04/05/2024,Mouse Sem Fio,Periféricos,MG,,5,"R$ 190,67","14,7%","R$ 1.030,27",sim,4.0
PED-103777,27/04/2025,Cadeira Ergo,Mobiliário,RS,Marketplace,1,"R$ 2.023,49","12,7%","R$ 2.670,95",sim,2.0
PED-103778,04/01/2025,Mouse Sem Fio,Periféricos,MG,Loja Física,2,"R$ 189,17","4,1%","R$ 432,39",sim,5.0
PED-103779,27/10/2024,Mouse Sem Fio,Periféricos,SP,Loja Física,3,"R$ 181,08","23,1%","R$ 372,80",sim,2.0
PED-103780,01/04/2025,Webcam HD,Áudio,SP,Loja Física,2,"R$ 292,51","0,0%","R$ 885,03",nao,2.0
PED-103781,16/01/2025,Notebook Pro,Computadores,MG,Loja Física,2,"R$ 6.354,46","5,3%","R$ 14.344,61",nao,4.0
PED-103782,30/04/2025,Mesa Ajustável,Mobiliário,CE,Televendas,1,"R$ 2.281,15","2,0%","R$ 3.382,58",sim,2.0
PED-103783,27/09/2024,Teclado Mecânico,Periféricos,CE,Loja Física,2,"R$ 358,00","12,6%","R$ 571,22",sim,4.0
PED-103784,01/10/2025,Teclado Mecânico,Periféricos,RS,Televendas,3,"R$ 414,19","0,0%","R$ 1.294,85",sim,3.0
PED-103785,22/12/2024,Notebook Pro,Computadores,RJ,Loja Física,5,"R$ 7.072,29","11,4%","R$ 32.781,53",nao,1.0
PED-103786,27/10/2024,Teclado Mecânico,Periféricos,SP,Marketplace,3,"R$ 423,39","2,9%","R$ 1.100,64",nao,4.0
PED-103787,28/07/2025,Mesa Ajustável,Mobiliário,SP,Marketplace,1,"R$ 2.417,11","0,0%","R$ 3.113,24",sim,3.0
PED-103788,01/10/2025,Notebook Pro,Computadores,SP,Marketplace,3,"R$ 5.929,73","5,9%","R$ 17.446,48",sim,1.0
PED-103789,20/06/2024,Cadeira Ergo,Mobiliário,SP,Loja Física,1,"R$ 1.966,69","9,6%","R$ 2.130,40",sim,4.0
PED-103790,28/05/2024,Cadeira Ergo,Mobiliário,SP,Televendas,1,"R$ 1.800,52","0,0%","R$ 2.280,75",nao,3.0
PED-103791,28/11/2024,Teclado Mecânico,Periféricos,SP,E-commerce,3,"R$ 428,21","7,0%","R$ 1.121,72",sim,3.0
PED-103792,15/02/2024,Webcam HD,Áudio,SP,Loja Física,3,"R$ 282,97","10,2%","R$ 859,47",sim,2.0
PED-103793,15/03/2025,Teclado Mecânico,Periféricos,CE,Televendas,2,"R$ 416,54","12,7%","R$ 1.059,64",sim,5.0
PED-103794,09/03/2025,Notebook Pro,Computadores,SP,Loja Física,2,"R$ 6.789,88","11,9%","R$ 17.431,02",nao,2.0
PED-103795,25/02/2024,Cadeira Ergo,Mobiliário,CE,Televendas,5,"R$ 1.903,61","7,4%","R$ 9.936,23",nao,5.0
PED-103796,21/06/2024,Cadeira Ergo,Mobiliário,CE,Marketplace,2,"R$ 1.948,66","9,6%","R$ 4.224,43",sim,1.0
PED-103797,07/09/2025,Teclado Mecânico,Periféricos,SP,Marketplace,5,"R$ 446,91","8,3%","R$ 2.188,52",nao,4.0
PED-103798,25/04/2024,Mouse Sem Fio,Periféricos,PE,Marketplace,1,"R$ 175,30","15,3%","R$ 189,73",sim,2.0
PED-103799,15/11/2024,Notebook Pro,Computadores,MG,Loja Física,3,"R$ 6.152,83","4,6%","R$ 16.527,91",sim,4.0
PED-103800,11/03/2025,Teclado Mecânico,Periféricos,CE,Marketplace,2,"R$ 386,93","7,1%","R$ 1.047,57",sim,2.0
PED-103801,06/06/2024,Mouse Sem Fio,Periféricos,RJ,E-commerce,1,"R$ 184,32","11,8%","R$ 194,97",nao,4.0
PED-103802,04/08/2024,"Monitor 27""",Periféricos,PE,Loja Física,2,"R$ 1.533,88","17,3%","R$ 1.455,47",sim,5.0
PED-103803,01/05/2025,Headset,Áudio,RJ,Marketplace,3,"R$ 327,20","15,9%","R$ 1.234,36",sim,2.0
PED-103804,28/09/2024,Notebook Pro,Computadores,GO,Televendas,3,"R$ 7.233,17","9,9%","R$ 17.855,12",sim,3.0
PED-103805,05/06/2025,Cadeira Ergo,Mobiliário,SP,Loja Física,1,"R$ 2.082,75","0,0%","R$ 2.940,68",sim,
PED-103806,08/02/2024,Headset,Áudio,SP,E-commerce,1,"R$ 350,39","5,6%","R$ 372,93",sim,4.0
PED-103807,07/02/2025,Cadeira Ergo,Mobiliário,SP,Marketplace,1,"R$ 1.979,12","23,8%","R$ 2.022,19",sim,1.0
PED-103808,06/08/2024,Mouse Sem Fio,Periféricos,SP,Televendas,1,"R$ 189,96","4,5%","R$ 104,17",sim,5.0
PED-103809,09/08/2025,Webcam HD,Áudio,RJ,Loja Física,2,"R$ 281,54","13,0%","R$ 568,25",sim,2.0
PED-103810,08/10/2024,Notebook Pro,Computadores,RJ,Marketplace,2,"R$ 7.284,81","8,9%","R$ 11.838,02",nao,
PED-103811,26/02/2024,"Monitor 27""",Periféricos,CE,E-commerce,1,"R$ 1.587,08","6,9%","R$ 1.665,98",sim,2.0
PED-103812,19/06/2025,Cadeira Ergo,Mobiliário,SP,Televendas,2,"R$ 2.033,51","2,3%","R$ 5.607,68",sim,3.0
PED-103813,03/12/2024,Mesa Ajustável,Mobiliário,SP,Marketplace,2,"R$ 2.179,50","1,9%","R$ 4.477,11",sim,4.0
PED-103814,08/02/2024,Cadeira Ergo,Mobiliário,SP,E-commerce,2,"R$ 1.901,94","7,5%","R$ 3.969,18",sim,4.0
PED-103815,20/04/2025,Cadeira Ergo,Mobiliário,SP,Marketplace,5,"R$ 2.000,71","10,8%","R$ 13.501,14",nao,2.0
PED-103816,08/01/2025,Headset,Áudio,RS,Televendas,1,"R$ 296,63","5,4%","R$ 334,44",sim,1.0
PED-103817,09/08/2025,Mesa Ajustável,Mobiliário,SP,E-commerce,4,"R$ 2.364,74","13,2%","R$ 9.532,52",nao,2.0
PED-103818,25/03/2025,Cadeira Ergo,Mobiliário,RS,Marketplace,3,"R$ 1.831,47","7,2%","R$ 7.429,69",sim,3.0
PED-103819,14/02/2025,Notebook Pro,Computadores,SP,Televendas,1,"R$ 6.727,23","7,0%","R$ 8.392,45",nao,1.0
PED-103820,21/05/2024,Cadeira Ergo,Mobiliário,GO,Loja Física,2,"R$ 1.734,31","8,5%","R$ 4.018,14",nao,4.0
PED-103821,20/01/2025,Notebook Pro,Computadores,MG,Televendas,1,"R$ 6.894,00","11,4%","R$ 7.284,68",nao,4.0
PED-103822,18/04/2024,Mouse Sem Fio,Periféricos,PR,Loja Física,1,"R$ 191,24","9,3%","R$ 221,73",nao,2.0
PED-103823,05/09/2024,Webcam HD,Áudio,SP,Loja Física,2,"R$ 266,41","12,1%","R$ 427,48",sim,4.0
PED-103824,03/10/2024,Mouse Sem Fio,Periféricos,RJ,Televendas,3,"R$ 176,48","12,8%","R$ 411,89",sim,1.0
PED-103825,31/12/2024,Cadeira Ergo,Mobiliário,PE,Loja Física,5,"R$ 1.887,23","6,9%","R$ 9.197,01",sim,2.0
PED-103826,14/05/2024,Cadeira Ergo,Mobiliário,SP,Loja Física,4,"R$ 1.847,52","8,6%","R$ 8.560,45",sim,1.0
PED-103827,21/12/2024,Notebook Pro,Computadores,SP,Marketplace,2,"R$ 7.402,75","16,9%","R$ 12.872,05",nao,1.0
PED-103828,26/07/2024,Webcam HD,Áudio,RS,Televendas,1,"R$ 282,01","4,2%","R$ 296,08",nao,4.0
PED-103829,02/08/2025,Cadeira Ergo,Mobiliário,RJ,Marketplace,1,"R$ 1.736,06","7,6%","R$ 1.861,15",sim,2.0
PED-103830,26/09/2025,Webcam HD,Áudio,PR,Marketplace,2,"R$ 278,49","11,4%","R$ 527,38",sim,5.0
PED-103831,13/06/2025,Headset,Áudio,MG,Televendas,3,"R$ 341,85","8,6%","R$ 1.323,99",sim,2.0
PED-103832,30/05/2024,Notebook Pro,Computadores,SP,Loja Física,3,"R$ 6.762,78","1,0%","R$ 25.451,89",sim,3.0
PED-103833,16/04/2025,Notebook Pro,Computadores,SC,Marketplace,1,"R$ 7.218,05","10,5%","R$ 9.776,68",nao,
PED-103834,20/09/2025,"Monitor 27""",Periféricos,MG,E-commerce,3,"R$ 1.332,86","2,4%","R$ 4.170,17",nao,2.0
PED-103835,14/08/2025,Webcam HD,Áudio,RS,E-commerce,4,"R$ 292,69","11,2%","R$ 1.205,93",nao,1.0
PED-103836,12/07/2025,Notebook Pro,Computadores,RS,E-commerce,2,"R$ 6.944,74","13,1%","R$ 15.546,71",sim,3.0
PED-103837,12/02/2024,Webcam HD,Áudio,SP,Marketplace,1,"R$ 289,17","17,5%","R$ 268,96",nao,4.0
PED-103838,06/04/2024,"Monitor 27""",Periféricos,RJ,Loja Física,3,"R$ 1.432,97","6,8%","R$ 5.122,66",nao,1.0
PED-103839,07/05/2025,Cadeira Ergo,Mobiliário,RJ,Televendas,5,"R$ 2.014,96","6,8%","R$ 14.033,79",sim,5.0
PED-103840,15/07/2024,Headset,Áudio,SP,Televendas,4,"R$ 324,43","10,3%","R$ 1.275,48",sim,5.0
PED-103841,23/10/2024,Notebook Pro,Computadores,PR,E-commerce,3,"R$ 6.593,75","9,2%","R$ 16.025,03",nao,3.0
PED-103842,05/11/2024,Mesa Ajustável,Mobiliário,BA,Marketplace,2,"R$ 2.499,17","11,0%","R$ 4.174,87",sim,4.0
PED-103843,26/04/2025,Mouse Sem Fio,Periféricos,RJ,E-commerce,1,"R$ 178,00","12,9%","R$ 234,49",sim,3.0
PED-103844,19/04/2025,Teclado Mecânico,Periféricos,PR,Loja Física,2,"R$ 424,73","9,8%","R$ 1.158,93",sim,5.0
PED-103845,08/07/2024,Mesa Ajustável,Mobiliário,RJ,Marketplace,3,"R$ 2.209,42","10,0%","R$ 6.537,16",sim,4.0
PED-103846,21/05/2025,Webcam HD,Áudio,RJ,Televendas,4,"R$ 268,80","12,9%","R$ 1.401,03",sim,3.0
PED-103847,26/10/2024,Teclado Mecânico,Periféricos,CE,Marketplace,1,"R$ 378,78","4,4%","R$ 323,03",sim,2.0
PED-103848,08/01/2025,Headset,Áudio,CE,Marketplace,2,"R$ 348,82","0,0%","R$ 831,59",sim,1.0
PED-103849,11/06/2025,"Monitor 27""",Periféricos,MG,Televendas,1,"R$ 1.217,70","2,1%","R$ 1.684,03",sim,3.0
PED-103850,01/07/2024,Webcam HD,Áudio,MG,E-commerce,3,"R$ 292,38","4,4%","R$ 919,18",nao,1.0
PED-103851,23/01/2024,"Monitor 27""",Periféricos,PR,Televendas,2,"R$ 1.566,82","11,6%","R$ 2.768,73",sim,3.0
PED-103852,23/02/2025,Notebook Pro,Computadores,BA,Marketplace,1,"R$ 7.985,88","11,2%","R$ 9.508,44",nao,3.0
PED-103853,05/07/2024,Mesa Ajustável,Mobiliário,MG,Marketplace,2,"R$ 2.362,51","7,8%","R$ 4.772,97",nao,5.0
PED-103854,15/06/2024,Headset,Áudio,SP,Marketplace,2,"R$ 301,80","5,2%","R$ 685,68",sim,4.0
PED-103855,08/11/2024,"Monitor 27""",Periféricos,PE,Marketplace,1,"R$ 1.578,54","2,1%","R$ 1.451,09",sim,5.0
PED-103856,15/07/2025,"Monitor 27""",Periféricos,GO,Marketplace,3,"R$ 1.519,89","3,9%","R$ 5.643,23",nao,1.0
PED-103857,28/06/2025,Mouse Sem Fio,Periféricos,SP,Televendas,2,"R$ 184,33","9,8%","R$ 469,41",sim,1.0
PED-103858,12/04/2025,Mouse Sem Fio,Periféricos,RJ,Marketplace,2,"R$ 186,69","10,3%","R$ 506,74",nao,1.0
PED-103859,21/06/2024,Notebook Pro,Computadores,SP,E-commerce,3,"R$ 6.755,36","11,5%","R$ 21.504,11",nao,2.0
PED-103860,27/08/2025,Notebook Pro,Computadores,SC,Loja Física,1,"R$ 7.113,05","13,0%","R$ 7.180,56",nao,1.0
PED-103861,10/06/2025,Cadeira Ergo,Mobiliário,MG,E-commerce,6,"R$ 1.887,60","12,3%","R$ 14.025,95",sim,4.0
PED-103862,24/01/2024,Mesa Ajustável,Mobiliário,MG,Marketplace,3,"R$ 2.591,27","4,4%","R$ 7.428,29",nao,5.0
PED-103863,05/06/2024,Notebook Pro,Computadores,SC,Televendas,4,"R$ 7.309,97","8,6%","R$ 32.052,43",sim,
PED-103864,18/03/2024,Mesa Ajustável,Mobiliário,PR,Televendas,3,"R$ 2.513,08","16,5%","R$ 7.732,70",sim,5.0
PED-103865,13/07/2024,Notebook Pro,Computadores,SC,Televendas,1,"R$ 6.441,81","10,9%","R$ 6.288,79",sim,2.0
PED-103866,09/03/2025,"Monitor 27""",Periféricos,SP,Loja Física,5,"R$ 1.614,03","2,8%","R$ 11.435,94",sim,4.0
PED-103867,20/12/2024,"Monitor 27""",Periféricos,CE,Loja Física,4,"R$ 1.342,97","0,0%","R$ 5.622,41",nao,2.0
PED-103868,03/04/2024,Mouse Sem Fio,Periféricos,SP,Marketplace,4,"R$ 180,34","5,3%","R$ 873,21",sim,3.0
PED-103869,22/02/2025,Mouse Sem Fio,Periféricos,PR,Marketplace,3,"R$ 166,72","0,0%","R$ 670,67",sim,3.0
PED-103870,15/01/2025,Notebook Pro,Computadores,MG,Televendas,4,"R$ 6.720,41","3,3%","R$ 30.990,00",nao,5.0
PED-103871,17/07/2025,"Monitor 27""",Periféricos,MG,Loja Física,1,"R$ 1.529,60","7,1%","R$ 1.829,80",nao,3.0
PED-103872,18/07/2024,Headset,Áudio,MG,Marketplace,3,"R$ 326,80","7,9%","R$ 989,69",nao,3.0
PED-103873,16/07/2025,Cadeira Ergo,Mobiliário,RJ,Loja Física,1,"R$ 2.121,51","1,7%","R$ 2.684,77",nao,2.0
PED-103874,24/02/2025,Cadeira Ergo,Mobiliário,SP,Marketplace,1,"R$ 1.782,64","10,7%","R$ 2.135,14",nao,2.0
PED-103875,09/06/2024,Webcam HD,Áudio,MG,Marketplace,3,"R$ 297,57","17,5%","R$ 882,61",nao,1.0
PED-103876,25/07/2024,Cadeira Ergo,Mobiliário,BA,Loja Física,1,"R$ 1.919,58","12,0%","R$ 1.852,27",sim,2.0
PED-103877,22/04/2025,"Monitor 27""",Periféricos,RJ,Televendas,4,"R$ 1.440,29","10,1%","R$ 7.838,60",sim,
PED-103878,18/03/2025,Webcam HD,Áudio,SP,Loja Física,2,"R$ 294,61","4,9%","R$ 816,41",nao,2.0
PED-103879,10/02/2025,"Monitor 27""",Periféricos,SP,E-commerce,3,"R$ 1.533,68","5,0%","R$ 5.860,94",nao,2.0
PED-103880,15/09/2024,Notebook Pro,Computadores,RS,Loja Física,8,"R$ 7.161,00","9,2%","R$ 47.504,02",sim,1.0
PED-103881,04/09/2024,Headset,Áudio,RS,Marketplace,2,"R$ 341,73","7,1%","R$ 579,45",sim,4.0
PED-103882,23/12/2024,"Monitor 27""",Periféricos,SP,Marketplace,3,"R$ 1.342,22","1,4%","R$ 4.157,01",nao,3.0
PED-103883,11/05/2025,Cadeira Ergo,Mobiliário,RJ,Televendas,3,"R$ 1.939,79","6,7%","R$ 8.116,97",nao,4.0
PED-103884,11/06/2024,Cadeira Ergo,Mobiliário,BA,E-commerce,1,"R$ 1.744,72","11,6%","R$ 1.849,14",nao,5.0
PED-103885,28/07/2025,Mesa Ajustável,Mobiliário,RS,Marketplace,2,"R$ 2.389,29","14,4%","R$ 5.271,60",sim,4.0
PED-103886,07/05/2024,Teclado Mecânico,Periféricos,SP,Loja Física,4,"R$ 428,59","6,7%","R$ 2.025,12",sim,4.0
PED-103887,02/11/2024,"Monitor 27""",Periféricos,RJ,E-commerce,3,"R$ 1.548,95","7,7%","R$ 4.028,28",sim,5.0
PED-103888,17/07/2024,Notebook Pro,Computadores,SP,E-commerce,1,"R$ 7.133,60","0,0%","R$ 7.818,43",nao,5.0
PED-103889,09/08/2025,Cadeira Ergo,Mobiliário,RJ,E-commerce,5,"R$ 1.960,89","9,2%","R$ 10.334,56",nao,2.0
PED-103890,22/04/2024,"Monitor 27""",Periféricos,SP,Loja Física,1,"R$ 1.416,47","21,6%","R$ 1.419,64",nao,5.0
PED-103891,22/03/2024,Mesa Ajustável,Mobiliário,RJ,Marketplace,1,"R$ 2.629,36","9,3%","R$ 2.931,66",nao,3.0
PED-103892,13/03/2025,Notebook Pro,Computadores,SP,Televendas,1,"R$ 6.870,97","8,5%","R$ 9.161,09",sim,2.0
PED-103893,16/04/2024,"Monitor 27""",Periféricos,PE,Marketplace,1,"R$ 1.407,83","5,6%","R$ 1.699,19",sim,5.0
PED-103894,24/09/2025,Cadeira Ergo,Mobiliário,PR,Marketplace,3,"R$ 1.869,92","6,6%","R$ 5.600,83",sim,2.0
PED-103895,04/05/2025,Webcam HD,Áudio,RJ,E-commerce,1,"R$ 306,06","10,1%","R$ 411,27",nao,4.0
PED-103896,18/07/2025,Mesa Ajustável,Mobiliário,SP,E-commerce,2,"R$ 2.479,13","7,8%","R$ 5.891,08",sim,3.0
PED-103897,14/07/2024,Cadeira Ergo,Mobiliário,SP,E-commerce,2,"R$ 1.955,20","7,4%","R$ 3.969,90",sim,3.0
PED-103898,22/04/2025,Headset,Áudio,SP,Televendas,2,"R$ 304,78","11,3%","R$ 818,10",sim,1.0
PED-103899,09/01/2025,Mouse Sem Fio,Periféricos,RS,Televendas,4,"R$ 164,37","2,6%","R$ 763,69",sim,1.0
PED-103900,28/09/2024,"Monitor 27""",Periféricos,SP,Loja Física,1,"R$ 1.622,31","6,1%","R$ 1.391,66",sim,1.0
PED-103901,14/11/2024,Webcam HD,Áudio,GO,E-commerce,3,"R$ 282,20","3,6%","R$ 766,07",nao,1.0
PED-103902,11/01/2024,Headset,Áudio,SC,Loja Física,4,"R$ 316,86","2,5%","R$ 1.235,44",sim,5.0
PED-103903,03/04/2024,"Monitor 27""",Periféricos,BA,Loja Física,2,"R$ 1.358,39","0,0%","R$ 3.473,57",sim,4.0
PED-103904,20/03/2024,Webcam HD,Áudio,PR,Televendas,1,"R$ 272,63","13,8%","R$ 288,80",sim,1.0
PED-103905,27/04/2025,"Monitor 27""",Periféricos,SP,Loja Física,1,"R$ 1.562,35","14,5%","R$ 2.021,14",sim,2.0
PED-103906,21/06/2024,Mouse Sem Fio,Periféricos,SC,E-commerce,3,"R$ 178,78","3,9%","R$ 617,94",nao,3.0
PED-103907,19/04/2025,Notebook Pro,Computadores,SP,Marketplace,2,"R$ 6.725,33","1,0%","R$ 20.140,50",sim,5.0
PED-103908,31/03/2025,Notebook Pro,Computadores,BA,Televendas,4,"R$ 6.227,43","12,0%","R$ 31.948,27",nao,4.0
PED-103909,02/04/2024,Webcam HD,Áudio,MG,Televendas,3,"R$ 293,97","3,4%","R$ 1.088,99",sim,4.0
PED-103910,27/07/2024,Mouse Sem Fio,Periféricos,SP,Marketplace,1,"R$ 168,94","13,3%","R$ 160,55",sim,4.0
PED-103911,15/06/2024,Headset,Áudio,RS,Televendas,3,"R$ 361,10","17,5%","R$ 1.070,76",nao,5.0
PED-103912,14/03/2024,"Monitor 27""",Periféricos,BA,Televendas,2,"R$ 1.605,28","11,8%","R$ 3.479,43",nao,5.0
PED-103913,27/05/2025,Webcam HD,Áudio,RJ,Televendas,3,"R$ 313,80","3,7%","R$ 1.356,14",sim,3.0
PED-103914,26/08/2024,Mouse Sem Fio,Periféricos,CE,Marketplace,8,"R$ 180,27","0,6%","R$ 823,15",sim,3.0
PED-103915,06/08/2025,Mesa Ajustável,Mobiliário,RS,Loja Física,2,"R$ 2.254,65","21,3%","R$ 4.116,82",nao,1.0
PED-103916,24/06/2025,Headset,Áudio,MG,Marketplace,1,"R$ 330,29","9,8%","R$ 420,85",sim,2.0
PED-103917,10/07/2025,Cadeira Ergo,Mobiliário,SP,Televendas,1,"R$ 1.927,05","6,0%","R$ 2.333,39",sim,2.0
PED-103918,18/04/2025,Cadeira Ergo,Mobiliário,SC,Loja Física,1,"R$ 1.986,03","6,4%","R$ 2.812,84",sim,2.0
PED-103919,17/11/2024,Mesa Ajustável,Mobiliário,RJ,E-commerce,4,"R$ 2.451,18","5,6%","R$ 8.687,76",sim,5.0
PED-103920,29/09/2024,Mouse Sem Fio,Periféricos,SP,Loja Física,2,"R$ 191,83","0,4%","R$ 349,09",sim,3.0
PED-103921,23/08/2024,Notebook Pro,Computadores,PR,Loja Física,2,"R$ 6.996,70","0,0%","R$ 8.032,41",sim,
PED-103922,05/02/2025,Notebook Pro,Computadores,RJ,Televendas,5,"R$ 6.500,47","10,7%","R$ 38.930,62",sim,5.0
PED-103923,11/10/2024,"Monitor 27""",Periféricos,SP,E-commerce,1,"R$ 1.421,22","10,6%","R$ 1.133,48",sim,3.0
PED-103924,03/07/2025,Notebook Pro,Computadores,PE,Marketplace,1,"R$ 7.216,06","11,9%","R$ 8.188,04",nao,3.0
PED-103925,22/04/2024,Mesa Ajustável,Mobiliário,SP,Marketplace,2,"R$ 2.587,44","17,2%","R$ 5.477,53",sim,3.0
PED-103926,21/08/2024,Teclado Mecânico,Periféricos,PE,Televendas,2,"R$ 436,70","0,8%","R$ 497,15",sim,4.0
PED-103927,13/11/2024,"Monitor 27""",Periféricos,MG,Marketplace,2,"R$ 1.486,82","8,1%","R$ 2.567,42",sim,2.0
PED-103928,29/06/2024,Mouse Sem Fio,Periféricos,SP,Televendas,3,"R$ 169,96","7,2%","R$ 567,13",sim,1.0
PED-103929,27/05/2024,Cadeira Ergo,Mobiliário,RJ,Loja Física,4,"R$ 1.788,71","0,9%","R$ 8.981,14",sim,1.0
PED-103930,25/12/2024,Cadeira Ergo,Mobiliário,SP,Loja Física,1,"R$ 1.819,66","11,7%","R$ 1.680,87",sim,2.0
PED-103931,13/04/2024,"Monitor 27""",Periféricos,SP,Loja Física,4,"R$ 1.205,64","6,4%","R$ 5.769,46",sim,2.0
PED-103932,15/05/2025,Mouse Sem Fio,Periféricos,SP,E-commerce,1,"R$ 175,58","0,0%","R$ 262,54",sim,4.0
PED-103933,31/08/2024,Headset,Áudio,RJ,Televendas,3,"R$ 351,12","6,2%","R$ 567,33",sim,
PED-103934,25/04/2025,Webcam HD,Áudio,SP,E-commerce,5,"R$ 316,29","7,9%","R$ 2.204,29",sim,4.0
PED-103935,10/02/2024,Teclado Mecânico,Periféricos,RJ,Televendas,1,"R$ 424,32","8,9%","R$ 435,87",sim,4.0
PED-103936,19/05/2025,Teclado Mecânico,Periféricos,BA,E-commerce,2,"R$ 413,22","12,8%","R$ 1.077,51",sim,5.0
PED-103937,28/10/2024,Notebook Pro,Computadores,SP,Loja Física,1,"R$ 6.220,02","5,1%","R$ 5.269,78",sim,2.0
PED-103938,28/06/2025,Mouse Sem Fio,Periféricos,SP,Televendas,2,"R$ 193,01","11,9%","R$ 480,16",nao,2.0
PED-103939,21/03/2025,Mouse Sem Fio,Periféricos,SP,Marketplace,1,"R$ 211,50","5,1%","R$ 292,45",sim,4.0
PED-103940,29/05/2025,Teclado Mecânico,Periféricos,SP,Marketplace,1,"R$ 410,40","8,4%","R$ 562,31",nao,5.0
PED-103941,20/02/2025,Headset,Áudio,RJ,Marketplace,1,"R$ 347,07","2,0%","R$ 456,28",sim,2.0
PED-103942,10/03/2024,Teclado Mecânico,Periféricos,RJ,E-commerce,2,"R$ 428,79","6,9%","R$ 980,61",nao,2.0
PED-103943,16/09/2025,"Monitor 27""",Periféricos,CE,Loja Física,4,"R$ 1.560,61","0,0%","R$ 6.670,09",nao,2.0
PED-103944,07/09/2024,"Monitor 27""",Periféricos,RS,Marketplace,1,"R$ 1.520,82","11,0%","R$ 1.236,25",sim,5.0
PED-103945,20/07/2025,Mouse Sem Fio,Periféricos,GO,Marketplace,1,"R$ 180,16","4,3%","R$ 222,17",sim,4.0
PED-103946,21/11/2024,Webcam HD,Áudio,PE,Televendas,2,"R$ 278,92","16,0%","R$ 440,05",nao,5.0
PED-103947,09/02/2025,Mesa Ajustável,Mobiliário,SC,Televendas,2,"R$ 2.554,95","13,7%","R$ 5.912,82",sim,5.0
PED-103948,26/04/2024,Headset,Áudio,RS,Marketplace,1,"R$ 336,63","5,3%","R$ 407,44",nao,2.0
PED-103949,28/07/2025,Webcam HD,Áudio,SC,Loja Física,4,"R$ 295,89","3,7%","R$ 1.468,46",sim,3.0
PED-103950,21/05/2025,Headset,Áudio,SP,Loja Física,1,"R$ 302,76","8,0%","R$ 416,42",sim,4.0
PED-103951,11/10/2024,"Monitor 27""",Periféricos,RJ,Marketplace,3,"R$ 1.463,54","11,6%","R$ 3.464,85",nao,5.0
PED-103952,25/09/2024,Webcam HD,Áudio,RJ,Loja Física,2,"R$ 300,22","9,1%","R$ 498,11",nao,4.0
PED-103953,26/05/2025,Mesa Ajustável,Mobiliário,SC,Televendas,2,"R$ 2.386,14","10,3%","R$ 6.399,29",nao,1.0
PED-103954,15/04/2024,Teclado Mecânico,Periféricos,SP,Marketplace,5,"R$ 446,88","7,2%","R$ 2.651,77",sim,1.0
PED-103955,01/07/2024,Webcam HD,Áudio,RJ,Loja Física,3,"R$ 294,69","7,7%","R$ 894,08",sim,2.0
PED-103956,31/03/2024,Headset,Áudio,SP,Loja Física,4,"R$ 368,75","0,2%","R$ 1.808,62",sim,4.0
PED-103957,03/12/2024,Mouse Sem Fio,Periféricos,BA,Televendas,3,"R$ 192,34","15,0%","R$ 513,23",nao,3.0
PED-103958,26/08/2024,"Monitor 27""",Periféricos,MG,Loja Física,1,"R$ 1.552,20","12,5%","R$ 779,31",nao,5.0
PED-103959,19/09/2025,Mouse Sem Fio,Periféricos,SP,Loja Física,2,"R$ 166,38","7,5%","R$ 329,06",sim,4.0
PED-103960,25/07/2025,"Monitor 27""",Periféricos,PR,E-commerce,4,"R$ 1.533,50","12,5%","R$ 6.916,75",sim,5.0
PED-103961,18/01/2025,Mesa Ajustável,Mobiliário,RJ,E-commerce,2,"R$ 2.447,55","5,9%","R$ 5.488,91",nao,4.0
PED-103962,04/05/2025,Mouse Sem Fio,Periféricos,SP,Televendas,2,"R$ 170,05","10,5%","R$ 455,22",nao,2.0
PED-103963,20/11/2024,Mesa Ajustável,Mobiliário,RS,Marketplace,1,"R$ 2.262,73","5,7%","R$ 2.002,54",nao,5.0
PED-103964,29/09/2024,Teclado Mecânico,Periféricos,SC,Marketplace,3,"R$ 417,57","11,3%","R$ 1.014,70",sim,4.0
PED-103965,18/05/2025,"Monitor 27""",Periféricos,RJ,E-commerce,5,"R$ 1.354,30","9,0%","R$ 9.213,78",nao,3.0
PED-103966,19/08/2024,Cadeira Ergo,Mobiliário,PR,Marketplace,4,"R$ 1.899,84","9,1%","R$ 3.964,98",sim,1.0
PED-103967,18/07/2024,Teclado Mecânico,Periféricos,SP,Televendas,2,"R$ 422,54","11,9%","R$ 815,93",nao,4.0
PED-103968,31/03/2024,Webcam HD,Áudio,GO,Loja Física,1,"R$ 282,78","8,2%","R$ 318,86",sim,4.0
PED-103969,15/06/2025,Mouse Sem Fio,Periféricos,SP,Televendas,2,"R$ 175,75","11,4%","R$ 439,69",nao,4.0
PED-103970,22/05/2025,"Monitor 27""",Periféricos,RJ,E-commerce,3,"R$ 1.401,32","3,0%","R$ 6.097,10",nao,4.0
PED-103971,12/01/2024,Webcam HD,Áudio,PE,Marketplace,2,"R$ 316,63","12,6%","R$ 553,41",sim,2.0
PED-103972,23/06/2025,Cadeira Ergo,Mobiliário,BA,Televendas,3,"R$ 1.942,16","5,6%","R$ 7.768,15",sim,1.0
PED-103973,01/06/2024,Webcam HD,Áudio,PR,Marketplace,2,"R$ 297,04","9,5%","R$ 644,51",sim,2.0
PED-103974,22/07/2025,Teclado Mecânico,Periféricos,SP,E-commerce,3,"R$ 458,35","9,0%","R$ 1.612,03",sim,2.0
PED-103975,23/04/2024,Headset,Áudio,SP,Televendas,1,"R$ 337,74","3,3%","R$ 417,43",nao,
PED-103976,11/04/2024,Mesa Ajustável,Mobiliário,GO,Televendas,2,"R$ 2.386,91","3,8%","R$ 5.874,56",nao,5.0
PED-103977,13/06/2024,Headset,Áudio,RJ,Loja Física,1,"R$ 338,52","7,4%","R$ 375,66",sim,1.0
PED-103978,20/08/2025,"Monitor 27""",Periféricos,SP,Marketplace,1,"R$ 1.427,68","7,4%","R$ 1.534,30",nao,2.0
PED-103979,28/08/2025,Cadeira Ergo,Mobiliário,SP,Televendas,3,"R$ 1.873,36","17,7%","R$ 5.366,95",nao,4.0
PED-103980,26/02/2025,Mouse Sem Fio,Periféricos,SP,E-commerce,3,"R$ 176,52","3,6%","R$ 684,66",nao,5.0
PED-103981,16/01/2024,Headset,Áudio,SP,Televendas,3,"R$ 374,58","17,2%","R$ 930,82",nao,2.0
PED-103982,30/01/2025,Headset,Áudio,SP,E-commerce,4,"R$ 331,56","9,8%","R$ 1.425,36",sim,1.0
PED-103983,10/07/2024,Cadeira Ergo,Mobiliário,RJ,E-commerce,2,"R$ 2.012,83","4,6%","R$ 4.211,36",sim,2.0
PED-103984,12/04/2025,Teclado Mecânico,Periféricos,MG,E-commerce,2,"R$ 422,37","7,1%","R$ 1.186,86",nao,5.0
PED-103985,02/01/2025,Mesa Ajustável,Mobiliário,PR,E-commerce,2,"R$ 2.558,94","14,3%","R$ 5.225,38",sim,2.0
PED-103986,14/07/2025,"Monitor 27""",Periféricos,MG,Marketplace,1,"R$ 1.451,22","12,3%","R$ 1.639,87",nao,1.0
PED-103987,25/03/2025,Cadeira Ergo,Mobiliário,PE,Loja Física,3,"R$ 1.988,75","14,3%","R$ 7.448,41",sim,5.0
PED-103988,20/07/2024,Teclado Mecânico,Periféricos,PE,Televendas,1,"R$ 399,05","13,9%","R$ 376,49",sim,4.0
PED-103989,10/05/2025,Mouse Sem Fio,Periféricos,PR,E-commerce,3,"R$ 175,12","6,3%","R$ 735,80",nao,3.0
PED-103990,02/06/2024,"Monitor 27""",Periféricos,MG,Marketplace,1,"R$ 1.393,43","8,2%","R$ 1.532,74",sim,
PED-103991,02/09/2024,Cadeira Ergo,Mobiliário,SP,Loja Física,4,"R$ 1.735,06","3,1%","R$ 6.140,46",sim,2.0
PED-103992,30/05/2024,Mouse Sem Fio,Periféricos,MG,Televendas,4,"R$ 190,14","8,4%","R$ 882,79",nao,3.0
PED-103993,20/05/2024,Mouse Sem Fio,Periféricos,RJ,Televendas,2,"R$ 195,30","4,9%","R$ 470,45",sim,4.0
PED-103994,14/09/2024,Cadeira Ergo,Mobiliário,MG,Televendas,1,"R$ 1.944,35","13,0%","R$ 1.544,99",nao,5.0
PED-103995,29/06/2025,Cadeira Ergo,Mobiliário,RS,Loja Física,1,"R$ 2.015,96","15,6%","R$ 2.401,28",sim,2.0
PED-103996,11/10/2024,Mouse Sem Fio,Periféricos,PR,Marketplace,7,"R$ 155,36","9,9%","R$ 874,00",nao,4.0
PED-103997,19/03/2024,Teclado Mecânico,Periféricos,PR,Marketplace,2,"R$ 398,86","4,7%","R$ 933,69",sim,3.0
PED-103998,25/04/2025,"Monitor 27""",Periféricos,PR,Televendas,1,"R$ 1.392,95","6,3%","R$ 1.973,65",nao,3.0
PED-103999,11/02/2024,Mesa Ajustável,Mobiliário,MG,Marketplace,2,"R$ 2.363,18","15,2%","R$ 4.520,98",sim,
PED-103626,24/01/2024,Cadeira Ergo,Mobiliário,SP,E-commerce,1,"R$ 1.930,23","13,9%","R$ 1.661,51",sim,2.0
PED-103310,08/05/2025,Notebook Pro,Computadores,RS,E-commerce,4,"R$ 6.146,70","3,9%","R$ 35.334,59",sim,4.0
PED-101142,05/03/2025,"Monitor 27""",Periféricos,SP,Marketplace,3,"R$ 1.315,48","9,9%","R$ 5.178,67",nao,4.0
PED-101767,22/07/2024,Mesa Ajustável,Mobiliário,RJ,,1,"R$ 2.370,21","12,9%","R$ 2.261,62",nao,2.0
PED-102645,26/02/2024,Mouse Sem Fio,Periféricos,MG,E-commerce,4,"R$ 179,00","14,5%","R$ 690,64",nao,3.0
PED-103756,05/06/2025,Headset,Áudio,RJ,Marketplace,1,"R$ 331,50","15,4%","R$ 396,16",nao,4.0
PED-103087,08/05/2024,Teclado Mecânico,Periféricos,MG,Marketplace,1,"R$ 377,68","9,8%","R$ 431,53",nao,1.0
PED-101105,27/03/2024,Mouse Sem Fio,Periféricos,RJ,Loja Física,2,"R$ 177,63","3,5%","R$ 421,25",nao,3.0
PED-103852,23/02/2025,Notebook Pro,Computadores,BA,Marketplace,1,"R$ 7.985,88","11,2%","R$ 9.508,44",nao,3.0
PED-100602,06/05/2024,Notebook Pro,Computadores,SP,Televendas,3,"R$ 7.108,88","2,9%","R$ 26.221,15",nao,5.0
PED-101533,12/06/2024,Mesa Ajustável,Mobiliário,PR,Televendas,3,"R$ 2.176,52","0,0%","R$ 7.827,65",sim,5.0
PED-101707,08/05/2024,Webcam HD,Áudio,PR,Televendas,6,"R$ 314,96","4,2%","R$ 2.292,21",sim,5.0
PED-100250,27/05/2024,Cadeira Ergo,Mobiliário,SP,Televendas,4,"R$ 1.905,77","8,6%","R$ 8.823,79",sim,2.0
PED-103216,19/09/2025,Mouse Sem Fio,Periféricos,RJ,E-commerce,1,"R$ 181,21","12,8%","R$ 168,87",sim,5.0
PED-100693,22/07/2025,Cadeira Ergo,Mobiliário,RJ,Loja Física,2,"R$ 1.808,50","10,0%","R$ 4.193,35",sim,5.0
PED-102914,19/12/2024,Cadeira Ergo,Mobiliário,RJ,E-commerce,3,"R$ 1.626,67","7,4%","R$ 4.731,20",nao,3.0
PED-103795,25/02/2024,Cadeira Ergo,Mobiliário,CE,Televendas,5,"R$ 1.903,61","7,4%","R$ 9.936,23",nao,5.0
PED-102927,26/01/2024,Headset,Áudio,BA,Loja Física,3,"R$ 300,64","9,7%","R$ 814,44",nao,5.0
PED-101522,17/09/2024,Teclado Mecânico,Periféricos,CE,Loja Física,1,"R$ 404,05","0,0%","R$ 368,93",sim,1.0
PED-100883,22/05/2024,Teclado Mecânico,Periféricos,MG,Marketplace,3,"R$ 452,87","9,9%","R$ 1.550,03",sim,5.0
PED-102622,10/01/2024,Webcam HD,Áudio,MG,Loja Física,2,"R$ 286,77","2,2%","R$ 560,74",nao,4.0
PED-103416,15/05/2024,Teclado Mecânico,Periféricos,RJ,Loja Física,5,"R$ 473,16","5,9%","R$ 2.819,11",nao,3.0
PED-100623,05/09/2024,Mesa Ajustável,Mobiliário,BA,Televendas,4,"R$ 2.446,56","8,7%","R$ 8.154,19",nao,2.0
PED-102693,20/05/2024,Mesa Ajustável,Mobiliário,SP,E-commerce,1,"R$ 2.363,82","17,9%","R$ 2.458,18",nao,2.0
PED-100198,03/08/2025,Mesa Ajustável,Mobiliário,MG,E-commerce,1,"R$ 2.388,90","6,0%","R$ 2.607,48",nao,1.0
PED-103625,09/11/2024,Cadeira Ergo,Mobiliário,SP,Televendas,2,"R$ 2.051,97","5,8%","R$ 3.629,59",sim,1.0
PED-103657,27/06/2024,Teclado Mecânico,Periféricos,SC,Televendas,2,"R$ 409,22","15,0%","R$ 834,00",sim,5.0
PED-103947,09/02/2025,Mesa Ajustável,Mobiliário,SC,Televendas,2,"R$ 2.554,95","13,7%","R$ 5.912,82",sim,5.0
PED-101240,22/05/2025,Mesa Ajustável,Mobiliário,SP,Marketplace,1,"R$ 2.302,07","5,6%","R$ 3.251,08",sim,2.0
PED-100915,10/09/2024,Mouse Sem Fio,Periféricos,RS,E-commerce,2,"R$ 184,09","14,7%","R$ 286,87",nao,3.0
PED-103622,03/11/2024,Webcam HD,Áudio,SP,Televendas,3,"R$ 295,59","10,9%","R$ 741,83",nao,2.0
PED-100528,24/06/2025,Webcam HD,Áudio,RJ,Marketplace,1,"R$ 320,42","15,7%","R$ 381,47",sim,4.0
PED-103414,25/02/2025,Cadeira Ergo,Mobiliário,GO,E-commerce,3,"R$ 1.910,13","4,8%","R$ 7.316,04",sim,1.0
PED-100072,06/04/2025,Mesa Ajustável,Mobiliário,MG,Marketplace,1,"R$ 2.454,34","0,0%","R$ 3.712,93",nao,3.0
PED-101231,18/05/2025,"Monitor 27""",Periféricos,RJ,Loja Física,1,"R$ 1.415,51","9,2%","R$ 1.921,79",sim,4.0
PED-101008,02/06/2025,Cadeira Ergo,Mobiliário,SP,Televendas,2,"R$ 1.853,17","1,0%","R$ 5.179,12",sim,5.0
PED-101793,08/03/2025,Headset,Áudio,MG,Televendas,1,"R$ 320,68","6,5%","R$ 436,95",sim,5.0
PED-100240,13/09/2025,Cadeira Ergo,Mobiliário,SP,Televendas,2,"R$ 1.802,62","8,7%","R$ 3.516,65",sim,1.0
PED-100439,05/05/2025,Mesa Ajustável,Mobiliário,BA,Loja Física,5,"R$ 2.504,46","7,4%","R$ 17.344,05",sim,4.0
PED-101109,21/04/2024,Webcam HD,Áudio,SP,E-commerce,1,"R$ 305,01","4,6%","R$ 372,02",sim,3.0
PED-103186,26/06/2024,Headset,Áudio,RJ,Marketplace,4,"R$ 339,87","5,5%","R$ 1.540,24",sim,3.0
PED-101371,18/06/2024,"Monitor 27""",Periféricos,PE,Televendas,1,"R$ 1.423,75","12,6%","R$ 1.491,49",sim,1.0
PED-103167,22/06/2024,Headset,Áudio,SP,Televendas,2,"R$ 293,89","6,1%","R$ 661,77",sim,3.0
PED-102199,17/03/2024,Cadeira Ergo,Mobiliário,SP,Televendas,1,"R$ 1.966,22","14,1%","R$ 2.075,14",sim,2.0
PED-102811,21/06/2025,Headset,Áudio,RS,E-commerce,3,"R$ 329,20","7,5%","R$ 1.290,26",sim,1.0
PED-101314,01/09/2024,Cadeira Ergo,Mobiliário,SP,Marketplace,1,"R$ 1.904,89","3,7%","R$ 1.675,40",sim,3.0
PED-102572,18/03/2024,Cadeira Ergo,Mobiliário,RS,,3,"R$ 1.907,12","10,6%","R$ 6.285,35",nao,4.0
PED-102913,14/08/2025,Mesa Ajustável,Mobiliário,SC,Televendas,1,"R$ 2.316,39","10,9%","R$ 2.395,87",sim,2.0
PED-102007,29/11/2024,Notebook Pro,Computadores,BA,Loja Física,2,"R$ 7.133,57","6,0%","R$ 12.597,80",sim,1.0
PED-100173,30/12/2024,Teclado Mecânico,Periféricos,RJ,E-commerce,1,"R$ 423,50","6,3%","R$ 415,41",nao,5.0
PED-102624,12/01/2025,Mouse Sem Fio,Periféricos,MG,Televendas,4,"R$ 167,12","0,0%","R$ 796,81",nao,2.0
PED-102672,06/01/2024,Webcam HD,Áudio,GO,Marketplace,2,"R$ 278,22","1,7%","R$ 546,79",sim,5.0
PED-102999,08/03/2025,Mouse Sem Fio,Periféricos,SP,Loja Física,2,"R$ 194,22","15,3%","R$ 479,19",nao,4.0
PED-101549,10/06/2024,Headset,Áudio,SC,Televendas,2,"R$ 348,29","0,0%","R$ 835,06",sim,4.0
PED-103277,24/01/2024,Teclado Mecânico,Periféricos,SC,Televendas,2,"R$ 409,58","0,0%","R$ 819,17",nao,5.0
PED-100658,24/04/2024,Mouse Sem Fio,Periféricos,SP,Marketplace,4,"R$ 176,50","5,5%","R$ 852,81",sim,2.0
PED-103202,30/01/2025,"Monitor 27""",Periféricos,RJ,Loja Física,1,"R$ 1.371,51","14,3%","R$ 1.400,99",sim,5.0
PED-100749,27/05/2024,Notebook Pro,Computadores,RS,Marketplace,3,"R$ 7.374,77","5,1%","R$ 26.595,58",nao,3.0
PED-100437,23/03/2024,Mesa Ajustável,Mobiliário,PE,E-commerce,2,"R$ 2.347,45","9,2%","R$ 5.235,24",sim,4.0
PED-103841,23/10/2024,Notebook Pro,Computadores,PR,E-commerce,3,"R$ 6.593,75","9,2%","R$ 16.025,03",nao,3.0
